config,me_truth,me_analytical,rms_pct_truth,rms_pct_analytical,inaccuracy_pct,analytical_us,simulation_ms,speedup,approximate_units
sc_cfg2,-14440.4608,-15640.2447,32.027413,32.750447,2.2575,18.32,84.588,4616,mult_0=DAE mult_1=DAE mult_2=F6B mult_4=HGY mult_5=F6B mult_6=GPF mult_8=HGY adder_3=02E adder_5=0MH adder_7=0MH
sc_cfg3,2069.5451,2062.7002,8.468606,8.461025,0.0895,19.29,36.805,1908,mult_4=AQ1 adder_1=0EM adder_2=0AV adder_3=0Q7 adder_7=02E
sc_cfg4,-9677.1236,-9687.9754,16.084839,16.104563,0.1226,19.99,25.612,1281,mult_4=HGP mult_7=GPF mult_8=HGP
sc_cfg5,-15575.8557,-15651.9609,25.200900,25.317955,0.4645,17.05,96.901,5682,mult_0=GPF mult_1=F6B mult_2=8VH mult_5=HGP mult_6=HGY mult_8=GPF adder_0=0GK adder_1=073 adder_2=0AV adder_3=0DL adder_4=073 adder_5=0M0 adder_6=0DL
sc_cfg6,-6190.9743,-4539.8154,15.029634,14.419292,4.0609,18.52,53.460,2887,mult_1=GPF mult_7=DAE adder_0=0MH adder_1=02E adder_2=0DL adder_4=0DL adder_5=0DL adder_6=02E
sc_cfg7,-184.9661,-436.6814,9.424866,9.444915,0.2127,17.36,94.279,5432,mult_0=5FA mult_2=F6B mult_4=5FA mult_5=AQ1 mult_7=GPF adder_1=02E adder_2=0DL adder_3=0GK adder_4=073 adder_5=0GK adder_6=073 adder_7=073
sc_cfg8,-13831.5319,-14030.3954,22.405977,22.687744,1.2576,16.84,106.661,6334,mult_0=GPF mult_1=5FA mult_4=AQ1 mult_5=CK3 mult_6=GPF mult_7=F6B mult_8=GPF adder_0=02E adder_1=0AV adder_2=0DL adder_3=073 adder_4=0Q7 adder_5=0EM adder_6=0GK
sc_cfg9,-12944.8529,-12949.1037,20.927809,20.932290,0.0214,18.94,61.475,3245,mult_0=CK3 mult_1=GPF mult_2=CK3 mult_3=CK3 mult_5=DAE adder_1=0GK adder_5=0Q7 adder_7=0Q7
sc_cfg10,-15961.6668,-19019.0888,25.469196,30.899773,21.3221,18.14,61.817,3408,mult_2=HGY mult_3=8VH mult_7=HGY mult_8=F6B adder_0=0M0 adder_1=0Q7 adder_3=0GK adder_4=0MH adder_5=0AV adder_6=0Q7
sc_cfg11,-16984.4747,-19704.4135,27.919208,31.900109,14.2586,16.47,112.937,6858,mult_0=F6B mult_1=CK3 mult_2=5FA mult_3=DAE mult_4=DAE mult_5=HGP mult_6=GPF mult_7=AQ1 mult_8=CK3 adder_0=0Q7 adder_1=0DL adder_2=0GK adder_3=0AV adder_4=0MH adder_5=0Q7
sc_cfg12,-96.3816,76.2188,8.738467,8.744071,0.0641,19.43,40.504,2084,mult_1=5FA mult_4=AQ1 adder_2=073 adder_5=0GK adder_6=02E
sc_cfg13,-10556.0140,-12515.0880,18.992940,21.771819,14.6311,18.54,57.883,3122,mult_0=GPF mult_3=CK3 mult_5=DAE mult_6=CK3 adder_0=0M0 adder_1=0EM adder_2=0GK adder_5=02E
sc_cfg14,-17203.4333,-14985.1703,27.551600,24.858617,9.7743,16.92,92.917,5491,mult_1=5FA mult_3=HGP mult_5=AQ1 mult_6=5FA mult_7=F6B adder_0=0MH adder_1=02E adder_2=0EM adder_3=0MH adder_4=0MH adder_5=0Q7 adder_6=0GK adder_7=073
sc_cfg15,-18526.6197,-20447.8819,29.844686,33.580884,12.5188,16.59,99.904,6023,mult_1=DAE mult_2=DAE mult_4=CK3 mult_5=HGP mult_6=CK3 mult_7=F6B mult_8=8VH adder_0=0DL adder_1=0DL adder_2=0GK adder_3=0Q7 adder_4=0GK adder_5=02E adder_6=0M0 adder_7=0M0
sc_cfg16,-4295.9114,-4143.4862,11.156410,10.907782,2.2286,19.03,42.851,2252,mult_2=CK3 mult_7=GPF adder_3=073 adder_4=0DL adder_5=0Q7 adder_7=02E
sc_cfg17,-11723.5313,-11727.3179,19.078816,19.085019,0.0325,18.71,64.326,3438,mult_0=GPF mult_3=5FA mult_5=HGY mult_6=HGP mult_8=F6B adder_0=0AV adder_2=0Q7 adder_6=0AV
sc_cfg18,-2358.9752,-2266.5976,9.149160,9.003512,1.5919,18.86,56.288,2984,mult_1=CK3 mult_5=AQ1 mult_6=AQ1 mult_7=HGY adder_3=0EM adder_5=0AV adder_7=02E
sc_cfg19,-4135.5053,-4117.4995,7.635537,7.613700,0.2860,18.55,67.485,3638,mult_3=DAE mult_4=AQ1 mult_6=CK3 mult_7=5FA adder_1=0DL adder_3=0DL adder_6=0GK adder_7=073
sc_cfg20,-11909.7684,-15998.9934,20.138240,26.173105,29.9672,15.83,134.149,8473,mult_0=DAE mult_1=CK3 mult_2=HGY mult_3=AQ1 mult_4=5FA mult_5=AQ1 mult_6=AQ1 mult_7=GPF mult_8=5FA adder_0=0AV adder_1=0M0 adder_2=0EM adder_3=0GK adder_4=0MH adder_5=0DL adder_6=0EM adder_7=0GK
sc_cfg21,-7511.7912,-7528.8452,14.622566,14.654455,0.2181,19.13,51.965,2717,mult_3=DAE mult_4=DAE mult_7=DAE adder_0=073 adder_2=0MH adder_3=073 adder_6=0AV
sc_cfg22,-18074.3636,-18839.7276,31.833840,36.898833,15.9107,17.18,91.289,5313,mult_0=AQ1 mult_1=8VH mult_2=AQ1 mult_3=HGY mult_5=F6B mult_6=GPF mult_7=GPF mult_8=DAE adder_0=0M0 adder_3=0AV adder_5=0M0 adder_6=0MH adder_7=02E
sc_cfg23,-23606.8258,-23526.4829,37.586538,37.514495,0.1917,16.58,106.600,6429,mult_0=HGY mult_1=F6B mult_2=5FA mult_3=CK3 mult_4=CK3 mult_6=8VH mult_7=CK3 mult_8=5FA adder_0=0GK adder_1=0MH adder_2=073 adder_3=073 adder_5=0GK adder_6=0EM adder_7=0DL
sc_cfg24,-5265.9047,-5191.1002,9.158620,9.061358,1.0620,18.29,60.746,3322,mult_1=DAE mult_4=DAE mult_6=HGP mult_8=8VH adder_1=0EM adder_2=0GK adder_3=0Q7 adder_4=073 adder_5=0DL
sc_cfg25,-18411.8118,-18472.1435,30.416665,30.509660,0.3057,17.19,80.246,4668,mult_0=CK3 mult_2=HGP mult_3=HGY mult_4=HGP mult_5=AQ1 mult_7=DAE adder_1=0Q7 adder_2=0AV adder_3=0MH adder_4=0M0 adder_5=0M0 adder_6=0GK adder_7=073
sc_cfg26,-13385.8107,-13363.8773,23.146018,23.118726,0.1179,18.49,50.360,2723,mult_2=HGY mult_5=CK3 mult_6=8VH adder_0=0M0 adder_1=02E adder_2=0AV adder_3=0AV adder_7=073
sc_cfg27,-293.2968,-299.3147,2.138059,2.144969,0.3232,19.91,28.114,1412,adder_3=0GK adder_5=0AV adder_6=0Q7
sc_cfg28,-7111.9689,-7073.4539,14.721066,14.685946,0.2386,19.63,36.920,1880,mult_0=GPF mult_6=HGP adder_0=02E adder_1=02E adder_6=0AV
sc_cfg29,-1802.9855,-1802.9203,3.016593,3.016428,0.0055,19.51,24.623,1262,mult_0=HGP mult_8=HGY adder_2=0Q7 adder_3=0DL
sc_cfg30,-13372.6771,-9706.6737,22.761714,18.830636,17.2706,15.94,110.036,6904,mult_0=F6B mult_1=HGP mult_2=AQ1 mult_3=HGY mult_4=5FA mult_5=DAE mult_7=HGP mult_8=AQ1 adder_0=0MH adder_1=0AV adder_2=0Q7 adder_3=0M0 adder_4=02E adder_5=0EM adder_6=02E adder_7=0M0
sc_cfg31,2570.3261,-136.2453,13.549097,12.737705,5.9885,18.98,42.719,2250,mult_2=CK3 mult_6=DAE adder_2=0Q7 adder_4=0EM adder_6=0EM adder_7=0MH
sc_cfg32,-5284.6931,-5244.7623,9.728247,9.661302,0.6882,18.78,53.262,2836,mult_0=GPF mult_4=F6B mult_5=F6B mult_7=HGY adder_2=0AV adder_6=0DL adder_7=0M0
sc_cfg33,-16069.6881,-14815.8056,27.226187,25.262923,7.2109,17.66,80.445,4554,mult_0=HGY mult_1=DAE mult_2=8VH mult_4=8VH mult_7=CK3 mult_8=CK3 adder_1=0AV adder_3=073 adder_5=02E adder_6=0AV adder_7=0AV
sc_cfg34,-23820.3589,-24127.7406,37.738234,38.252917,1.3638,16.40,99.655,6077,mult_0=CK3 mult_1=8VH mult_2=HGY mult_3=HGY mult_4=HGY mult_5=DAE mult_6=HGP mult_7=AQ1 mult_8=DAE adder_0=0Q7 adder_1=0EM adder_2=0Q7 adder_4=0GK adder_5=0M0 adder_7=0Q7
sc_cfg35,-17021.3908,-17042.5387,27.189231,27.224480,0.1296,16.99,95.481,5619,mult_0=HGP mult_1=F6B mult_2=HGP mult_3=5FA mult_5=GPF mult_6=HGY mult_7=DAE mult_8=HGY adder_0=02E adder_1=0Q7 adder_4=0AV adder_5=0Q7 adder_7=073
sc_cfg36,-13045.2200,-13032.4461,21.347081,21.329006,0.0847,18.01,78.310,4348,mult_1=AQ1 mult_2=AQ1 mult_3=CK3 mult_5=8VH mult_8=8VH adder_1=0M0 adder_2=073 adder_4=0Q7 adder_5=0DL adder_7=0GK
sc_cfg37,-14526.4390,-16837.2055,26.321275,33.392154,26.8637,17.95,76.398,4256,mult_0=GPF mult_1=CK3 mult_2=F6B mult_4=8VH mult_5=AQ1 mult_6=HGP mult_7=DAE adder_1=02E adder_2=0Q7 adder_5=0MH
sc_cfg38,-6546.7400,-6560.4008,11.640151,11.662131,0.1888,18.36,74.880,4078,mult_2=5FA mult_3=5FA mult_4=HGP adder_0=0M0 adder_2=0EM adder_3=073 adder_5=0DL adder_7=073
sc_cfg39,-4078.0611,-4081.8469,7.219784,7.227169,0.1023,20.08,24.789,1234,mult_5=5FA mult_6=8VH
sc_cfg40,-2297.6804,-2297.6041,5.528733,5.520292,0.1527,18.77,38.954,2075,mult_5=F6B mult_8=HGY adder_0=0GK adder_1=073 adder_2=0EM adder_3=0Q7
sc_cfg41,-10681.5984,-10703.5580,17.767015,17.797820,0.1734,19.79,22.365,1130,mult_4=HGY mult_6=GPF adder_0=0M0
sc_cfg42,-4077.0832,-4080.8634,7.218386,7.225692,0.1012,20.38,12.996,638,mult_6=8VH
sc_cfg43,-2983.1909,-2984.0904,5.024045,5.025186,0.0227,18.94,40.919,2160,mult_7=HGY mult_8=HGY adder_1=0Q7 adder_4=0AV adder_5=073 adder_6=0M0
sc_cfg44,-17974.1651,-17987.5261,28.795389,28.814280,0.0656,19.24,60.110,3125,mult_1=GPF mult_3=8VH mult_5=GPF mult_6=8VH adder_5=0AV adder_7=0EM
sc_cfg45,-24034.5179,-23289.3268,39.046174,37.913963,2.8997,18.63,63.808,3425,mult_3=GPF mult_4=HGP mult_6=8VH mult_7=HGY mult_8=F6B adder_1=0MH adder_4=0EM adder_6=02E
sc_cfg46,-6209.6933,-6208.0517,10.837974,10.841342,0.0311,19.29,44.066,2284,mult_2=HGP mult_3=F6B mult_8=8VH adder_1=0AV adder_5=0M0
sc_cfg47,1436.1858,1422.7836,8.887262,8.896340,0.1021,19.95,14.678,736,adder_0=0Q7 adder_4=02E
sc_cfg48,-14315.5238,-12748.7189,25.927438,25.143937,3.0219,15.92,118.809,7465,mult_0=DAE mult_1=DAE mult_2=F6B mult_3=DAE mult_4=HGY mult_5=5FA mult_6=GPF mult_7=CK3 adder_0=073 adder_1=02E adder_2=02E adder_3=0M0 adder_4=02E adder_5=0M0 adder_6=02E adder_7=073
sc_cfg49,-4969.7312,-4974.6241,8.466736,8.475259,0.1007,20.00,18.804,940,mult_6=HGP mult_8=GPF
sc_cfg50,-18731.7218,-17963.9847,32.024676,34.418744,7.4757,16.63,95.075,5718,mult_1=HGP mult_2=GPF mult_3=AQ1 mult_4=DAE mult_5=8VH mult_7=8VH adder_0=073 adder_1=0EM adder_2=0M0 adder_3=0DL adder_4=0DL adder_5=0MH adder_6=0DL adder_7=02E
sc_cfg51,-13869.8427,-13557.6239,23.932369,23.589018,1.4347,17.59,75.948,4317,mult_1=F6B mult_3=GPF mult_5=GPF mult_7=CK3 mult_8=HGY adder_0=0DL adder_1=0AV adder_2=0M0 adder_4=0EM adder_5=0AV adder_7=02E
sc_cfg52,-9808.4793,-9806.6223,16.163906,16.169673,0.0357,18.72,54.587,2916,mult_0=DAE mult_1=F6B mult_2=HGP mult_6=GPF adder_1=0EM adder_5=0GK adder_7=073
sc_cfg53,-5893.5876,-5898.5429,10.425628,10.434543,0.0855,18.96,46.688,2462,mult_4=DAE mult_5=GPF adder_0=0EM adder_3=073 adder_6=0Q7 adder_7=073
sc_cfg54,-10691.9387,-12554.8962,25.086615,23.097048,7.9308,18.46,60.025,3251,mult_0=GPF mult_3=CK3 mult_6=HGP mult_7=CK3 mult_8=GPF adder_4=073 adder_5=0M0 adder_7=0MH
sc_cfg55,1.1728,1.1594,0.015106,0.015109,0.0214,19.97,21.479,1076,adder_0=0AV adder_2=0Q7
sc_cfg56,-17054.0776,-16863.1423,28.623870,28.370051,0.8867,18.10,70.010,3868,mult_2=CK3 mult_3=GPF mult_7=DAE adder_0=02E adder_2=0MH adder_3=0GK adder_4=0DL adder_5=0M0 adder_6=0Q7
sc_cfg57,-9015.3529,-8800.9106,18.033156,17.743967,1.6037,18.24,66.607,3652,mult_0=GPF mult_4=HGP mult_5=F6B mult_6=F6B mult_7=GPF mult_8=HGY adder_0=0EM adder_3=0Q7 adder_7=02E
sc_cfg58,-6740.3175,-7441.2462,14.509085,15.356373,5.8397,18.64,52.386,2810,mult_0=F6B mult_5=GPF mult_7=CK3 adder_0=073 adder_2=0Q7 adder_3=0M0 adder_4=02E
sc_cfg59,-5838.6445,-5843.0459,10.348468,10.353991,0.0534,19.91,19.913,1000,mult_3=CK3 adder_3=0M0
sc_cfg60,-12815.8467,-13925.2261,22.456591,24.278192,8.1117,16.97,101.083,5956,mult_0=GPF mult_3=AQ1 mult_4=GPF mult_5=F6B mult_6=HGP mult_7=AQ1 mult_8=8VH adder_0=0AV adder_2=0DL adder_4=073 adder_5=0Q7 adder_6=02E adder_7=0DL
sc_cfg61,-10538.1413,-10587.2056,17.579027,17.648117,0.3930,17.93,63.560,3546,mult_0=DAE mult_2=GPF mult_3=CK3 adder_0=02E adder_1=02E adder_2=0AV adder_3=0Q7 adder_4=0DL adder_5=0AV
sc_cfg62,-5846.5323,-5849.8343,9.724463,9.730933,0.0665,19.32,40.682,2106,mult_0=F6B mult_6=GPF mult_8=HGP adder_2=073 adder_5=0AV
sc_cfg63,-2751.0814,-2753.0249,6.344966,6.339264,0.0899,20.15,7.710,383,adder_3=02E
sc_cfg64,-12371.9470,-12381.9160,21.316381,21.339981,0.1107,17.35,99.554,5739,mult_0=5FA mult_2=GPF mult_4=CK3 mult_5=5FA mult_6=AQ1 mult_7=AQ1 mult_8=8VH adder_1=0MH adder_2=0DL adder_3=0EM adder_4=0M0 adder_6=0AV
sc_cfg65,-6715.4132,-6905.3000,11.310034,11.579652,2.3839,17.56,79.456,4525,mult_0=DAE mult_1=DAE mult_4=5FA mult_6=HGY mult_7=HGP adder_1=0DL adder_2=0GK adder_3=0Q7 adder_4=0DL adder_6=073 adder_7=0EM
sc_cfg66,-7460.2485,-7339.4191,18.806765,18.725752,0.4308,18.27,53.177,2911,mult_1=HGY mult_5=DAE mult_8=F6B adder_1=02E adder_2=02E adder_5=02E adder_6=0Q7 adder_7=073
sc_cfg67,-7945.6190,-10578.9081,15.673952,19.206033,22.5347,17.72,73.145,4127,mult_1=F6B mult_2=8VH mult_6=HGY mult_7=F6B mult_8=DAE adder_1=0M0 adder_2=0AV adder_3=073 adder_4=073 adder_5=02E
sc_cfg68,-131.4250,-149.3880,8.490168,8.485258,0.0578,19.93,25.000,1254,mult_0=5FA adder_6=02E
sc_cfg69,-15800.7840,-15730.6109,25.233036,25.453879,0.8752,18.83,50.098,2660,mult_2=HGY mult_3=HGP mult_4=5FA mult_7=HGP adder_1=0MH adder_4=0MH adder_7=0GK
sc_cfg70,-16305.4786,-11392.4625,26.608722,20.950121,21.2660,19.00,47.650,2508,mult_2=AQ1 mult_3=8VH mult_4=GPF adder_0=0DL adder_4=02E adder_5=0Q7
sc_cfg71,24.5121,24.4933,0.045403,0.045367,0.0790,19.97,26.615,1333,mult_6=5FA mult_7=AQ1
sc_cfg72,-6033.7447,-6272.0765,14.011426,13.939103,0.5162,18.25,55.718,3053,mult_4=DAE mult_5=HGP adder_0=0GK adder_1=0DL adder_2=0AV adder_5=02E adder_6=0M0 adder_7=0Q7
sc_cfg73,-1878.7396,-1844.9208,9.193141,9.105599,0.9523,19.52,31.847,1632,mult_3=AQ1 mult_6=GPF adder_3=0DL adder_7=02E
sc_cfg74,-11586.5569,-10924.3119,19.068014,18.142516,4.8537,17.43,98.954,5678,mult_0=CK3 mult_1=AQ1 mult_3=AQ1 mult_4=5FA mult_5=GPF mult_6=GPF mult_7=AQ1 mult_8=DAE adder_0=0AV adder_1=0EM adder_5=0GK adder_6=0GK
sc_cfg75,-18982.5683,-19499.3643,31.673617,32.378274,2.2247,17.61,85.663,4864,mult_0=5FA mult_2=HGP mult_4=HGY mult_5=HGP mult_6=DAE mult_7=HGY mult_8=GPF adder_0=0DL adder_1=0M0 adder_2=0EM adder_5=0GK adder_6=02E
sc_cfg76,-13101.2486,-11890.2539,22.579287,26.144695,15.7906,19.26,39.058,2028,mult_3=DAE mult_4=GPF adder_1=0DL adder_3=0EM adder_5=0MH
sc_cfg77,-24519.6228,-24877.7349,39.636159,43.119252,8.7877,17.54,72.851,4154,mult_2=DAE mult_3=8VH mult_5=HGP mult_6=CK3 adder_0=0EM adder_1=0MH adder_2=0GK adder_3=0DL adder_5=0MH adder_6=0EM adder_7=0AV
sc_cfg78,-0.5014,-0.4958,0.004206,0.004193,0.3120,20.23,9.416,465,adder_5=0EM
sc_cfg79,-2169.5490,-2161.2862,3.841215,3.830512,0.2786,20.16,10.761,534,mult_7=CK3
sc_cfg80,-7297.5721,-5598.0435,22.266126,23.487700,5.4862,17.24,99.827,5792,mult_1=8VH mult_2=5FA mult_3=DAE mult_5=DAE mult_6=AQ1 mult_8=F6B adder_1=0DL adder_2=073 adder_3=0EM adder_4=0DL adder_6=0MH adder_7=02E
sc_cfg81,-2646.7796,-2715.0328,5.474755,5.560985,1.5751,18.66,63.944,3426,mult_0=GPF mult_4=DAE mult_6=5FA mult_8=HGP adder_1=0GK adder_2=0GK adder_5=0GK adder_6=0M0
sc_cfg82,-18901.5965,-20134.5004,30.983914,33.095475,6.8150,15.69,111.392,7099,mult_0=DAE mult_1=CK3 mult_2=HGY mult_3=HGP mult_4=F6B mult_5=F6B mult_6=8VH mult_7=CK3 mult_8=AQ1 adder_0=0AV adder_1=02E adder_2=0AV adder_3=02E adder_4=073 adder_5=02E adder_6=0GK adder_7=073
sc_cfg83,-6671.1313,-6643.2353,11.155104,11.119472,0.3194,19.35,38.621,1996,mult_2=HGY mult_4=DAE mult_7=F6B mult_8=GPF adder_7=0GK
sc_cfg84,-684.6659,-670.3980,9.640492,9.610296,0.3132,18.53,72.430,3909,mult_1=5FA mult_5=F6B mult_7=F6B mult_8=GPF adder_0=0Q7 adder_1=0GK adder_2=02E adder_6=0Q7
sc_cfg85,-3891.7971,-3774.0599,11.265602,11.050091,1.9130,19.37,42.988,2220,mult_3=HGY mult_6=5FA adder_3=0EM adder_5=073 adder_7=02E
sc_cfg86,1689.1640,-148.8210,12.473880,12.434351,0.3169,18.86,49.557,2628,mult_1=GPF mult_2=DAE adder_2=02E adder_4=02E adder_5=0DL adder_7=073
sc_cfg87,-24970.7223,-30163.6191,39.624428,47.968216,21.0572,19.07,41.136,2157,mult_1=HGY mult_2=GPF mult_3=8VH mult_4=HGY mult_5=GPF adder_4=0MH
sc_cfg88,-8913.0927,-8897.0971,14.913085,14.893890,0.1287,16.92,103.839,6137,mult_0=HGY mult_2=5FA mult_3=DAE mult_5=CK3 mult_7=HGP mult_8=5FA adder_1=0GK adder_2=0Q7 adder_3=0Q7 adder_4=0AV adder_5=0Q7 adder_6=0AV adder_7=0M0
sc_cfg89,-11017.9519,-9803.1406,32.225752,26.786902,16.8773,18.77,54.177,2886,mult_0=DAE mult_2=HGY mult_3=AQ1 mult_6=8VH mult_7=5FA adder_5=0MH adder_7=0MH
sc_cfg90,-2773.6674,-2665.1597,12.449632,12.246399,1.6324,19.17,30.537,1593,mult_8=HGY adder_0=02E adder_1=0MH adder_2=0EM adder_7=02E
sc_cfg91,-6939.4735,-6821.4292,15.415076,15.119790,1.9156,17.03,96.152,5647,mult_0=HGP mult_1=5FA mult_3=AQ1 mult_4=8VH mult_6=F6B mult_7=HGY adder_0=0Q7 adder_1=073 adder_2=0DL adder_3=0Q7 adder_4=073 adder_6=0M0 adder_7=02E
sc_cfg92,58.3713,58.1463,0.163745,0.163412,0.2035,19.21,40.155,2090,mult_1=AQ1 adder_1=073 adder_3=0AV adder_6=0M0 adder_7=0AV
sc_cfg93,3.1820,3.1592,0.015940,0.015933,0.0465,20.06,17.307,863,mult_0=AQ1 adder_2=0Q7
sc_cfg94,-22620.9713,-26552.1014,36.777302,43.019212,16.9722,17.07,100.619,5896,mult_0=5FA mult_2=F6B mult_3=8VH mult_4=CK3 mult_5=GPF mult_6=DAE mult_8=HGY adder_0=0MH adder_1=0AV adder_2=0MH adder_3=02E adder_4=0MH adder_5=0EM
sc_cfg95,-11019.9142,-11029.3247,19.204395,19.210887,0.0338,18.55,70.325,3791,mult_2=F6B mult_3=CK3 mult_5=GPF mult_6=DAE mult_7=5FA adder_0=02E adder_1=0Q7 adder_4=0Q7
sc_cfg96,-13594.5442,-15619.9977,22.950711,25.982889,13.2117,18.83,47.679,2532,mult_2=CK3 mult_5=HGY adder_0=0M0 adder_2=0DL adder_3=0M0 adder_4=0MH adder_5=0Q7 adder_6=0DL
sc_cfg97,-3646.3802,-3654.4375,7.274255,7.287256,0.1787,18.69,68.483,3665,mult_1=5FA mult_3=F6B mult_5=5FA mult_7=8VH adder_2=0GK adder_4=0AV adder_5=073 adder_6=0Q7
sc_cfg98,-13179.3455,-11641.4670,23.814658,26.738954,12.2794,17.87,66.125,3700,mult_0=8VH mult_3=F6B mult_5=CK3 mult_8=GPF adder_0=0MH adder_1=0M0 adder_4=0GK adder_5=0MH adder_6=0EM adder_7=0Q7
sc_cfg99,-10082.3918,-10079.6367,16.841155,16.839401,0.0104,18.51,59.326,3206,mult_3=DAE mult_5=8VH mult_6=8VH adder_1=0DL adder_3=0M0 adder_4=0EM adder_6=0GK adder_7=0Q7
sc_cfg100,-23892.6736,-16278.2967,38.417820,33.749601,12.1512,16.89,81.866,4846,mult_0=HGP mult_2=HGP mult_3=HGY mult_5=HGP mult_7=F6B mult_8=GPF adder_1=0DL adder_2=0M0 adder_3=0AV adder_4=02E adder_5=0EM adder_6=0MH adder_7=0EM
sc_cfg101,-8162.5032,-7446.5446,16.182932,15.371183,5.0161,18.95,39.137,2065,mult_2=F6B mult_8=AQ1 adder_1=0Q7 adder_2=0MH adder_6=0GK adder_7=0GK
sc_cfg102,-17965.7361,-19680.8733,29.832449,32.158487,7.7970,17.26,80.642,4672,mult_2=8VH mult_5=GPF mult_6=HGP mult_7=8VH mult_8=CK3 adder_1=02E adder_2=0GK adder_3=0M0 adder_4=02E adder_5=073 adder_6=0DL adder_7=073
sc_cfg103,-4969.7312,-4974.6241,8.466736,8.475259,0.1007,20.11,16.916,841,mult_6=8VH mult_8=8VH
sc_cfg104,-11986.4041,-12001.3009,20.023664,20.047763,0.1204,17.54,76.561,4365,mult_1=GPF mult_2=CK3 mult_3=F6B mult_5=F6B mult_6=HGY adder_0=0AV adder_1=0MH adder_2=0AV adder_3=0Q7 adder_4=0Q7 adder_7=0EM
sc_cfg105,-3729.1854,-3729.3073,9.231179,9.227054,0.0447,19.32,48.232,2497,mult_1=GPF mult_2=5FA mult_3=DAE mult_8=AQ1 adder_3=0MH
sc_cfg106,-4078.2542,-4081.9133,7.220351,7.227436,0.0981,19.36,59.899,3094,mult_0=5FA mult_4=5FA mult_6=CK3 mult_7=5FA adder_7=0Q7
sc_cfg107,-12433.8665,-12441.9166,20.601940,20.619640,0.0859,19.37,33.882,1749,mult_4=HGP mult_5=HGP adder_0=0Q7 adder_1=073 adder_6=0M0
sc_cfg108,1226.8432,-2985.7326,14.524606,14.064407,3.1684,17.25,102.740,5955,mult_0=HGP mult_4=5FA mult_5=HGP mult_7=DAE mult_8=5FA adder_0=0Q7 adder_2=0Q7 adder_3=0M0 adder_4=0DL adder_5=0AV adder_6=073 adder_7=0MH
sc_cfg109,-19647.8121,-16031.1342,33.082509,32.370805,2.1513,17.27,87.160,5047,mult_1=HGP mult_2=HGP mult_3=DAE mult_4=8VH mult_7=DAE mult_8=F6B adder_0=0M0 adder_1=0Q7 adder_2=0AV adder_3=0DL adder_4=0Q7 adder_5=02E adder_6=0MH
sc_cfg110,29.8946,30.0437,0.135907,0.135745,0.1188,19.62,22.946,1169,adder_1=0M0 adder_6=0Q7 adder_7=0Q7
sc_cfg111,-3229.3042,-6773.2158,18.636446,17.260563,7.3828,17.09,107.943,6315,mult_0=HGY mult_1=DAE mult_2=AQ1 mult_3=HGP mult_4=5FA mult_5=5FA mult_6=8VH mult_8=5FA adder_0=0Q7 adder_3=0DL adder_5=0AV adder_6=0EM adder_7=0MH
sc_cfg112,-23501.0958,-23559.5838,37.455453,37.545702,0.2409,16.88,87.516,5185,mult_2=HGP mult_3=CK3 mult_4=HGP mult_5=CK3 mult_6=AQ1 mult_8=GPF adder_0=073 adder_1=0EM adder_2=0AV adder_3=0GK adder_4=0Q7 adder_5=073 adder_7=073
sc_cfg113,-12174.3067,-12162.1095,21.058094,21.032527,0.1214,18.63,77.108,4138,mult_0=5FA mult_4=8VH mult_5=DAE mult_7=DAE mult_8=5FA adder_3=0DL adder_4=0MH adder_7=0M0
sc_cfg114,-22012.5370,-23845.1996,35.991210,38.717474,7.5748,16.68,107.959,6474,mult_0=CK3 mult_1=HGY mult_2=8VH mult_3=HGP mult_4=CK3 mult_6=GPF mult_8=DAE adder_0=02E adder_1=0AV adder_2=0DL adder_3=0AV adder_5=0EM adder_6=02E adder_7=0DL
sc_cfg115,-6558.1451,-1970.4266,15.650269,13.816627,11.7164,18.40,60.849,3308,mult_2=DAE mult_3=8VH mult_6=F6B mult_7=DAE adder_3=0EM adder_4=02E adder_5=0EM adder_7=02E
sc_cfg116,6.4489,53.2744,10.893928,10.898879,0.0454,19.28,39.616,2055,mult_3=5FA mult_7=AQ1 adder_0=0MH adder_1=02E adder_3=0Q7
sc_cfg117,-26678.5376,-27140.1073,42.242107,42.946525,1.6676,17.25,93.504,5420,mult_1=F6B mult_2=HGP mult_3=8VH mult_4=8VH mult_5=CK3 mult_6=5FA mult_7=8VH mult_8=F6B adder_0=0EM adder_1=02E adder_3=0AV adder_5=0GK adder_6=0DL
sc_cfg118,-13176.8672,-13195.8423,21.414252,21.440495,0.1225,18.34,73.689,4018,mult_0=HGP mult_2=5FA mult_4=8VH mult_6=HGY mult_8=F6B adder_1=0M0 adder_2=0AV adder_3=02E adder_6=0AV
sc_cfg119,-5184.6066,-5190.0468,8.767727,8.777049,0.1063,19.30,49.756,2578,mult_0=DAE mult_6=GPF mult_7=AQ1 mult_8=GPF adder_3=0EM
sc_cfg120,-17687.0253,-27217.3716,29.260844,42.784992,46.2193,16.31,119.316,7316,mult_0=DAE mult_1=F6B mult_3=GPF mult_4=5FA mult_5=DAE mult_6=DAE mult_7=HGY mult_8=HGP adder_1=0Q7 adder_2=0EM adder_3=0AV adder_4=0MH adder_5=0GK adder_6=0MH adder_7=073
sc_cfg121,-3168.5882,-3153.2292,6.186138,6.163865,0.3600,19.83,28.578,1441,mult_0=AQ1 mult_4=F6B mult_7=CK3
sc_cfg122,-2163.8351,-2167.8068,3.832995,3.836563,0.0931,20.23,12.877,637,mult_1=GPF
sc_cfg123,-313.9472,-449.3698,9.333337,9.231668,1.0893,18.37,56.258,3062,mult_0=CK3 mult_1=8VH mult_2=F6B mult_4=AQ1 adder_2=073 adder_4=0DL adder_5=0M0 adder_7=02E
sc_cfg124,-6757.9537,-6760.5383,11.613780,11.618896,0.0440,19.72,23.655,1200,mult_5=CK3 mult_8=8VH adder_5=0Q7
sc_cfg125,-301.3370,-303.3137,2.286200,2.287942,0.0762,19.06,35.602,1868,mult_7=DAE adder_2=0GK adder_3=0DL adder_6=0EM adder_7=0M0
sc_cfg126,-21762.3478,-21775.3308,34.749837,34.772730,0.0659,16.34,99.807,6107,mult_0=8VH mult_1=DAE mult_2=AQ1 mult_3=HGY mult_4=HGY mult_5=8VH mult_7=F6B mult_8=HGP adder_0=0EM adder_1=0GK adder_2=0MH adder_3=0EM adder_4=0M0 adder_6=0Q7 adder_7=0Q7
sc_cfg127,-6970.7770,-6986.1687,13.985694,14.016796,0.2224,19.81,30.252,1527,mult_1=AQ1 mult_6=5FA adder_2=0MH
sc_cfg128,-894.1302,-892.5754,1.582253,1.580396,0.1174,20.08,16.055,800,mult_0=HGY adder_6=0AV
sc_cfg129,519.5993,518.6180,4.398346,4.392153,0.1408,19.77,30.379,1537,mult_6=F6B adder_5=0EM adder_6=0Q7
sc_cfg130,-13467.8589,-14209.8467,23.119320,24.149580,4.4563,17.61,75.161,4268,mult_0=HGY mult_2=DAE mult_4=GPF mult_7=F6B adder_1=073 adder_2=0M0 adder_3=0GK adder_4=0MH adder_5=0AV adder_6=0M0 adder_7=0GK
sc_cfg131,-7499.5913,-7486.7748,12.405660,12.395217,0.0842,18.42,61.171,3322,mult_1=HGP mult_3=AQ1 mult_4=DAE mult_6=GPF mult_8=8VH adder_4=073 adder_5=0GK adder_7=0EM
sc_cfg132,-9410.6772,-9377.3295,23.154338,23.151272,0.0132,19.13,33.616,1758,mult_2=GPF adder_1=073 adder_3=0M0 adder_4=0EM adder_5=0MH
sc_cfg133,24.0053,23.9945,0.044623,0.044600,0.0526,20.42,18.838,923,mult_6=5FA
sc_cfg134,-722.5244,-719.7858,1.424858,1.422315,0.1785,19.52,47.789,2449,mult_0=GPF mult_4=5FA adder_0=0DL adder_5=0AV adder_7=0AV
sc_cfg135,-4997.9127,-6974.9115,11.835964,14.227168,20.2029,19.27,37.237,1933,mult_1=HGY mult_6=8VH adder_0=0GK adder_3=0EM adder_5=02E adder_6=0DL
sc_cfg136,-7949.2081,-7930.1155,13.340662,13.312008,0.2148,19.28,36.089,1872,mult_0=HGY mult_3=CK3 mult_4=AQ1 adder_1=0EM adder_7=0GK
sc_cfg137,-12852.0257,-12863.2665,21.041632,21.056588,0.0711,17.32,100.352,5793,mult_0=DAE mult_1=8VH mult_2=5FA mult_4=CK3 mult_6=CK3 mult_8=5FA adder_0=0EM adder_1=0AV adder_2=0GK adder_3=0EM adder_5=0AV adder_7=0M0
sc_cfg138,16.5773,16.5891,0.051709,0.051744,0.0669,20.69,10.873,526,adder_6=073
sc_cfg139,-7004.6813,-7013.8378,12.132093,12.147846,0.1298,18.70,46.721,2499,mult_0=HGY mult_5=HGP mult_7=DAE adder_2=0Q7 adder_3=0GK adder_4=0AV adder_6=073
sc_cfg140,-9779.9803,-13198.5749,17.476383,22.489720,28.6864,19.17,50.325,2626,mult_3=CK3 mult_5=DAE mult_7=CK3 adder_1=0EM adder_4=0MH adder_6=0GK
sc_cfg141,-6427.0131,-6416.2651,10.668291,10.656986,0.1060,19.56,32.128,1642,mult_0=DAE mult_2=HGP mult_7=HGP adder_0=0M0
sc_cfg142,-4077.0832,-4080.8634,7.218386,7.225692,0.1012,20.24,14.159,700,mult_6=8VH
sc_cfg143,-8481.8041,-8476.7668,15.682035,15.674454,0.0483,19.14,44.186,2308,mult_5=HGY mult_6=8VH mult_7=5FA adder_0=0MH adder_1=0DL
sc_cfg144,-739.7841,-745.6546,3.267228,3.276406,0.2809,19.56,24.238,1239,adder_2=0GK adder_3=0GK adder_5=0DL
sc_cfg145,-8109.0614,-8172.1464,13.130905,13.223672,0.7065,17.57,90.979,5177,mult_0=CK3 mult_1=HGP mult_4=5FA mult_6=GPF mult_8=CK3 adder_0=0Q7 adder_1=0M0 adder_3=073 adder_4=0M0 adder_5=0Q7 adder_7=0DL
sc_cfg146,-27816.0766,-22990.7015,44.278150,41.941651,5.2769,15.92,100.654,6323,mult_0=8VH mult_1=AQ1 mult_2=F6B mult_3=CK3 mult_5=CK3 mult_6=HGY mult_7=HGY mult_8=HGP adder_0=0DL adder_1=0DL adder_2=0AV adder_3=073 adder_4=0GK adder_5=0Q7 adder_6=0MH adder_7=0DL
sc_cfg147,-2321.3395,-2340.2083,9.450245,9.418196,0.3391,19.68,25.677,1305,mult_1=8VH adder_1=0Q7 adder_2=0DL adder_6=02E
sc_cfg148,-792.7643,-793.0813,1.594549,1.596915,0.1484,18.53,51.706,2791,mult_0=CK3 mult_8=5FA adder_0=0M0 adder_1=0DL adder_2=0DL adder_4=073 adder_5=0EM
sc_cfg149,2617.2316,2579.4760,9.890201,9.788336,1.0300,19.81,24.388,1231,mult_2=F6B mult_8=AQ1 adder_7=02E
sc_cfg150,-17967.5262,-17575.4393,30.337398,29.507582,2.7353,18.85,48.589,2578,mult_0=AQ1 mult_2=8VH mult_3=GPF mult_4=HGY mult_8=HGP adder_5=02E adder_6=0EM
sc_cfg151,-6502.0537,-6467.8050,13.974549,13.947976,0.1902,19.11,43.998,2303,mult_0=AQ1 mult_1=AQ1 mult_6=8VH mult_7=DAE mult_8=HGY adder_1=02E
sc_cfg152,-5984.9920,-6006.0909,11.144375,11.169890,0.2289,18.79,47.551,2530,mult_3=HGP mult_7=AQ1 adder_0=0GK adder_2=0GK adder_4=0M0 adder_5=073 adder_6=0GK
sc_cfg153,-13012.1732,-13000.7641,21.028874,21.013497,0.0731,18.17,70.285,3869,mult_1=HGP mult_2=HGP mult_3=DAE mult_5=CK3 mult_8=F6B adder_0=0AV adder_1=0M0 adder_3=0M0 adder_5=0DL adder_6=0M0
sc_cfg154,-13985.0331,-14014.7104,22.850284,22.894638,0.1941,18.12,73.752,4070,mult_0=HGY mult_3=GPF mult_4=8VH mult_6=5FA mult_8=HGY adder_1=073 adder_2=0DL adder_3=0Q7 adder_5=0EM adder_6=073
sc_cfg155,-5369.2631,-5712.0649,9.341062,9.810476,5.0253,18.39,53.125,2889,mult_0=AQ1 mult_2=HGP mult_8=HGP adder_1=0AV adder_4=0M0 adder_5=0GK adder_6=0EM adder_7=0GK
sc_cfg156,-1449.0906,1357.4673,23.743258,23.691053,0.2199,17.62,83.892,4761,mult_0=AQ1 mult_2=AQ1 mult_3=5FA mult_4=CK3 mult_7=5FA adder_0=0DL adder_2=02E adder_3=0MH adder_5=0MH adder_6=0Q7 adder_7=02E
sc_cfg157,-21158.9230,-21184.5192,34.986421,34.771656,0.6139,16.73,89.778,5365,mult_0=F6B mult_1=DAE mult_2=CK3 mult_3=HGY mult_4=HGY mult_5=AQ1 mult_6=HGY mult_7=F6B mult_8=8VH adder_0=0AV adder_1=0EM adder_4=073 adder_5=0DL adder_7=02E
sc_cfg158,-18277.3345,-18188.1856,30.603736,30.570348,0.1091,17.01,98.190,5771,mult_0=5FA mult_1=8VH mult_2=HGP mult_3=GPF mult_4=HGP mult_5=F6B mult_8=CK3 adder_0=0AV adder_1=0EM adder_2=0M0 adder_4=0DL adder_5=0GK adder_7=02E
sc_cfg159,-4337.1215,-4274.2999,7.195298,7.105008,1.2548,19.35,42.981,2221,mult_1=CK3 mult_5=AQ1 mult_7=GPF adder_5=0EM adder_6=0DL
sc_cfg160,-893.3876,-891.8181,1.581266,1.579391,0.1186,20.24,13.609,673,mult_0=GPF
sc_cfg161,-24226.0382,-21069.6062,42.838089,35.897755,16.2013,15.83,118.771,7504,mult_0=5FA mult_1=CK3 mult_2=HGP mult_3=F6B mult_4=F6B mult_5=5FA mult_6=CK3 mult_7=HGY mult_8=HGY adder_0=0EM adder_1=0DL adder_2=0MH adder_3=0GK adder_4=073 adder_5=0DL adder_6=0EM adder_7=0MH
sc_cfg162,-15293.0541,-15298.5169,24.671002,24.681026,0.0406,16.79,102.897,6130,mult_0=5FA mult_1=DAE mult_2=AQ1 mult_3=HGY mult_5=CK3 mult_7=8VH mult_8=8VH adder_0=0EM adder_1=0GK adder_2=073 adder_3=073 adder_5=0AV adder_6=0EM adder_7=0AV
sc_cfg163,-9117.8445,-9119.8213,15.052430,15.056335,0.0259,19.41,36.854,1898,mult_0=GPF mult_1=HGY mult_5=HGP mult_8=DAE adder_3=0M0
sc_cfg164,-3377.3653,-5064.2484,10.443362,12.193732,16.7606,18.32,59.975,3273,mult_0=8VH mult_6=HGY mult_7=5FA adder_0=0DL adder_2=0M0 adder_3=0M0 adder_4=0GK adder_5=02E adder_6=0Q7
sc_cfg165,-225.4339,-234.9385,2.122809,2.130481,0.3614,19.18,38.393,2002,mult_0=5FA adder_0=073 adder_1=0Q7 adder_3=0GK adder_4=0M0
sc_cfg166,3145.1847,-1495.7683,23.106485,23.563098,1.9761,16.16,96.461,5968,mult_0=AQ1 mult_1=HGP mult_2=F6B mult_3=HGY mult_4=F6B mult_5=DAE mult_7=AQ1 mult_8=HGY adder_0=0MH adder_1=073 adder_2=02E adder_3=0DL adder_4=0M0 adder_5=0MH adder_6=02E adder_7=0M0
sc_cfg167,-10902.7046,-10899.6752,18.963742,18.953799,0.0524,18.80,55.735,2964,mult_0=F6B mult_1=GPF mult_5=8VH mult_8=AQ1 adder_3=0MH adder_5=0DL adder_7=073
sc_cfg168,-1097.8613,-1145.4336,2.862109,2.884877,0.7955,19.03,48.608,2555,mult_0=GPF mult_2=DAE mult_4=AQ1 mult_5=AQ1 adder_4=0GK adder_5=0M0
sc_cfg169,-6380.0541,-6362.1273,10.742475,10.720646,0.2032,19.26,38.255,1987,mult_6=8VH mult_7=F6B adder_1=0M0 adder_4=0M0 adder_7=0GK
sc_cfg170,-7186.7497,-7201.1443,21.728234,21.708124,0.0926,19.35,46.465,2402,mult_3=5FA mult_5=AQ1 adder_2=0M0 adder_5=0EM adder_6=0MH
sc_cfg171,-22018.4209,-22833.3234,36.231278,37.442443,3.3429,16.04,103.428,6449,mult_0=HGP mult_1=HGP mult_2=CK3 mult_3=HGY mult_5=AQ1 mult_6=HGY mult_7=AQ1 mult_8=GPF adder_0=0M0 adder_1=0GK adder_2=0MH adder_3=0MH adder_4=0GK adder_5=0EM adder_6=0M0 adder_7=0DL
sc_cfg172,-10428.2207,-10447.6244,17.936087,17.969230,0.1848,18.50,64.275,3475,mult_0=DAE mult_1=DAE mult_2=CK3 mult_4=GPF mult_6=F6B adder_3=0M0 adder_4=0EM adder_5=0Q7
sc_cfg173,-18364.4318,-18386.4389,29.670023,29.706523,0.1230,19.30,40.041,2075,mult_3=HGP mult_4=CK3 mult_5=HGP adder_0=0DL adder_3=0Q7
sc_cfg174,534.3844,575.2178,8.925816,8.930394,0.0513,20.29,12.585,620,adder_2=02E
sc_cfg175,-2029.8959,-2037.6281,3.897089,3.904972,0.2023,20.09,22.069,1098,mult_0=F6B mult_1=F6B
sc_cfg176,-18950.8522,-18956.8502,30.350652,30.366323,0.0516,19.43,48.311,2486,mult_2=CK3 mult_4=CK3 mult_5=CK3 mult_7=HGP mult_8=DAE
sc_cfg177,-11794.4730,-12296.5892,21.753177,22.349879,2.7431,16.98,107.102,6308,mult_2=GPF mult_3=5FA mult_5=AQ1 mult_6=GPF mult_7=AQ1 mult_8=GPF adder_0=02E adder_1=0EM adder_3=0AV adder_4=0MH adder_5=0Q7 adder_6=0GK adder_7=02E
sc_cfg178,-4446.5163,-4438.3232,10.330063,10.329364,0.0068,20.02,13.091,654,adder_1=0MH adder_5=073
sc_cfg179,-19614.3920,-19523.1845,32.441346,32.231550,0.6467,16.43,95.210,5793,mult_0=8VH mult_1=HGY mult_2=8VH mult_4=8VH mult_5=F6B mult_6=GPF mult_7=8VH mult_8=HGY adder_0=0MH adder_1=073 adder_2=0AV adder_3=0GK adder_4=0M0 adder_5=0Q7 adder_7=02E
sc_cfg180,1528.3138,1538.3409,6.492811,6.503049,0.1577,20.00,16.456,823,mult_3=DAE adder_0=0MH
sc_cfg181,27.1546,27.3706,0.058916,0.059153,0.4012,19.60,50.060,2554,mult_1=5FA mult_2=5FA mult_8=AQ1 adder_2=0EM
sc_cfg182,0.4965,0.4912,0.003594,0.003589,0.1235,20.35,13.842,680,mult_1=AQ1
sc_cfg183,-11996.2855,-11379.1022,19.858578,18.994887,4.3492,17.86,78.451,4393,mult_2=HGP mult_4=CK3 mult_5=5FA mult_8=8VH adder_0=0DL adder_3=073 adder_4=073 adder_5=0GK adder_6=0GK adder_7=0AV
sc_cfg184,-10200.1348,-10196.4218,16.692161,16.688093,0.0244,19.69,29.952,1521,mult_1=GPF mult_5=HGY mult_7=8VH adder_1=0AV
sc_cfg185,-4937.9673,-4938.6377,8.422354,8.427550,0.0617,19.49,35.089,1800,mult_2=HGY mult_8=GPF adder_1=073 adder_4=0EM adder_6=0Q7
sc_cfg186,-2012.6686,-6049.9988,17.397084,16.587543,4.6533,19.27,39.827,2067,mult_3=8VH mult_6=CK3 adder_4=0Q7 adder_6=0M0 adder_7=0MH
sc_cfg187,-10432.4823,-10443.1031,17.280255,17.299565,0.1117,17.34,97.360,5613,mult_0=HGY mult_1=5FA mult_2=AQ1 mult_3=AQ1 mult_4=CK3 mult_7=CK3 mult_8=F6B adder_0=0DL adder_1=0Q7 adder_2=0GK adder_3=0DL adder_5=0Q7
sc_cfg188,15.5452,15.6480,0.138884,0.139043,0.1144,20.05,23.827,1189,mult_3=5FA adder_2=0M0
sc_cfg189,-6616.3109,-6769.0083,14.145769,14.318326,1.2199,18.09,73.591,4068,mult_0=AQ1 mult_1=AQ1 mult_3=GPF mult_5=DAE mult_8=HGP adder_2=0DL adder_3=0EM adder_4=0M0 adder_5=02E adder_6=0AV
sc_cfg190,-7690.1359,-7680.7346,13.871196,13.860730,0.0755,19.18,44.313,2310,mult_5=8VH mult_6=F6B mult_7=8VH adder_0=0GK adder_2=0Q7 adder_6=0EM
sc_cfg191,-3003.6791,-3004.6100,6.976054,6.971235,0.0691,19.24,43.111,2241,mult_0=5FA mult_2=DAE adder_0=0DL adder_2=0GK adder_3=02E
sc_cfg192,-10634.4623,-10646.1515,19.785776,19.798276,0.0632,18.22,71.480,3923,mult_0=HGP mult_3=GPF mult_5=F6B mult_7=GPF adder_0=0M0 adder_1=0MH adder_2=02E adder_3=0M0 adder_6=0M0
sc_cfg193,-12170.7297,-12210.8611,19.793504,19.850451,0.2877,18.34,72.024,3926,mult_1=CK3 mult_2=HGY mult_3=GPF mult_4=DAE mult_6=DAE mult_7=DAE adder_0=0EM adder_2=073 adder_5=073
sc_cfg194,-213.0984,-212.4734,0.438625,0.438043,0.1327,19.58,39.422,2014,mult_4=5FA mult_8=DAE adder_0=0EM adder_2=0M0
sc_cfg195,-12782.5956,-12788.2550,21.984068,21.998804,0.0670,19.03,49.223,2586,mult_2=DAE mult_4=8VH mult_8=F6B adder_1=0MH adder_3=0Q7 adder_6=0GK
sc_cfg196,-4493.2443,-6263.1652,13.525188,14.846371,9.7683,17.11,90.962,5317,mult_3=DAE mult_4=GPF mult_6=F6B mult_8=5FA adder_0=073 adder_1=0GK adder_2=073 adder_3=0EM adder_4=0Q7 adder_5=02E adder_6=0Q7 adder_7=0DL
sc_cfg197,-13014.2541,-13023.2886,23.222240,23.233881,0.0501,17.79,81.363,4574,mult_1=5FA mult_4=HGP mult_6=AQ1 mult_7=5FA adder_0=0M0 adder_1=0M0 adder_2=0MH adder_3=0Q7 adder_4=0MH adder_6=073 adder_7=0Q7
sc_cfg198,296.7472,335.8168,9.926474,9.910935,0.1565,17.37,89.280,5139,mult_0=8VH mult_1=5FA mult_2=F6B mult_3=AQ1 mult_4=AQ1 mult_6=AQ1 adder_0=0Q7 adder_1=0M0 adder_2=02E adder_5=073 adder_6=0EM adder_7=0M0
sc_cfg199,3909.9908,4497.5334,13.883878,19.238172,38.5648,19.07,51.974,2725,mult_0=5FA mult_1=F6B mult_2=HGP adder_1=0EM adder_6=02E adder_7=0MH
sc_cfg200,-5607.8890,-5548.1329,9.077104,8.990868,0.9500,17.48,95.136,5444,mult_0=DAE mult_1=HGP mult_3=AQ1 mult_4=DAE mult_5=DAE mult_7=GPF mult_8=HGP adder_1=0M0 adder_3=0M0 adder_4=0AV adder_6=0DL adder_7=0DL
sc_cfg201,-1786.0356,-1785.5789,2.956346,2.955856,0.0166,20.15,18.155,901,mult_0=HGP mult_8=HGP
sc_cfg202,1.9997,2.0007,0.004596,0.004600,0.0888,20.39,13.547,664,adder_1=0EM
sc_cfg203,-2163.8351,-2167.8068,3.832995,3.836563,0.0931,20.41,13.615,667,mult_1=CK3
sc_cfg204,-288.5977,-295.1772,2.210635,2.217553,0.3130,20.35,11.774,579,adder_1=0GK
sc_cfg205,-17678.6729,-25326.3509,30.337427,41.005087,35.1634,18.09,71.053,3928,mult_1=GPF mult_3=HGP mult_4=HGY mult_5=F6B mult_6=HGY mult_7=AQ1 adder_0=0MH adder_2=0M0 adder_4=0MH adder_7=02E
sc_cfg206,-26719.3778,-25742.2176,42.887254,44.946165,4.8008,18.05,64.686,3584,mult_1=CK3 mult_2=HGP mult_4=HGY mult_6=HGP mult_7=AQ1 mult_8=HGP adder_0=073 adder_1=0GK adder_2=0MH adder_6=0MH
sc_cfg207,-2809.9722,-3003.1669,8.725308,8.859219,1.5347,18.30,89.852,4909,mult_0=GPF mult_2=F6B mult_4=F6B mult_5=5FA mult_6=F6B mult_7=GPF adder_0=0DL adder_1=073 adder_2=0M0 adder_6=0GK
sc_cfg208,-17879.6742,-20994.6659,33.327091,37.494820,12.5055,17.70,79.034,4466,mult_0=HGY mult_1=AQ1 mult_2=HGP mult_3=HGP mult_5=AQ1 mult_6=8VH mult_8=GPF adder_0=0DL adder_5=0MH adder_6=073 adder_7=0AV
sc_cfg209,-8289.9212,-8216.4174,15.849555,15.761887,0.5531,16.97,97.893,5770,mult_0=5FA mult_2=8VH mult_4=AQ1 mult_5=AQ1 mult_6=HGP mult_8=CK3 adder_1=02E adder_2=0Q7 adder_3=073 adder_4=0GK adder_5=0EM adder_6=0DL adder_7=0EM
sc_cfg210,55.3786,55.3532,0.370861,0.370433,0.1153,20.07,18.953,944,mult_3=DAE adder_4=0AV
sc_cfg211,-3896.3193,-3891.2233,6.370847,6.364027,0.1070,18.53,62.145,3354,mult_0=HGP mult_2=AQ1 mult_7=GPF mult_8=CK3 adder_0=0AV adder_2=073 adder_5=0EM adder_7=073
sc_cfg212,-4020.8965,-4024.0454,7.152625,7.159616,0.0977,19.34,43.018,2225,mult_3=AQ1 mult_5=DAE mult_6=8VH adder_0=0EM adder_3=0EM
sc_cfg213,-25458.6358,-25956.7555,40.351355,41.146943,1.9717,16.91,97.788,5784,mult_0=CK3 mult_1=8VH mult_2=HGP mult_3=CK3 mult_5=HGP mult_8=GPF adder_1=073 adder_2=0MH adder_3=0M0 adder_4=0GK adder_5=0AV adder_6=0EM adder_7=073
sc_cfg214,-22594.9663,-15803.0070,39.367708,28.532075,27.5242,17.94,79.391,4426,mult_0=HGY mult_1=CK3 mult_2=8VH mult_3=5FA mult_4=GPF mult_5=GPF adder_0=073 adder_2=0AV adder_6=073 adder_7=0MH
sc_cfg215,-19129.4146,-19139.4657,30.498296,30.514387,0.0528,16.13,104.309,6466,mult_0=8VH mult_1=GPF mult_3=HGP mult_4=F6B mult_5=HGY mult_6=DAE mult_7=GPF mult_8=HGP adder_0=02E adder_1=0M0 adder_2=0GK adder_3=0EM adder_4=073 adder_5=0M0 adder_6=073 adder_7=0Q7
sc_cfg216,-21862.6387,-21822.4109,35.506790,35.434977,0.2023,17.25,85.400,4951,mult_0=GPF mult_2=CK3 mult_3=DAE mult_4=8VH mult_5=HGY mult_7=AQ1 mult_8=F6B adder_0=0M0 adder_1=0MH adder_2=0EM adder_3=02E adder_4=0DL adder_6=0DL
sc_cfg217,-23031.6665,-27227.2147,37.677840,47.071958,24.9327,16.10,114.455,7107,mult_0=DAE mult_1=GPF mult_2=HGY mult_3=CK3 mult_5=8VH mult_6=5FA mult_7=AQ1 mult_8=DAE adder_0=0Q7 adder_1=0MH adder_2=073 adder_3=0MH adder_4=073 adder_5=0DL adder_6=0MH adder_7=0Q7
sc_cfg218,-8029.9469,-8009.0528,16.380463,16.366369,0.0860,19.80,22.041,1113,mult_4=CK3 adder_1=02E adder_5=0AV
sc_cfg219,-2154.3706,-2158.4900,3.820754,3.824554,0.0995,19.90,30.475,1532,mult_1=8VH mult_7=5FA adder_7=073
sc_cfg220,-9412.8644,-9379.8612,23.155301,23.155971,0.0029,19.08,44.598,2337,mult_2=HGP mult_5=5FA adder_1=073 adder_3=0Q7 adder_4=0Q7 adder_5=0MH
sc_cfg221,-6092.4258,-6090.5228,10.902476,10.897026,0.0500,19.16,45.035,2351,mult_1=AQ1 mult_3=HGY mult_6=DAE adder_3=0Q7 adder_5=073 adder_6=0GK
sc_cfg222,-6018.1212,-5072.1063,11.898562,10.869103,8.6520,17.14,100.738,5876,mult_1=5FA mult_2=F6B mult_3=DAE mult_5=GPF adder_0=0DL adder_1=0DL adder_2=0EM adder_3=0GK adder_4=0DL adder_5=0GK adder_6=0GK adder_7=0AV
sc_cfg223,-1391.6937,-1381.5365,10.636992,10.615276,0.2042,18.30,83.046,4538,mult_1=5FA mult_2=5FA mult_3=5FA mult_4=AQ1 mult_5=F6B adder_1=0GK adder_2=02E adder_3=02E adder_6=073
sc_cfg224,-6615.1799,-6633.1854,11.719105,11.748274,0.2489,19.40,41.279,2127,mult_3=AQ1 mult_4=CK3 adder_3=0EM adder_6=0EM adder_7=0AV
sc_cfg225,-9830.0213,-9581.6398,19.552850,19.236718,1.6168,18.50,73.326,3964,mult_2=GPF mult_3=AQ1 mult_4=8VH mult_5=5FA mult_7=5FA adder_2=0MH adder_3=0EM adder_7=02E
sc_cfg226,-15651.1614,-17542.9659,26.399777,28.906797,9.4964,17.19,90.337,5255,mult_0=GPF mult_2=5FA mult_3=5FA mult_4=HGP mult_8=8VH adder_0=02E adder_1=073 adder_2=0M0 adder_3=02E adder_4=0MH adder_5=0GK adder_7=0Q7
sc_cfg227,-12620.4530,-12620.6158,20.342907,20.347569,0.0229,18.87,59.152,3136,mult_0=CK3 mult_1=F6B mult_2=GPF mult_4=AQ1 mult_6=GPF mult_7=8VH adder_2=0GK
sc_cfg228,-11420.0164,-11618.4006,20.004786,20.292660,1.4390,17.98,55.442,3084,mult_1=HGP mult_7=CK3 adder_0=0MH adder_2=0MH adder_3=0GK adder_4=0GK adder_5=073 adder_6=0EM adder_7=0EM
sc_cfg229,-1526.2649,-1540.6984,4.830460,4.838569,0.1679,20.15,16.362,812,mult_3=F6B adder_4=0GK
sc_cfg230,-7810.2561,-7814.5352,13.264736,13.271614,0.0518,17.84,69.178,3878,mult_3=CK3 mult_6=DAE mult_7=F6B mult_8=F6B adder_1=0EM adder_2=0DL adder_4=0M0 adder_5=0AV adder_6=073 adder_7=0M0
sc_cfg231,-11627.3980,-11627.5431,20.756321,20.755314,0.0049,19.35,36.155,1868,mult_2=AQ1 mult_4=HGP mult_6=F6B adder_3=073 adder_4=0MH
sc_cfg232,-12007.5302,-12064.5212,19.558960,19.648632,0.4585,19.39,28.925,1492,mult_3=CK3 mult_7=HGY adder_1=0DL adder_3=0MH adder_5=0DL
sc_cfg233,-17896.1707,-19638.8128,30.406257,32.805869,7.8918,17.11,97.046,5671,mult_1=GPF mult_2=GPF mult_4=CK3 mult_5=HGY mult_6=F6B mult_7=5FA mult_8=HGP adder_0=0MH adder_1=0Q7 adder_2=02E adder_5=0AV adder_6=02E adder_7=0EM
sc_cfg234,-4043.5634,-4047.3375,7.174092,7.181333,0.1009,20.12,16.937,842,mult_6=CK3 adder_3=073
sc_cfg235,-15328.0046,-13424.8316,26.127024,24.711396,5.4183,18.23,66.359,3639,mult_2=8VH mult_3=GPF mult_5=F6B mult_8=HGY adder_2=0GK adder_4=02E adder_5=02E adder_6=0M0 adder_7=0Q7
sc_cfg236,-1039.8921,-1054.3634,5.296867,5.283313,0.2559,17.93,78.137,4357,mult_2=F6B mult_3=5FA mult_4=AQ1 mult_8=F6B adder_0=0Q7 adder_1=073 adder_2=0GK adder_3=073 adder_6=0EM adder_7=0GK
sc_cfg237,-8289.4088,-8312.3931,22.975452,23.406605,1.8766,19.16,39.956,2085,mult_2=CK3 mult_6=F6B mult_8=8VH adder_0=0MH adder_2=0M0 adder_5=0MH
sc_cfg238,-21878.9413,-29447.3197,35.532714,46.507575,30.8866,18.41,65.616,3565,mult_0=GPF mult_3=GPF mult_5=CK3 mult_6=8VH adder_1=0GK adder_2=0MH adder_4=0EM adder_5=0MH adder_6=0EM
sc_cfg239,-22910.3365,-23516.5779,38.862615,39.020863,0.4072,17.31,83.693,4835,mult_3=HGP mult_4=HGP mult_5=GPF mult_6=8VH mult_7=8VH mult_8=F6B adder_0=0MH adder_1=02E adder_3=0DL adder_4=0M0 adder_5=073 adder_7=02E
sc_cfg240,-17744.2979,-16933.8452,29.418316,28.427713,3.3673,17.61,84.128,4779,mult_0=5FA mult_2=HGP mult_3=F6B mult_4=HGP mult_6=GPF adder_1=0GK adder_3=073 adder_4=0GK adder_5=0Q7 adder_6=02E adder_7=0EM
sc_cfg241,-12855.1921,-12874.3511,21.077707,21.110736,0.1567,17.73,91.006,5133,mult_1=5FA mult_2=HGP mult_3=HGP mult_4=F6B mult_6=DAE mult_7=F6B mult_8=8VH adder_0=0AV adder_1=073 adder_3=0AV adder_5=073 adder_6=0AV
sc_cfg242,107.4554,-2112.9468,23.395180,23.787548,1.6771,16.50,105.541,6395,mult_0=GPF mult_1=HGP mult_2=HGP mult_3=DAE mult_4=DAE mult_5=AQ1 mult_6=DAE mult_7=CK3 adder_0=0DL adder_1=02E adder_2=02E adder_3=0EM adder_4=0GK adder_5=0MH adder_7=0EM
sc_cfg243,605.8725,617.6285,6.187681,6.197731,0.1624,19.11,36.691,1920,mult_2=DAE mult_8=HGY adder_0=0MH adder_1=0EM adder_2=0M0 adder_6=0DL
sc_cfg244,-23538.8499,-23514.1880,37.318500,37.284933,0.0899,17.34,90.381,5211,mult_0=CK3 mult_1=AQ1 mult_2=GPF mult_3=GPF mult_4=8VH mult_6=HGY mult_7=CK3 adder_0=0M0 adder_1=0AV adder_3=073 adder_4=073 adder_5=0Q7 adder_6=0DL
sc_cfg245,-1413.6198,-1374.7519,9.329254,9.327703,0.0166,19.70,27.020,1371,adder_1=02E adder_2=0AV adder_4=0Q7
sc_cfg246,-13225.0103,-13627.5287,23.078813,23.759346,2.9487,17.18,94.341,5493,mult_0=5FA mult_1=CK3 mult_2=8VH mult_4=HGP mult_8=F6B adder_1=0M0 adder_2=0Q7 adder_3=0EM adder_4=0Q7 adder_5=0GK adder_6=02E adder_7=0AV
sc_cfg247,-19975.8619,-20449.3983,31.947215,32.715027,2.4034,16.05,112.324,6999,mult_0=DAE mult_2=AQ1 mult_3=5FA mult_4=HGP mult_5=HGP mult_6=HGP mult_7=CK3 mult_8=HGY adder_0=0GK adder_1=0AV adder_2=0AV adder_3=073 adder_4=0EM adder_5=0GK adder_6=073 adder_7=0GK
sc_cfg248,-18968.5047,-22073.4323,32.829951,36.678060,11.7213,15.75,125.965,7996,mult_0=F6B mult_1=AQ1 mult_2=8VH mult_3=8VH mult_4=5FA mult_5=F6B mult_6=GPF mult_7=F6B mult_8=8VH adder_0=0GK adder_1=0Q7 adder_2=0MH adder_3=0M0 adder_4=0Q7 adder_5=02E adder_6=0DL adder_7=073
sc_cfg249,-17430.0757,-17707.8803,29.055901,29.439807,1.3213,17.11,97.657,5708,mult_0=GPF mult_1=CK3 mult_2=CK3 mult_3=DAE mult_4=GPF mult_6=CK3 mult_7=GPF mult_8=AQ1 adder_1=073 adder_2=0M0 adder_5=073 adder_6=0Q7 adder_7=02E
sc_cfg250,-110.1175,-62.5339,10.941194,10.928291,0.1179,19.23,28.247,1469,adder_0=0MH adder_1=02E adder_2=073 adder_4=0DL adder_6=0M0
sc_cfg251,-12493.6058,-12419.5709,20.288146,20.264369,0.1172,19.01,37.048,1949,mult_1=HGY mult_2=HGY mult_3=8VH adder_0=0AV adder_3=0DL adder_4=0GK
sc_cfg252,15.0226,15.3144,0.129205,0.129400,0.1506,20.24,10.019,495,adder_5=0M0
sc_cfg253,-17191.9707,-17844.2549,33.308115,33.978203,2.0118,16.96,96.203,5671,mult_0=AQ1 mult_2=AQ1 mult_4=8VH mult_5=5FA mult_6=8VH adder_0=0GK adder_1=0EM adder_2=073 adder_3=073 adder_4=0DL adder_5=0AV adder_6=0MH adder_7=0AV
sc_cfg254,-18866.3739,-18874.7497,30.114761,30.127474,0.0422,18.27,67.476,3694,mult_0=8VH mult_1=8VH mult_2=CK3 mult_3=HGP mult_4=AQ1 mult_5=HGP adder_0=0GK adder_1=0Q7 adder_4=0Q7 adder_6=0EM
sc_cfg255,-11008.8189,-11040.7215,20.049046,20.095597,0.2322,18.31,65.845,3596,mult_0=HGP mult_1=F6B mult_2=F6B mult_6=5FA mult_7=8VH mult_8=HGY adder_0=0GK adder_2=0MH adder_3=0GK
sc_cfg256,-12772.1078,-12582.0262,22.545613,22.440700,0.4653,19.40,46.371,2390,mult_0=AQ1 mult_4=8VH mult_5=HGY mult_6=5FA adder_5=02E
sc_cfg257,-17511.7123,-17110.4487,33.246868,32.819611,1.2851,18.92,65.324,3452,mult_2=5FA mult_5=HGY mult_6=CK3 mult_8=5FA adder_0=0EM adder_5=0DL adder_6=0MH
sc_cfg258,542.1752,542.3708,4.407044,4.401533,0.1251,19.49,38.596,1980,mult_1=5FA mult_6=F6B adder_2=0M0 adder_3=0Q7
sc_cfg259,-11373.3256,-13173.1849,21.978363,24.080201,9.5632,17.65,82.561,4677,mult_2=CK3 mult_3=5FA mult_6=CK3 mult_7=CK3 mult_8=HGY adder_1=02E adder_2=02E adder_4=02E adder_5=0DL adder_6=0EM adder_7=0AV
sc_cfg260,-5457.2905,-5489.8362,13.441251,13.485104,0.3263,17.16,98.784,5758,mult_0=DAE mult_1=HGY mult_2=CK3 mult_3=F6B mult_4=DAE mult_5=DAE mult_7=F6B mult_8=GPF adder_0=0DL adder_1=02E adder_3=0AV adder_4=073 adder_5=0M0
sc_cfg261,-8329.5746,-8651.0773,16.755684,17.168512,2.4638,18.39,62.752,3412,mult_0=F6B mult_2=CK3 mult_4=F6B mult_5=DAE adder_2=0DL adder_3=02E adder_4=0DL adder_6=02E adder_7=0DL
sc_cfg262,-19583.2333,-19610.2603,31.997399,32.037884,0.1265,17.18,79.054,4602,mult_2=HGY mult_3=8VH mult_4=CK3 mult_6=F6B mult_8=F6B adder_1=0GK adder_2=0EM adder_3=0MH adder_4=0Q7 adder_5=073 adder_6=0Q7 adder_7=0Q7
sc_cfg263,-12273.5935,-8696.7454,20.298997,16.505204,18.6896,18.22,60.557,3324,mult_2=GPF mult_4=AQ1 mult_5=F6B adder_0=0M0 adder_1=0MH adder_2=073 adder_4=0MH adder_5=0DL adder_7=0Q7
sc_cfg264,-7207.9134,-7215.5897,21.754763,21.720936,0.1555,20.24,14.190,701,adder_3=0Q7 adder_6=0MH
sc_cfg265,-3886.3234,-3789.6507,11.250296,11.066199,1.6364,18.93,46.390,2451,mult_5=GPF mult_7=AQ1 mult_8=AQ1 adder_3=0M0 adder_6=0AV adder_7=02E
sc_cfg266,-19372.0520,-19078.0372,32.775505,35.919632,9.5929,18.08,69.653,3853,mult_0=HGP mult_1=CK3 mult_4=DAE mult_5=CK3 mult_7=HGP mult_8=DAE adder_1=02E adder_3=0M0 adder_5=0MH adder_7=0GK
sc_cfg267,3.3297,3.4158,0.040583,0.040564,0.0458,20.25,23.110,1141,mult_0=5FA adder_7=0Q7
sc_cfg268,-21662.0975,-22185.6116,34.720160,35.510976,2.2777,17.76,90.069,5071,mult_0=5FA mult_2=GPF mult_3=F6B mult_4=8VH mult_5=CK3 mult_6=HGP adder_1=0AV adder_4=073 adder_5=0GK adder_7=0AV
sc_cfg269,-91.1439,-107.1667,8.381327,8.392975,0.1390,19.56,19.233,983,adder_3=0DL adder_5=02E
sc_cfg270,-5531.6938,-5490.7467,18.635078,18.599066,0.1932,16.90,95.391,5644,mult_0=5FA mult_1=DAE mult_2=HGY mult_3=F6B mult_4=DAE mult_5=DAE mult_6=CK3 adder_0=0GK adder_1=0MH adder_2=02E adder_3=0MH adder_5=02E adder_7=073
sc_cfg271,-3928.3123,-3919.5141,8.597561,8.578753,0.2188,18.87,35.266,1869,mult_4=F6B adder_0=0GK adder_3=02E adder_4=0AV adder_7=073
sc_cfg272,-12159.0771,-12836.4568,23.548194,24.280563,3.1101,17.22,84.394,4901,mult_0=F6B mult_2=DAE mult_4=HGP mult_6=8VH mult_7=DAE adder_1=02E adder_2=0Q7 adder_3=073 adder_4=0GK adder_5=02E adder_7=073
sc_cfg273,-10683.8675,-10687.4278,18.923875,18.926952,0.0163,18.95,44.226,2334,mult_0=F6B mult_3=GPF mult_5=8VH adder_0=0MH adder_6=073
sc_cfg274,-5849.4046,-5839.0504,10.754959,10.739928,0.1398,18.73,48.194,2573,mult_1=HGP mult_3=5FA mult_6=DAE mult_7=8VH adder_3=02E
sc_cfg275,-16052.6393,-16061.2777,25.756595,25.773213,0.0645,18.67,48.027,2572,mult_0=F6B mult_1=F6B mult_2=GPF mult_5=8VH mult_6=CK3
sc_cfg276,-4764.7184,-4754.6673,10.819081,10.812997,0.0562,18.67,52.531,2814,mult_2=GPF mult_5=F6B mult_8=CK3 adder_0=0MH adder_5=0DL adder_7=0EM
sc_cfg277,-13368.6141,-13315.5956,23.405721,23.336394,0.2962,16.91,87.398,5168,mult_0=HGP mult_1=8VH mult_3=GPF mult_4=AQ1 mult_6=8VH adder_0=0MH adder_1=073 adder_2=02E adder_3=0GK adder_4=0AV adder_6=0AV adder_7=0GK
sc_cfg278,-2114.6801,-2035.2154,13.186286,13.145551,0.3089,18.89,37.521,1987,mult_3=5FA adder_1=02E adder_2=02E adder_7=0GK
sc_cfg279,-8918.2385,-8919.0406,14.612056,14.619652,0.0520,18.55,52.998,2856,mult_2=HGP mult_5=DAE mult_6=GPF mult_8=F6B adder_1=0M0 adder_4=0AV
sc_cfg280,-15751.7635,-16726.8136,26.793278,28.234148,5.3777,17.40,67.939,3905,mult_1=HGY mult_4=HGP mult_5=HGY mult_6=8VH mult_8=5FA adder_0=073 adder_1=0DL adder_5=0DL adder_6=0M0 adder_7=02E
sc_cfg281,-29856.3977,-31545.3583,46.921927,52.944335,12.8350,15.69,124.030,7905,mult_0=AQ1 mult_1=CK3 mult_2=GPF mult_3=5FA mult_4=GPF mult_5=GPF mult_6=AQ1 mult_7=GPF mult_8=AQ1 adder_0=0EM adder_1=0GK adder_2=0EM adder_3=02E adder_4=0MH adder_5=0MH adder_7=0M0
sc_cfg282,-6931.8865,-6168.7591,14.327717,14.188816,0.9695,17.93,74.969,4181,mult_0=GPF mult_1=F6B mult_2=5FA mult_5=CK3 mult_6=DAE adder_0=073 adder_1=0Q7 adder_4=02E adder_6=0GK
sc_cfg283,-8159.4279,-8162.6937,16.019726,16.023074,0.0209,19.35,24.594,1271,mult_1=GPF mult_4=HGP adder_2=02E
sc_cfg284,-1038.1852,-1031.2280,2.726169,2.718665,0.2753,18.64,47.372,2541,mult_7=F6B adder_2=0AV adder_3=073 adder_4=073 adder_6=0Q7 adder_7=0M0
sc_cfg285,-13616.7734,-13652.3669,22.675855,22.730170,0.2395,18.30,51.702,2825,mult_1=DAE mult_3=F6B mult_4=HGP mult_5=CK3 adder_4=0M0 adder_6=0GK adder_7=0AV
sc_cfg286,520.9798,520.9281,4.398401,4.392771,0.1280,19.59,17.909,914,mult_6=F6B adder_7=0EM
sc_cfg287,-8155.0272,-8155.2568,13.497496,13.504126,0.0491,19.38,30.803,1590,mult_2=GPF mult_6=HGY mult_7=5FA
sc_cfg288,-12156.7458,-12149.8776,20.430208,20.422765,0.0364,18.25,64.626,3541,mult_1=HGP mult_2=CK3 mult_4=GPF mult_5=5FA mult_6=F6B adder_1=0DL adder_5=0DL adder_6=073
sc_cfg289,-692.6213,-674.8056,6.429265,6.433245,0.0619,19.32,20.563,1065,mult_7=8VH adder_0=0MH adder_1=0Q7
sc_cfg290,-19359.0025,-22827.4752,32.375513,37.317057,15.2632,16.77,89.588,5342,mult_0=AQ1 mult_1=HGY mult_2=5FA mult_5=HGP mult_6=CK3 mult_7=HGY mult_8=GPF adder_0=0DL adder_2=0GK adder_3=0GK adder_4=0MH adder_5=02E adder_7=0M0
sc_cfg291,-1938.6048,-5297.3323,16.618189,15.375585,7.4774,18.16,59.573,3281,mult_0=HGY mult_1=CK3 mult_2=HGY mult_7=8VH mult_8=5FA adder_1=0EM adder_5=0DL adder_7=0MH
sc_cfg292,-14134.4192,-14160.2273,24.075993,24.113639,0.1564,17.76,72.945,4106,mult_2=DAE mult_3=F6B mult_6=HGY mult_8=F6B adder_0=0AV adder_2=0MH adder_3=02E adder_4=0AV adder_5=0Q7 adder_7=0DL
sc_cfg293,-997.3103,-997.7016,1.753709,1.754263,0.0316,19.04,42.853,2251,mult_5=5FA mult_6=DAE mult_7=DAE mult_8=8VH
sc_cfg294,-183.0379,-179.2816,2.085153,2.088460,0.1586,19.37,34.615,1787,mult_0=5FA adder_0=0GK adder_5=0Q7
sc_cfg295,-10520.8003,-10456.0595,19.307504,19.220825,0.4489,16.84,109.825,6522,mult_0=8VH mult_1=8VH mult_2=DAE mult_4=5FA mult_5=GPF mult_7=GPF mult_8=HGP adder_0=073 adder_1=0AV adder_2=02E adder_3=073 adder_5=0AV adder_7=0GK
sc_cfg296,-5865.3057,-5866.7775,10.382721,10.386922,0.0405,19.61,22.867,1166,mult_5=GPF adder_5=0Q7
sc_cfg297,-9943.8340,-9948.1921,16.500882,16.507173,0.0381,19.60,18.763,957,mult_5=HGP mult_6=8VH
sc_cfg298,-4268.5788,-4261.2320,7.776981,7.762987,0.1799,18.99,37.438,1971,mult_0=HGY mult_2=DAE mult_5=F6B mult_7=HGP adder_0=073
sc_cfg299,-15664.5295,-15680.0659,26.239595,26.267200,0.1052,18.55,56.709,3057,mult_2=AQ1 mult_4=8VH mult_6=HGP mult_8=DAE adder_1=0MH adder_4=0AV adder_6=0GK
sc_cfg300,-2256.1109,-2251.4627,3.966339,3.960532,0.1464,18.54,58.037,3131,mult_1=DAE mult_7=CK3 adder_0=0EM adder_2=0M0 adder_4=0EM adder_6=073 adder_7=0Q7
sc_cfg301,-6352.1811,-6318.8335,13.943550,13.905198,0.2750,17.21,86.355,5017,mult_0=8VH mult_2=GPF mult_4=AQ1 mult_5=AQ1 mult_6=AQ1 mult_7=GPF adder_1=0GK adder_2=02E adder_3=0EM adder_4=073 adder_5=0M0 adder_6=0AV
sc_cfg302,-1952.1048,-1944.5511,4.554061,4.543342,0.2354,18.94,45.113,2382,mult_0=HGP mult_1=DAE mult_4=F6B mult_5=DAE adder_0=0EM
sc_cfg303,-19051.3384,-19339.5220,31.017361,31.433554,1.3418,16.21,111.026,6848,mult_0=HGY mult_2=F6B mult_3=HGP mult_4=8VH mult_5=CK3 mult_6=DAE mult_7=AQ1 mult_8=5FA adder_0=02E adder_1=073 adder_2=0M0 adder_3=0M0 adder_5=0DL adder_6=0AV adder_7=073
sc_cfg304,-11849.9736,-12326.5074,23.286961,23.854622,2.4377,16.89,101.060,5984,mult_0=CK3 mult_1=CK3 mult_2=DAE mult_3=5FA mult_4=HGP mult_5=AQ1 mult_6=5FA mult_7=DAE mult_8=8VH adder_2=0MH adder_3=02E adder_5=02E
sc_cfg305,-12863.3849,-12869.6721,20.969975,20.983553,0.0647,19.45,23.892,1228,mult_2=HGY mult_4=GPF mult_7=8VH
sc_cfg306,-2163.8351,-2167.8068,3.832995,3.836563,0.0931,19.84,14.662,739,mult_1=GPF
sc_cfg307,-14036.8281,-15505.9586,28.438692,30.254650,6.3855,18.12,60.288,3328,mult_1=GPF mult_2=AQ1 mult_3=HGY mult_7=GPF adder_2=0EM adder_5=0MH adder_6=073 adder_7=0EM
sc_cfg308,-9628.0947,-9630.3937,16.368557,16.367232,0.0081,18.38,47.934,2608,mult_0=8VH mult_2=DAE mult_5=HGP adder_1=0M0 adder_2=0DL adder_3=02E adder_6=0EM
sc_cfg309,-16.7263,-18.5034,0.464755,0.464680,0.0160,19.81,13.345,674,adder_4=0DL
sc_cfg310,-9394.6153,-9384.9842,15.485826,15.476080,0.0629,18.59,54.852,2951,mult_0=HGY mult_2=DAE mult_3=5FA mult_5=CK3 mult_7=HGP adder_3=0GK
sc_cfg311,-12061.1514,-12235.8937,21.817557,22.047461,1.0538,17.03,84.896,4984,mult_0=HGY mult_1=8VH mult_3=AQ1 mult_4=CK3 mult_8=5FA adder_0=0M0 adder_1=0M0 adder_2=0MH adder_3=0MH adder_4=0DL adder_6=0EM adder_7=0AV
sc_cfg312,-0.1306,-0.1177,0.014963,0.014957,0.0434,19.82,11.956,603,adder_7=0Q7
sc_cfg313,1518.9362,1528.5741,6.481015,6.490105,0.1403,19.34,24.660,1275,adder_0=0MH adder_1=0M0 adder_2=0M0
sc_cfg314,-16013.8837,-17218.5019,26.924625,28.727949,6.6977,18.34,49.110,2677,mult_2=8VH mult_3=HGP mult_6=CK3 mult_7=HGY mult_8=F6B adder_4=0M0 adder_6=02E
sc_cfg315,-11364.3307,-11327.1843,20.483176,20.431356,0.2530,17.00,99.637,5862,mult_0=CK3 mult_1=HGP mult_2=DAE mult_3=CK3 mult_4=5FA mult_7=GPF mult_8=CK3 adder_0=0Q7 adder_1=073 adder_2=02E adder_4=0EM adder_6=0AV
sc_cfg316,-7102.5478,-7174.5188,11.680634,11.792851,0.9607,16.73,99.508,5946,mult_0=HGY mult_1=GPF mult_2=DAE mult_6=8VH mult_7=5FA mult_8=AQ1 adder_0=0Q7 adder_1=0AV adder_2=0EM adder_3=0DL adder_4=0DL adder_5=0DL adder_7=0DL
sc_cfg317,-9154.7865,-9173.4093,16.782589,16.797341,0.0879,18.89,38.107,2018,mult_3=DAE mult_4=8VH mult_6=GPF adder_0=0MH adder_4=0M0
sc_cfg318,-2307.1709,-2269.3870,9.769951,9.760869,0.0930,19.59,15.114,771,mult_8=CK3 adder_1=02E
sc_cfg319,-962.8813,-968.1248,1.812934,1.820193,0.4004,18.11,56.255,3106,mult_0=CK3 mult_6=AQ1 mult_7=DAE adder_0=0Q7 adder_2=0M0 adder_3=0DL adder_4=073 adder_7=0DL
sc_cfg320,-1135.5428,-1144.7460,2.810997,2.820269,0.3298,19.58,31.464,1607,mult_1=F6B mult_7=5FA
sc_cfg321,2056.9574,2044.2080,8.477056,8.463179,0.1637,19.57,19.524,998,adder_5=0DL adder_7=02E
sc_cfg322,-9759.0267,-9767.5840,16.443663,16.461750,0.1100,17.98,74.034,4119,mult_0=HGP mult_2=5FA mult_4=8VH mult_7=8VH mult_8=AQ1 adder_2=0GK adder_4=0EM adder_6=0GK adder_7=0AV
sc_cfg323,-6390.9709,-6665.0539,14.915477,15.229594,2.1060,18.84,35.277,1872,mult_5=F6B adder_0=0Q7 adder_1=073 adder_2=0MH adder_6=02E
sc_cfg324,-486.6587,-969.6495,4.121727,4.322442,4.8697,17.90,83.538,4667,mult_1=8VH mult_2=5FA mult_7=5FA adder_0=02E adder_2=0EM adder_3=0AV adder_4=0GK adder_6=0M0 adder_7=0AV
sc_cfg325,-8889.0459,-8909.9004,14.725231,14.755684,0.2068,18.44,62.735,3402,mult_0=F6B mult_1=CK3 mult_5=CK3 mult_8=AQ1 adder_3=0AV adder_4=073 adder_7=0Q7
sc_cfg326,13.5105,13.6383,0.060094,0.060007,0.1452,19.45,53.817,2767,mult_0=AQ1 mult_7=5FA mult_8=5FA adder_7=073
sc_cfg327,-11714.8213,-12880.3536,22.034999,23.443486,6.3920,17.90,85.538,4778,mult_2=GPF mult_5=CK3 mult_6=HGY mult_7=AQ1 mult_8=5FA adder_0=0MH adder_2=0Q7 adder_4=0AV adder_5=02E adder_6=0DL
sc_cfg328,-13411.0682,-15158.8404,23.708070,26.227868,10.6284,18.47,58.464,3165,mult_1=CK3 mult_4=HGP mult_5=GPF mult_7=GPF adder_0=0Q7 adder_3=073 adder_4=02E adder_6=0GK
sc_cfg329,-13846.6844,-14210.4196,22.667931,23.180014,2.2591,17.75,60.785,3424,mult_1=AQ1 mult_3=HGP mult_4=8VH mult_8=8VH adder_0=0EM adder_1=0M0 adder_2=0Q7 adder_6=0DL adder_7=0GK
sc_cfg330,-892.6481,-893.7607,1.580447,1.581703,0.0795,19.73,12.514,634,mult_8=F6B
sc_cfg331,-16234.3638,-16235.3826,26.864265,26.875103,0.0403,17.66,80.762,4573,mult_0=5FA mult_2=GPF mult_5=CK3 mult_6=8VH mult_7=F6B adder_0=0Q7 adder_1=0MH adder_4=0DL adder_5=0AV adder_7=073
sc_cfg332,1434.2096,1420.3479,8.883745,8.892302,0.0963,19.45,14.492,745,adder_4=02E adder_5=0AV
sc_cfg333,-20656.0300,-20676.5582,33.822984,33.853279,0.0896,18.12,56.605,3124,mult_3=8VH mult_4=HGP mult_5=HGP mult_7=5FA adder_0=0GK adder_1=0GK adder_3=0MH adder_4=0AV
sc_cfg334,-6614.1831,-6632.1742,11.717784,11.746933,0.2488,24.34,22.678,932,mult_4=8VH adder_0=0AV adder_3=0EM
sc_cfg335,4150.4957,315.3348,22.557305,21.158964,6.1991,19.35,32.405,1675,mult_3=DAE mult_7=HGP adder_4=02E adder_6=0MH
sc_cfg336,-15406.4009,-15411.0403,25.294545,25.305550,0.0435,19.14,49.155,2569,mult_0=F6B mult_3=GPF mult_4=HGY adder_1=02E adder_2=0AV adder_6=0Q7
sc_cfg337,-3472.8697,-3428.6720,10.970661,10.931888,0.3534,19.09,36.395,1907,mult_2=HGY adder_2=02E adder_3=073 adder_5=0M0 adder_7=073
sc_cfg338,-7465.1917,-7440.8532,14.157017,14.126952,0.2124,19.13,39.609,2071,mult_4=F6B mult_8=CK3 adder_0=0MH adder_3=073 adder_4=0MH
sc_cfg339,-11455.3178,-11188.3928,19.074923,18.787790,1.5053,16.38,122.558,7483,mult_0=F6B mult_2=AQ1 mult_3=F6B mult_4=AQ1 mult_5=5FA mult_6=GPF mult_7=GPF mult_8=5FA adder_0=0GK adder_1=0MH adder_2=0EM adder_3=0Q7 adder_4=0AV adder_5=0GK adder_7=0M0
sc_cfg340,-4911.2901,-8412.4832,18.983528,19.277449,1.5483,17.35,98.736,5692,mult_0=DAE mult_2=5FA mult_4=8VH mult_6=5FA mult_7=F6B mult_8=GPF adder_0=0Q7 adder_1=0Q7 adder_2=0MH adder_3=0Q7 adder_5=0M0 adder_7=0MH
sc_cfg341,-7271.5062,-7282.1824,13.080266,13.094634,0.1098,17.25,91.000,5275,mult_0=HGP mult_1=5FA mult_2=F6B mult_5=CK3 mult_8=F6B adder_0=0Q7 adder_1=073 adder_2=0M0 adder_3=0Q7 adder_5=0M0 adder_6=0EM adder_7=0DL
sc_cfg342,523.9807,523.9233,4.399234,4.393606,0.1279,19.34,34.244,1771,mult_0=AQ1 mult_3=AQ1 mult_6=F6B adder_2=0AV
sc_cfg343,-18742.3883,-18756.5681,30.687251,30.713685,0.0861,18.59,46.582,2505,mult_1=F6B mult_4=HGY mult_7=8VH mult_8=HGY adder_1=0MH adder_3=0MH adder_4=073 adder_6=0Q7
sc_cfg344,-3055.9937,-3061.0163,5.122986,5.128976,0.1169,19.68,19.666,999,mult_1=HGY mult_8=8VH adder_5=0Q7
sc_cfg345,-5839.7426,-5840.3115,10.348952,10.351945,0.0289,19.85,16.642,838,mult_5=8VH adder_3=073
sc_cfg346,-2816.4747,-2795.7319,10.804877,10.785981,0.1749,18.54,50.804,2740,mult_1=HGY mult_3=F6B mult_6=DAE mult_7=AQ1 adder_1=0EM adder_2=02E adder_5=0GK
sc_cfg347,-892.6481,-893.7607,1.580447,1.581703,0.0795,20.06,11.183,557,mult_8=8VH
sc_cfg348,-7508.6618,-7509.0243,14.036962,14.039267,0.0164,17.69,102.061,5769,mult_0=5FA mult_1=8VH mult_4=AQ1 mult_6=AQ1 mult_7=5FA mult_8=GPF adder_1=0MH adder_3=0EM adder_4=0EM adder_6=0AV adder_7=0AV
sc_cfg349,-12149.6625,-12311.5903,19.858723,20.089968,1.1645,18.03,67.384,3738,mult_0=DAE mult_1=8VH mult_4=AQ1 mult_5=HGY mult_6=GPF adder_0=0GK adder_1=0M0 adder_3=0GK adder_4=0DL adder_6=0Q7
sc_cfg350,-5866.2440,-5866.8300,10.383963,10.386981,0.0291,19.83,15.136,763,mult_5=HGY mult_7=AQ1
sc_cfg351,-17069.1413,-17076.7177,27.589343,27.603910,0.0528,18.16,68.736,3784,mult_0=F6B mult_1=F6B mult_2=8VH mult_4=GPF mult_7=8VH mult_8=DAE adder_1=0M0 adder_3=02E adder_4=0M0
sc_cfg352,-1975.3773,-1973.0509,7.905528,7.906836,0.0165,19.51,31.032,1590,mult_4=DAE adder_1=0M0 adder_3=0MH adder_6=0GK
sc_cfg353,-16097.4961,-15534.9253,27.009125,27.158531,0.5532,17.31,78.292,4522,mult_0=8VH mult_1=HGP mult_2=HGP mult_4=AQ1 mult_6=CK3 mult_7=HGY mult_8=CK3 adder_0=0Q7 adder_1=0MH adder_3=0DL adder_4=0MH adder_5=0GK adder_6=02E
sc_cfg354,-11971.6295,-12768.0657,21.705691,22.797811,5.0315,17.53,92.347,5269,mult_0=HGY mult_3=AQ1 mult_4=GPF mult_5=GPF mult_6=5FA mult_7=AQ1 mult_8=GPF adder_2=02E adder_4=02E adder_5=073 adder_6=073
sc_cfg355,-4398.9302,-4396.5438,12.113227,12.127430,0.1173,19.20,33.818,1761,mult_5=8VH adder_1=0EM adder_2=0Q7 adder_4=02E adder_6=0M0
sc_cfg356,-292.5159,-288.1641,2.181308,2.184123,0.1291,19.81,16.085,812,adder_1=0EM adder_6=0GK
sc_cfg357,1555.6384,377.7166,15.366379,15.348328,0.1175,19.19,25.442,1326,mult_7=HGP adder_0=0AV adder_1=02E adder_7=0MH
sc_cfg358,-17158.3124,-17419.3144,29.964625,34.149536,13.9662,15.96,115.021,7209,mult_0=GPF mult_1=F6B mult_2=AQ1 mult_4=HGY mult_5=AQ1 mult_6=HGY mult_7=DAE mult_8=F6B adder_0=0GK adder_1=02E adder_2=0GK adder_3=02E adder_4=0EM adder_5=0MH adder_6=0AV adder_7=0Q7
sc_cfg359,-9395.3791,-11996.4372,18.730333,21.639690,15.5329,17.15,76.322,4450,mult_0=8VH mult_2=HGY mult_3=F6B mult_5=8VH mult_8=8VH adder_0=0EM adder_1=0EM adder_2=0GK adder_3=0AV adder_4=02E adder_6=0EM adder_7=0M0
sc_cfg360,-13148.2999,-13158.7816,21.898017,21.917758,0.0901,18.79,56.796,3022,mult_3=GPF mult_5=F6B mult_6=CK3 adder_0=0M0 adder_1=02E adder_2=073 adder_6=073
sc_cfg361,-3278.4044,-3279.4316,5.813319,5.816192,0.0494,19.62,22.571,1150,mult_1=F6B mult_7=HGY adder_1=073
sc_cfg362,-29593.3304,-32337.4372,46.639514,53.589272,14.9010,16.20,89.283,5511,mult_0=HGP mult_3=HGY mult_4=HGP mult_5=8VH mult_6=8VH mult_7=F6B mult_8=8VH adder_0=0DL adder_1=0MH adder_2=0EM adder_3=02E adder_4=0DL adder_5=0MH adder_6=073 adder_7=0EM
sc_cfg363,-18752.8895,-19419.4617,31.062726,32.066908,3.2328,17.50,70.605,4034,mult_0=AQ1 mult_4=F6B mult_5=HGY mult_6=DAE mult_7=8VH mult_8=HGP adder_1=02E adder_3=0MH adder_4=02E adder_5=0GK adder_7=0M0
sc_cfg364,-15918.8085,-11394.8441,26.157636,21.109594,19.2985,18.49,61.013,3300,mult_0=DAE mult_3=GPF mult_4=CK3 mult_5=DAE adder_3=0M0 adder_4=02E adder_5=0GK adder_6=0EM
sc_cfg365,-4638.8643,-4624.1977,10.467590,10.456180,0.1090,17.07,93.800,5496,mult_1=5FA mult_3=AQ1 mult_4=5FA mult_7=8VH adder_0=0MH adder_1=0GK adder_2=0DL adder_3=0MH adder_4=0DL adder_5=073 adder_6=0M0 adder_7=0M0
sc_cfg366,-6440.6227,-6422.0579,11.120446,11.095678,0.2227,18.28,59.321,3245,mult_1=DAE mult_4=F6B mult_6=HGP mult_7=DAE adder_0=0DL adder_1=0Q7 adder_2=0EM adder_7=0GK
sc_cfg367,0.9014,1.1284,0.032803,0.032865,0.1916,19.99,17.044,853,mult_1=5FA
sc_cfg368,-23396.3647,-28730.1833,38.115351,46.070436,20.8711,16.82,102.308,6081,mult_0=5FA mult_1=GPF mult_3=CK3 mult_4=CK3 mult_5=HGY mult_6=DAE mult_7=F6B adder_0=0AV adder_1=0EM adder_2=0AV adder_3=02E adder_4=0MH adder_6=0EM
sc_cfg369,-2163.3363,-2167.3054,3.832336,3.835898,0.0930,19.81,15.619,788,mult_1=HGY mult_4=AQ1
sc_cfg370,0.4987,0.5014,0.001082,0.001085,0.2613,19.98,11.442,573,mult_4=AQ1
sc_cfg371,-15287.7774,-15520.0345,25.442286,25.739643,1.1687,17.07,87.660,5135,mult_1=AQ1 mult_2=CK3 mult_3=HGY mult_5=CK3 mult_6=F6B mult_8=DAE adder_0=02E adder_1=0AV adder_2=0EM adder_3=0M0 adder_5=0DL adder_6=0M0 adder_7=0DL
sc_cfg372,-12170.8726,-12637.9323,23.051130,23.990042,4.0732,18.42,54.333,2949,mult_3=5FA mult_5=HGY mult_6=CK3 mult_8=CK3 adder_1=0DL adder_3=0MH adder_4=0MH adder_6=02E
sc_cfg373,-13192.6664,-8255.5884,21.819301,16.666347,23.6165,17.82,74.023,4155,mult_0=5FA mult_3=HGY mult_5=DAE mult_6=HGY mult_7=AQ1 mult_8=AQ1 adder_0=0Q7 adder_3=0GK adder_4=02E adder_5=073
sc_cfg374,-6175.5576,-6275.7596,10.642831,10.776834,1.2591,17.24,98.619,5721,mult_0=5FA mult_1=HGY mult_4=F6B mult_6=5FA mult_7=GPF mult_8=HGY adder_0=0Q7 adder_2=0DL adder_4=0GK adder_5=0AV adder_6=0EM adder_7=0EM
sc_cfg375,-14794.0016,-19139.1687,25.014851,35.281219,41.0411,17.99,78.455,4362,mult_0=5FA mult_1=5FA mult_3=DAE mult_4=GPF mult_5=8VH adder_1=0M0 adder_4=0GK adder_5=0MH adder_7=0GK
sc_cfg376,-26251.6055,-30255.1210,41.887030,51.099845,21.9944,16.23,100.842,6214,mult_1=HGP mult_2=8VH mult_4=GPF mult_5=GPF mult_6=DAE mult_7=AQ1 mult_8=HGP adder_0=0DL adder_1=0GK adder_2=0AV adder_3=0Q7 adder_4=0MH adder_5=0MH adder_6=0Q7 adder_7=0M0
sc_cfg377,-10216.1172,-10191.2638,18.645576,18.616894,0.1538,18.84,30.831,1636,mult_2=8VH mult_5=HGY mult_8=8VH adder_1=02E adder_2=0EM
sc_cfg378,-5552.8354,-5526.0677,11.513383,11.478156,0.3060,19.61,21.578,1100,mult_2=5FA adder_4=0MH
sc_cfg379,-6185.9499,-6228.3613,11.639935,11.696469,0.4857,18.98,30.970,1632,mult_4=HGP adder_0=02E adder_3=0M0 adder_4=0DL adder_6=0M0
sc_cfg380,-17013.1635,-15365.7277,28.620548,26.684794,6.7635,15.40,118.538,7699,mult_0=5FA mult_1=DAE mult_2=F6B mult_3=HGY mult_4=F6B mult_5=HGP mult_6=AQ1 mult_7=8VH mult_8=CK3 adder_0=073 adder_1=073 adder_2=0DL adder_3=0M0 adder_4=0GK adder_5=0GK adder_6=02E adder_7=073
sc_cfg381,-8889.3425,-8891.6959,15.872798,15.878640,0.0368,17.36,88.848,5119,mult_1=GPF mult_2=5FA mult_5=DAE mult_7=CK3 mult_8=5FA adder_1=0MH adder_2=0DL adder_3=0Q7 adder_4=0DL adder_5=0Q7 adder_7=0EM
sc_cfg382,-3509.9498,-3527.4389,7.563826,7.578447,0.1933,16.71,88.010,5266,mult_0=HGY mult_1=F6B mult_5=DAE mult_6=F6B mult_7=HGP adder_0=0AV adder_1=0DL adder_2=0AV adder_3=0M0 adder_4=0EM adder_5=073 adder_6=0EM adder_7=073
sc_cfg383,-23477.1177,-22309.9209,38.746954,36.675821,5.3453,16.09,107.204,6661,mult_1=GPF mult_3=CK3 mult_4=GPF mult_5=GPF mult_6=DAE mult_7=F6B mult_8=HGY adder_0=073 adder_1=0Q7 adder_2=0M0 adder_3=0GK adder_4=0AV adder_5=0EM adder_6=02E adder_7=0M0
sc_cfg384,1881.0999,-1198.5023,13.930381,12.790254,8.1845,17.09,85.204,4987,mult_0=GPF mult_2=HGY mult_5=5FA mult_7=DAE mult_8=AQ1 adder_0=02E adder_1=0GK adder_2=073 adder_3=0AV adder_5=073 adder_6=0GK adder_7=0MH
sc_cfg385,-12785.6470,-13339.6824,22.007488,22.790405,3.5575,17.39,76.845,4419,mult_0=8VH mult_1=5FA mult_2=HGY mult_4=F6B adder_0=02E adder_1=0M0 adder_2=0MH adder_3=0Q7 adder_5=0Q7 adder_6=0GK adder_7=0M0
sc_cfg386,-15708.3887,-14121.5983,27.211277,30.331169,11.4654,17.54,81.249,4633,mult_1=HGP mult_2=8VH mult_3=5FA mult_4=DAE mult_5=DAE mult_7=HGY adder_1=0EM adder_2=02E adder_4=073 adder_5=073 adder_6=0MH
sc_cfg387,-15.5610,-892.3295,8.821864,9.302502,5.4483,18.74,48.927,2611,mult_0=5FA mult_1=F6B mult_8=8VH adder_1=0DL adder_3=0GK adder_4=02E
sc_cfg388,-17556.1319,-17681.0882,28.616456,28.801100,0.6452,17.62,72.216,4099,mult_1=F6B mult_3=HGP mult_5=HGP mult_6=DAE mult_7=GPF mult_8=CK3 adder_0=0Q7 adder_3=02E adder_4=0GK adder_5=073
sc_cfg389,-6211.2585,-8806.9386,15.984029,17.779761,11.2345,16.27,110.549,6793,mult_0=8VH mult_1=AQ1 mult_2=F6B mult_3=HGP mult_4=5FA mult_6=CK3 mult_8=DAE adder_0=0Q7 adder_1=0M0 adder_2=0Q7 adder_3=0DL adder_4=02E adder_5=0M0 adder_6=0AV adder_7=073
sc_cfg390,-8971.6264,-8972.7067,14.700364,14.706044,0.0386,18.93,53.075,2804,mult_2=GPF mult_6=HGY mult_8=F6B adder_0=0DL adder_1=073 adder_4=0DL adder_5=0AV adder_6=073
sc_cfg391,-27778.5400,-33808.4685,44.337705,56.122086,26.5787,16.45,98.135,5967,mult_0=DAE mult_1=8VH mult_2=GPF mult_3=CK3 mult_4=HGP mult_5=CK3 mult_7=F6B mult_8=CK3 adder_0=0AV adder_1=0M0 adder_4=073 adder_5=0DL adder_6=0MH adder_7=0M0
sc_cfg392,-2169.5490,-2161.2862,3.841215,3.830512,0.2786,19.97,9.890,495,mult_7=8VH
sc_cfg393,-7985.9464,-8818.5986,14.616589,15.705314,7.4486,18.55,41.086,2215,mult_0=HGY mult_7=HGY mult_8=DAE adder_1=0DL adder_3=0M0 adder_4=0MH adder_7=0AV
sc_cfg394,1406.5150,1396.7588,8.871955,8.880631,0.0978,19.76,13.199,668,adder_0=0M0 adder_4=02E
sc_cfg395,1205.9609,1220.8614,8.785753,8.718888,0.7611,18.96,36.955,1949,mult_4=F6B mult_8=DAE adder_2=0M0 adder_6=073 adder_7=02E
sc_cfg396,-17439.1851,-17411.8096,29.379898,29.351807,0.0956,19.03,59.861,3146,mult_4=8VH mult_5=GPF mult_7=HGP mult_8=GPF adder_1=02E adder_3=0GK adder_6=0AV
sc_cfg397,-4986.0154,-4979.8615,10.880519,10.881280,0.0070,19.02,43.794,2303,mult_2=DAE adder_1=0MH adder_4=0AV adder_6=0EM adder_7=0EM
sc_cfg398,-1376.0414,-1377.6795,7.409816,7.412433,0.0353,19.69,16.363,831,mult_7=DAE adder_3=0MH
sc_cfg399,-5862.0093,-5866.4940,10.378863,10.384358,0.0529,19.67,24.323,1236,mult_0=5FA mult_3=CK3
sc_cfg400,-4220.2034,-4198.0820,10.635409,10.614951,0.1924,18.60,46.402,2495,mult_6=DAE adder_0=02E adder_1=0MH adder_2=0Q7 adder_3=073 adder_7=0M0
sc_cfg401,-11624.3570,-9409.0136,23.342191,23.691315,1.4957,19.00,35.837,1887,mult_1=HGY adder_0=0AV adder_2=0DL adder_6=0MH adder_7=0Q7
sc_cfg402,-551.3152,25.9632,11.230709,10.975573,2.2718,18.36,44.765,2439,mult_1=F6B mult_8=8VH adder_0=0DL adder_2=0Q7 adder_5=0GK adder_6=0GK adder_7=0MH
sc_cfg403,-8036.1691,-7992.3496,15.633529,15.583362,0.3209,17.13,93.328,5449,mult_1=DAE mult_2=GPF mult_4=5FA mult_6=GPF mult_8=DAE adder_0=073 adder_1=02E adder_2=0AV adder_3=0M0 adder_4=0Q7 adder_6=0GK adder_7=0M0
sc_cfg404,-25657.6867,-22022.2824,40.523148,38.916579,3.9646,16.91,106.572,6301,mult_0=5FA mult_1=GPF mult_2=CK3 mult_4=CK3 mult_5=5FA mult_6=5FA mult_7=HGP adder_0=0Q7 adder_2=0DL adder_3=02E adder_5=0MH adder_6=0DL adder_7=0GK
sc_cfg405,-25391.6450,-26764.7236,41.247531,43.652371,5.8303,17.10,91.409,5345,mult_0=F6B mult_1=DAE mult_2=GPF mult_3=CK3 mult_4=HGY mult_5=GPF adder_1=073 adder_2=0M0 adder_3=073 adder_4=0MH adder_5=0M0 adder_7=02E
sc_cfg406,22.4842,21.9957,0.137852,0.137993,0.1021,19.16,49.177,2566,mult_1=5FA adder_0=0AV adder_4=0AV adder_6=0EM adder_7=0M0
sc_cfg407,-7721.9235,-8480.7764,16.205639,17.129818,5.7028,17.53,113.685,6485,mult_0=HGY mult_4=CK3 mult_5=5FA mult_6=AQ1 mult_7=F6B mult_8=CK3 adder_1=0GK adder_3=073 adder_4=02E adder_5=0M0 adder_7=0GK
sc_cfg408,-8630.5337,-8622.4987,14.559405,14.553976,0.0373,19.39,35.551,1833,mult_0=CK3 mult_4=HGY adder_2=0M0 adder_7=0GK
sc_cfg409,-6614.9265,-6632.9284,11.718773,11.747932,0.2488,20.03,14.638,731,mult_4=8VH
sc_cfg410,-8490.4730,-10144.6032,24.594070,21.183687,13.8667,18.08,75.917,4198,mult_1=HGY mult_3=CK3 mult_4=DAE mult_5=HGY mult_6=5FA adder_2=0DL adder_5=0DL adder_6=0M0 adder_7=0MH
sc_cfg411,-8510.6074,-6519.3273,16.836290,14.287955,15.1360,19.00,40.456,2130,mult_2=AQ1 mult_4=HGP adder_0=0Q7 adder_2=0DL adder_4=0M0 adder_5=02E
sc_cfg412,-19473.0802,-26937.4251,33.733240,47.106895,39.6453,15.81,121.259,7670,mult_0=GPF mult_1=HGY mult_2=AQ1 mult_3=GPF mult_4=GPF mult_5=HGY mult_6=F6B mult_7=5FA mult_8=DAE adder_0=0Q7 adder_1=0MH adder_2=0DL adder_3=0Q7 adder_4=0AV adder_5=02E adder_6=0MH adder_7=0M0
sc_cfg413,-2319.2912,-2313.2964,4.408977,4.398473,0.2382,19.80,17.375,878,mult_7=F6B adder_7=0GK
sc_cfg414,-10174.2493,-10174.5335,16.584540,16.589686,0.0310,18.63,50.806,2728,mult_0=HGP mult_2=8VH mult_4=AQ1 mult_6=HGY mult_8=HGP adder_0=073 adder_2=0GK adder_5=0AV
sc_cfg415,-8365.0708,-8348.9957,16.588685,16.580816,0.0474,19.15,34.835,1819,mult_1=DAE mult_5=HGY mult_8=GPF adder_1=02E adder_4=0GK
sc_cfg416,-1.2546,-1.2442,0.005151,0.005133,0.3380,19.82,15.802,797,adder_0=0AV adder_5=0EM
sc_cfg417,-103.8009,-29.3307,0.750916,0.727287,3.1467,19.33,36.316,1879,mult_2=5FA mult_4=DAE adder_6=0DL adder_7=0DL
sc_cfg418,-16.7263,-18.5034,0.464755,0.464680,0.0160,20.10,8.883,442,adder_4=0DL
sc_cfg419,-144.6223,-112.2861,0.719544,0.708727,1.5032,19.48,42.451,2179,mult_6=5FA mult_7=DAE adder_1=0DL adder_3=0Q7 adder_5=0DL
sc_cfg420,-13845.8078,-13791.8023,24.750711,24.685108,0.2651,17.24,104.440,6058,mult_0=F6B mult_2=5FA mult_3=F6B mult_4=8VH mult_6=DAE mult_7=F6B mult_8=F6B adder_0=0M0 adder_1=02E adder_3=0MH adder_4=0M0 adder_6=0Q7 adder_7=0GK
sc_cfg421,-5859.3644,-5848.6250,11.882842,11.865920,0.1424,18.12,74.534,4113,mult_4=DAE mult_5=AQ1 mult_7=5FA mult_8=DAE adder_0=0DL adder_1=0M0 adder_3=0Q7 adder_4=0MH adder_5=0DL adder_6=0Q7
sc_cfg422,75.1533,79.0654,0.176387,0.180436,2.2953,19.30,34.381,1781,adder_2=0Q7 adder_3=0AV adder_4=073 adder_5=0Q7 adder_6=0M0
sc_cfg423,-16895.9873,-16902.0482,26.976070,26.987014,0.0406,17.76,66.024,3717,mult_1=HGP mult_2=CK3 mult_5=HGY mult_6=HGP mult_8=CK3 adder_0=0M0 adder_1=0EM adder_3=0DL adder_6=0EM adder_7=0Q7
sc_cfg424,-15289.3717,-15290.1404,24.803480,24.809853,0.0257,18.52,52.318,2824,mult_2=HGP mult_3=F6B mult_5=CK3 mult_6=8VH adder_0=0DL adder_2=0Q7 adder_7=0AV
sc_cfg425,-8137.5959,-8043.0975,16.001841,15.795476,1.2896,17.31,79.644,4600,mult_0=HGP mult_1=HGY mult_3=F6B mult_6=GPF mult_7=F6B mult_8=HGY adder_0=0M0 adder_1=0DL adder_3=02E adder_4=0EM adder_6=073 adder_7=02E
sc_cfg426,-8802.2481,-8819.6963,16.521290,16.552823,0.1909,19.30,44.489,2306,mult_1=HGP mult_6=5FA adder_2=0MH adder_5=0GK adder_6=073
sc_cfg427,-7643.9512,-7504.6199,15.036588,14.886687,0.9969,18.37,65.793,3581,mult_0=F6B mult_1=HGY mult_6=HGY mult_7=5FA mult_8=DAE adder_3=0Q7 adder_4=0AV adder_6=02E
sc_cfg428,-20150.7554,-20197.8266,32.155996,32.228030,0.2240,15.97,112.891,7070,mult_0=DAE mult_1=CK3 mult_3=8VH mult_4=DAE mult_5=GPF mult_6=HGY mult_7=HGP mult_8=DAE adder_0=02E adder_1=0EM adder_2=0DL adder_3=0Q7 adder_4=073 adder_5=0M0 adder_6=073 adder_7=0Q7
sc_cfg429,-13613.7527,-13583.9121,21.942264,21.902477,0.1813,18.25,78.399,4295,mult_0=GPF mult_1=AQ1 mult_2=GPF mult_3=DAE mult_5=GPF mult_7=HGP adder_0=02E adder_3=073 adder_7=0M0
sc_cfg430,-15021.6581,-18366.0396,25.172770,30.108612,19.6079,17.29,95.023,5497,mult_1=AQ1 mult_2=DAE mult_3=GPF mult_5=GPF mult_6=AQ1 mult_8=8VH adder_0=0EM adder_1=0EM adder_2=0DL adder_3=0EM adder_4=0MH adder_5=0AV adder_6=0Q7
sc_cfg431,-20114.2940,-21604.1831,33.500046,35.651763,6.4230,15.97,117.447,7355,mult_0=DAE mult_1=GPF mult_3=5FA mult_4=HGP mult_5=CK3 mult_6=DAE mult_7=GPF mult_8=DAE adder_0=0DL adder_1=02E adder_2=0M0 adder_3=0DL adder_4=0MH adder_5=0Q7 adder_6=0Q7 adder_7=0GK
sc_cfg432,-1182.5941,-1187.2219,2.907022,2.912429,0.1860,19.11,35.380,1852,mult_2=AQ1 mult_8=HGP adder_5=0GK adder_6=0EM adder_7=0EM
sc_cfg433,-21831.1694,-26455.7332,36.031807,45.665718,26.7372,18.89,43.687,2313,mult_0=CK3 mult_1=GPF mult_3=HGP mult_4=GPF adder_4=0MH adder_5=0MH
sc_cfg434,-14693.8297,-14990.0641,23.545782,23.984916,1.8650,16.81,103.546,6160,mult_0=DAE mult_1=HGY mult_2=HGP mult_4=5FA mult_5=F6B mult_6=CK3 mult_7=8VH mult_8=F6B adder_0=0AV adder_1=0M0 adder_2=0DL adder_4=0DL adder_5=073 adder_6=0M0
sc_cfg435,-12710.6594,-13920.9170,22.860455,24.765359,8.3327,17.49,78.494,4488,mult_0=8VH mult_1=F6B mult_5=CK3 mult_6=AQ1 mult_7=HGP mult_8=GPF adder_0=073 adder_2=073 adder_4=0MH adder_6=0M0 adder_7=02E
sc_cfg436,-14033.5634,-13891.2179,23.209340,23.074063,0.5829,17.21,83.195,4833,mult_0=AQ1 mult_2=F6B mult_3=AQ1 mult_4=HGP mult_6=CK3 mult_7=8VH mult_8=HGY adder_0=0GK adder_1=0AV adder_5=0GK adder_6=073 adder_7=0DL
sc_cfg437,163.0036,169.8022,3.295501,3.294025,0.0448,20.12,8.205,408,adder_0=02E
sc_cfg438,-10811.5409,-10807.0857,17.749248,17.747605,0.0093,19.30,34.127,1768,mult_0=HGP mult_2=8VH mult_4=AQ1 mult_5=HGY adder_3=073
sc_cfg439,-4149.6563,-4139.9044,9.154864,9.142339,0.1368,18.50,59.018,3190,mult_2=HGP mult_5=DAE mult_6=F6B mult_8=GPF adder_0=02E adder_2=073 adder_3=073 adder_4=0AV
sc_cfg440,-4220.4576,-4219.5390,7.426744,7.430659,0.0527,19.32,42.791,2214,mult_1=DAE mult_2=HGY mult_4=AQ1 adder_2=0DL adder_4=0AV
sc_cfg441,-14387.4964,-14132.9907,23.309514,22.985721,1.3891,16.56,104.000,6279,mult_0=GPF mult_1=GPF mult_2=AQ1 mult_5=HGY mult_6=CK3 mult_7=F6B mult_8=8VH adder_0=0MH adder_1=0DL adder_2=0Q7 adder_3=0GK adder_4=0AV adder_5=0GK adder_6=0EM adder_7=0EM
sc_cfg442,-18571.4055,-17066.8078,30.585672,32.508859,6.2879,17.96,70.647,3933,mult_1=DAE mult_2=HGY mult_3=DAE mult_4=DAE mult_5=8VH mult_7=GPF adder_1=0GK adder_2=073 adder_5=0MH adder_6=0GK
sc_cfg443,5.9557,5.9899,0.039698,0.039672,0.0656,20.05,8.642,431,adder_0=073
sc_cfg444,-11436.6946,-11026.8318,20.529153,20.093527,2.1220,16.93,96.003,5671,mult_1=5FA mult_2=DAE mult_5=8VH mult_6=HGY mult_7=5FA mult_8=AQ1 adder_0=0GK adder_1=0AV adder_2=0DL adder_3=073 adder_5=0DL adder_6=02E adder_7=0GK
sc_cfg445,-8577.5886,-8804.8293,19.394818,19.428762,0.1750,17.85,66.095,3702,mult_0=HGY mult_3=F6B mult_4=5FA mult_7=GPF adder_0=0MH adder_1=0GK adder_2=0MH adder_3=0GK adder_5=0Q7 adder_7=02E
sc_cfg446,-0.7531,-0.7485,0.002659,0.002651,0.3112,19.97,9.701,486,adder_0=0AV
sc_cfg447,-9943.8340,-9948.1921,16.500882,16.507173,0.0381,19.93,13.452,675,mult_5=HGY mult_6=HGP
sc_cfg448,-12787.6037,-16745.7136,27.631035,32.395025,17.2414,18.68,44.965,2407,mult_0=CK3 mult_6=HGP mult_8=HGP adder_2=0Q7 adder_4=0MH adder_5=0MH adder_6=0Q7
sc_cfg449,-3915.9058,-3905.6553,7.738424,7.729083,0.1207,19.81,11.439,577,mult_2=HGY adder_0=02E
sc_cfg450,-11834.7360,-14168.1817,19.992533,23.596888,18.0285,18.47,50.430,2731,mult_1=5FA mult_2=HGY mult_3=DAE mult_6=HGY mult_7=AQ1 adder_0=02E adder_4=0MH
sc_cfg451,-11170.3827,-11593.1825,21.724864,22.311344,2.6996,17.06,98.986,5804,mult_0=AQ1 mult_1=AQ1 mult_2=CK3 mult_3=CK3 mult_4=DAE mult_7=CK3 adder_0=0MH adder_1=0AV adder_2=02E adder_3=02E adder_4=0M0 adder_5=0Q7 adder_6=0GK
sc_cfg452,-24311.3311,-25371.0971,39.378971,41.712350,5.9254,15.81,111.214,7036,mult_0=AQ1 mult_1=HGY mult_2=F6B mult_3=GPF mult_4=HGY mult_5=5FA mult_6=HGY mult_7=HGP mult_8=CK3 adder_0=0Q7 adder_1=0MH adder_2=02E adder_3=0DL adder_4=0Q7 adder_5=0AV adder_6=02E adder_7=0EM
sc_cfg453,-17741.5829,-17949.2731,29.013434,29.313442,1.0340,16.77,87.793,5235,mult_1=F6B mult_2=HGY mult_3=8VH mult_4=8VH mult_6=F6B mult_7=DAE mult_8=HGY adder_1=02E adder_2=0AV adder_3=0AV adder_4=0M0 adder_5=0DL adder_6=0GK adder_7=0DL
sc_cfg454,-1158.5417,-1159.5015,2.884882,2.886795,0.0663,18.89,66.026,3496,mult_0=F6B mult_1=5FA mult_5=5FA mult_6=5FA adder_1=0EM adder_5=0GK
sc_cfg455,-11.8709,-12.1278,0.462424,0.461798,0.1354,19.96,13.615,682,adder_1=0DL
sc_cfg456,-13981.5804,-13974.3905,23.051902,23.040449,0.0497,17.65,93.177,5279,mult_0=F6B mult_1=GPF mult_3=F6B mult_5=HGP mult_7=5FA mult_8=HGP adder_0=0M0 adder_1=0DL adder_3=02E adder_4=0M0 adder_5=0GK adder_6=0M0
sc_cfg457,-14609.5202,-14827.0264,26.964562,31.321899,16.1595,17.91,66.323,3703,mult_2=HGP mult_4=F6B mult_5=GPF mult_6=F6B mult_7=HGP adder_3=0M0 adder_5=02E adder_6=0MH adder_7=0AV
sc_cfg458,-8019.5887,-8053.9404,13.858299,13.902923,0.3220,18.33,60.975,3326,mult_3=8VH mult_4=DAE mult_5=F6B mult_8=F6B adder_1=0Q7 adder_3=0Q7 adder_5=073 adder_7=0EM
sc_cfg459,-21875.2752,-22140.9431,34.627271,35.022892,1.1425,15.53,119.782,7715,mult_0=HGP mult_1=HGP mult_2=AQ1 mult_3=GPF mult_4=5FA mult_5=CK3 mult_6=8VH mult_7=HGP mult_8=CK3 adder_0=0EM adder_1=0M0 adder_2=0AV adder_3=0MH adder_4=0DL adder_5=073 adder_6=0EM adder_7=0DL
sc_cfg460,-8064.8037,-8066.8063,13.369972,13.379444,0.0708,18.60,48.342,2599,mult_2=8VH mult_6=GPF adder_0=073 adder_1=0M0 adder_2=0EM adder_3=0EM adder_4=0Q7
sc_cfg461,-2758.4171,-6618.2369,18.555650,17.398729,6.2349,18.89,38.287,2027,mult_4=HGP mult_6=HGY mult_7=AQ1 adder_0=0AV adder_3=0GK adder_7=0MH
sc_cfg462,-14917.6112,-10507.4029,25.197786,20.346391,19.2533,18.00,69.187,3843,mult_2=DAE mult_3=CK3 mult_4=GPF mult_5=AQ1 mult_6=F6B adder_1=0EM adder_2=073 adder_4=02E adder_5=0EM
sc_cfg463,-10692.6707,-10714.4725,17.782200,17.812778,0.1720,19.25,29.213,1517,mult_4=8VH mult_6=CK3 adder_0=0Q7 adder_5=0EM
sc_cfg464,24.0897,24.6408,0.149512,0.149642,0.0872,18.91,41.764,2208,mult_4=5FA adder_0=0M0 adder_4=0Q7 adder_5=073 adder_7=0Q7
sc_cfg465,-916.3402,-918.2387,1.677083,1.679070,0.1185,19.58,21.948,1121,mult_8=HGP adder_2=0DL adder_6=0EM
sc_cfg466,-9286.7727,-9279.4446,14.954090,14.943370,0.0717,18.49,49.007,2650,mult_0=HGY mult_1=8VH mult_2=CK3 mult_6=DAE mult_7=HGP adder_2=0AV adder_4=0Q7
sc_cfg467,-0.0302,0.0576,0.033155,0.033086,0.2079,19.84,25.235,1272,mult_7=5FA adder_6=0EM
sc_cfg468,-291.9918,-286.5505,2.175006,2.177428,0.1114,20.19,8.151,404,adder_4=0GK
sc_cfg469,-6529.3913,-6521.1521,11.468139,11.462520,0.0490,18.79,42.673,2271,mult_0=HGY mult_3=F6B mult_6=GPF adder_0=0AV adder_4=0AV adder_5=0GK
sc_cfg470,-521.4468,595.4699,13.192519,13.809339,4.6755,18.50,45.609,2466,mult_3=F6B mult_6=AQ1 mult_8=8VH adder_0=073 adder_1=02E adder_2=02E adder_4=0GK
sc_cfg471,-6064.7267,-6069.5996,10.661774,10.667992,0.0583,19.01,41.409,2178,mult_0=DAE mult_3=HGY mult_6=5FA adder_2=0Q7 adder_5=0DL
sc_cfg472,33.4113,33.3664,0.081120,0.081157,0.0460,19.79,14.628,739,adder_2=073 adder_4=073
sc_cfg473,-23765.9990,-25768.2212,38.498512,42.197184,9.6073,16.58,84.373,5090,mult_2=HGY mult_3=HGP mult_4=DAE mult_5=8VH mult_6=8VH mult_7=HGY mult_8=DAE adder_0=0M0 adder_1=0EM adder_2=02E adder_4=0MH adder_5=0EM adder_6=0GK adder_7=0GK
sc_cfg474,-8035.2337,-8027.5396,13.499865,13.492594,0.0539,19.32,35.851,1856,mult_1=AQ1 mult_5=CK3 mult_7=CK3 adder_4=0Q7
sc_cfg475,-11856.1941,-11927.0379,21.438087,21.533618,0.4456,16.86,94.788,5622,mult_0=CK3 mult_1=5FA mult_2=F6B mult_3=F6B mult_4=HGY mult_5=F6B mult_8=CK3 adder_1=073 adder_3=0MH adder_4=0EM adder_5=073 adder_6=073 adder_7=0AV
sc_cfg476,-3408.3173,-3402.9575,6.657881,6.645619,0.1842,19.44,29.926,1539,mult_5=F6B mult_7=HGP adder_4=0M0 adder_6=0AV
sc_cfg477,-5482.1151,-5466.7063,10.440481,10.409298,0.2987,16.88,94.555,5600,mult_0=F6B mult_3=DAE mult_4=DAE mult_5=F6B mult_6=AQ1 mult_7=DAE adder_0=073 adder_1=0AV adder_2=0DL adder_3=02E adder_5=0AV adder_6=0M0 adder_7=0GK
sc_cfg478,-11729.4335,-15180.6407,22.104545,26.835807,21.4040,18.04,73.505,4076,mult_0=DAE mult_3=HGP mult_5=5FA mult_6=GPF mult_7=AQ1 adder_1=0AV adder_2=02E adder_4=0MH adder_6=0EM
sc_cfg479,-20277.2171,-20527.9619,32.397349,36.916499,13.9491,16.58,108.011,6515,mult_0=DAE mult_1=F6B mult_2=5FA mult_4=GPF mult_6=GPF mult_7=8VH mult_8=GPF adder_1=0M0 adder_2=0AV adder_3=0DL adder_4=0DL adder_5=0MH adder_6=0EM adder_7=0Q7
sc_cfg480,-5272.5844,-5279.8620,10.554943,10.552879,0.0196,16.98,96.655,5691,mult_0=GPF mult_1=CK3 mult_2=F6B mult_4=AQ1 mult_5=AQ1 mult_6=F6B mult_7=GPF mult_8=HGP adder_0=02E adder_1=0AV adder_3=0AV adder_4=0EM adder_7=0DL
sc_cfg481,-2163.3456,-2167.2555,3.832365,3.835861,0.0912,19.84,19.329,974,mult_1=GPF adder_5=0Q7
sc_cfg482,-17870.2203,-17897.6457,29.082092,29.119028,0.1270,18.29,53.252,2911,mult_0=HGP mult_3=HGY mult_4=8VH mult_5=F6B mult_6=GPF adder_0=0Q7 adder_2=0MH adder_4=0Q7
sc_cfg483,-3192.8091,-3202.6189,6.961273,6.953593,0.1103,18.91,32.950,1742,mult_1=HGY mult_2=F6B mult_8=8VH adder_0=0DL adder_7=0GK
sc_cfg484,-11609.4242,-11310.3283,26.086647,25.746039,1.3057,19.55,29.454,1507,mult_6=GPF adder_5=0M0 adder_6=0MH
sc_cfg485,-114.4210,-4767.4821,18.055301,22.921786,26.9532,15.92,108.427,6809,mult_0=HGP mult_1=5FA mult_2=HGY mult_3=F6B mult_4=HGP mult_5=F6B mult_6=HGY mult_7=HGY adder_0=0MH adder_1=0Q7 adder_2=0DL adder_3=02E adder_4=0Q7 adder_5=02E adder_6=02E adder_7=0MH
sc_cfg486,-11297.8497,-11342.3922,19.079826,19.140730,0.3192,17.49,81.641,4668,mult_0=F6B mult_1=F6B mult_2=HGY mult_3=AQ1 mult_5=HGP mult_6=F6B adder_0=0AV adder_1=0M0 adder_2=0M0 adder_4=073 adder_5=0M0 adder_6=0AV
sc_cfg487,-13771.2308,-13444.8167,28.528586,28.119332,1.4345,19.34,29.671,1534,mult_2=DAE mult_6=HGP mult_7=HGP adder_6=0MH
sc_cfg488,-6060.8392,-5819.3186,16.026736,15.764704,1.6350,16.61,97.641,5878,mult_0=AQ1 mult_1=8VH mult_4=5FA mult_5=DAE mult_6=HGP mult_8=F6B adder_0=0EM adder_1=02E adder_2=0GK adder_3=0GK adder_4=0M0 adder_5=0EM adder_6=0Q7 adder_7=02E
sc_cfg489,-13900.2271,-11738.7131,25.730298,22.350494,13.1355,17.46,80.142,4589,mult_1=DAE mult_2=8VH mult_3=DAE mult_4=HGP mult_6=GPF adder_0=0M0 adder_1=0M0 adder_2=073 adder_3=02E adder_4=0M0 adder_5=02E adder_6=02E
sc_cfg490,-2110.1383,-2101.8663,3.763326,3.752569,0.2858,19.35,37.469,1937,mult_7=GPF mult_8=5FA adder_0=073 adder_3=073
sc_cfg491,-1075.1340,-1072.5145,2.743860,2.742415,0.0526,19.02,37.092,1950,mult_8=GPF adder_0=0GK adder_2=0Q7 adder_4=0Q7 adder_5=0EM
sc_cfg492,-8024.5071,-8067.3652,13.242019,13.306690,0.4884,17.73,72.194,4072,mult_0=8VH mult_1=F6B mult_2=AQ1 mult_6=CK3 mult_7=F6B mult_8=8VH adder_1=0DL adder_2=0M0 adder_3=0M0 adder_6=073
sc_cfg493,-16431.8384,-16450.9343,27.314060,27.350131,0.1321,18.22,57.799,3172,mult_0=8VH mult_3=CK3 mult_4=8VH mult_7=8VH mult_8=AQ1 adder_2=0MH adder_3=0AV adder_4=0Q7
sc_cfg494,-15422.8827,-14432.7999,25.572064,24.412037,4.5363,16.22,105.581,6509,mult_0=F6B mult_1=8VH mult_2=GPF mult_3=AQ1 mult_6=HGY mult_7=GPF mult_8=F6B adder_0=0Q7 adder_1=0DL adder_2=0AV adder_3=02E adder_4=0EM adder_5=0DL adder_6=02E adder_7=0AV
sc_cfg495,-7200.4095,-7138.4934,11.801658,11.715243,0.7322,18.26,62.191,3407,mult_1=8VH mult_6=8VH mult_7=5FA mult_8=CK3 adder_0=0AV adder_2=0AV adder_4=073 adder_5=0DL
sc_cfg496,-6983.0899,-6994.0448,12.003470,12.018371,0.1241,18.26,62.338,3413,mult_0=CK3 mult_1=F6B mult_2=DAE mult_4=F6B mult_6=8VH adder_1=0M0 adder_4=0Q7 adder_6=073
sc_cfg497,-20993.3744,-23114.9667,34.079893,37.277686,9.3832,17.88,73.260,4096,mult_1=5FA mult_2=HGP mult_4=HGY mult_5=CK3 mult_6=5FA mult_7=DAE mult_8=HGP adder_3=0Q7 adder_4=0MH
sc_cfg498,-8778.4916,-8800.4722,14.805626,14.839406,0.2282,19.18,45.389,2366,mult_1=CK3 mult_4=CK3 mult_5=5FA mult_8=AQ1
sc_cfg499,592.8310,794.6040,22.139696,23.278829,5.1452,18.21,61.495,3378,mult_2=F6B mult_3=CK3 mult_6=F6B adder_1=073 adder_2=02E adder_5=0MH adder_6=0GK adder_7=073
sc_cfg500,-20108.2710,-20196.8846,32.140613,32.269705,0.4016,17.02,91.177,5359,mult_0=8VH mult_1=AQ1 mult_3=HGP mult_4=GPF mult_6=HGP mult_7=8VH mult_8=DAE adder_0=073 adder_2=0Q7 adder_3=0AV adder_4=0GK adder_6=0EM adder_7=0DL
sc_cfg501,-3533.5454,-3551.0981,10.835557,10.851030,0.1428,18.98,37.412,1971,mult_3=AQ1 mult_6=CK3 mult_8=F6B adder_0=0Q7 adder_4=02E
sc_cfg502,29.5578,29.6356,0.134157,0.133966,0.1425,19.92,8.687,436,adder_1=0M0
sc_cfg503,-4673.1332,-4765.4482,11.808035,12.020871,1.8025,18.70,48.959,2618,mult_0=5FA mult_1=HGY mult_2=HGP adder_3=073 adder_4=02E adder_7=0M0
sc_cfg504,-6198.3059,-6197.3513,11.685358,11.684832,0.0045,18.97,46.447,2448,mult_0=F6B mult_5=GPF mult_6=F6B adder_1=0AV adder_2=073
sc_cfg505,-3292.5139,-3300.4541,5.887607,5.900042,0.2112,17.99,77.299,4298,mult_0=AQ1 mult_1=8VH mult_2=5FA mult_8=GPF adder_0=0EM adder_1=0GK adder_3=0DL adder_6=073 adder_7=073
sc_cfg506,-72.8320,-392.1088,12.187860,12.247210,0.4870,18.73,39.422,2105,mult_4=F6B adder_0=0MH adder_1=073 adder_2=0GK adder_4=02E adder_5=02E
sc_cfg507,630.0495,720.7476,12.314581,12.051254,2.1383,18.44,55.356,3002,mult_6=5FA adder_1=02E adder_2=0M0 adder_3=0Q7 adder_4=0M0 adder_6=0Q7 adder_7=02E
sc_cfg508,-6547.8410,-6754.0997,11.256597,11.544023,2.5534,18.31,74.032,4043,mult_2=CK3 mult_3=DAE mult_4=DAE mult_7=GPF adder_2=073 adder_3=0Q7 adder_4=0GK adder_5=0GK adder_6=0EM
sc_cfg509,-6049.7709,-6050.5834,10.820719,10.824757,0.0373,19.46,24.394,1254,mult_3=CK3 mult_7=AQ1 adder_0=0GK
sc_cfg510,-4258.2045,-4247.9645,7.070349,7.054504,0.2241,18.91,40.977,2167,mult_1=CK3 mult_7=8VH adder_0=073 adder_3=0Q7 adder_4=0Q7 adder_6=0M0
sc_cfg511,-9068.2216,-9069.0178,15.176293,15.177171,0.0058,16.60,112.977,6805,mult_0=5FA mult_1=HGP mult_2=AQ1 mult_3=DAE mult_4=5FA mult_5=HGP mult_7=5FA adder_0=073 adder_1=0GK adder_2=0M0 adder_3=073 adder_4=0M0 adder_5=0AV adder_7=0GK
sc_cfg512,-8074.0215,-7912.5770,15.447523,15.177639,1.7471,17.49,72.515,4146,mult_0=CK3 mult_1=HGP mult_2=HGP mult_4=DAE mult_7=GPF mult_8=HGY adder_2=0AV adder_4=0EM adder_5=0M0 adder_6=0DL adder_7=02E
sc_cfg513,-10372.8606,-10326.9760,20.998080,20.907272,0.4325,18.79,46.077,2453,mult_3=5FA mult_6=DAE adder_1=02E adder_2=0MH adder_3=0M0 adder_4=0MH
sc_cfg514,-6719.5437,-6721.2235,11.561386,11.565289,0.0338,19.49,20.551,1054,mult_5=HGP mult_8=HGP adder_2=073
sc_cfg515,-2449.0183,-2506.0952,6.215047,6.262930,0.7704,19.01,36.603,1925,mult_3=F6B mult_4=F6B adder_1=0DL adder_4=0DL adder_5=0EM
sc_cfg516,-19618.7340,-21179.2463,32.731340,35.001198,6.9348,16.21,119.006,7344,mult_0=F6B mult_1=F6B mult_2=GPF mult_3=F6B mult_4=8VH mult_5=HGP mult_7=GPF mult_8=HGP adder_0=0AV adder_1=073 adder_2=02E adder_3=0EM adder_4=02E adder_5=0Q7 adder_6=0DL adder_7=073
sc_cfg517,-140.2182,-115.9018,0.762983,0.747256,2.0613,18.13,60.366,3329,mult_0=DAE mult_1=5FA adder_0=0M0 adder_1=0M0 adder_2=073 adder_3=0AV adder_6=0DL adder_7=0DL
sc_cfg518,-132.7976,-152.9215,8.489369,8.485323,0.0477,20.13,8.070,401,adder_6=02E
sc_cfg519,-8104.0866,-8058.0362,16.330527,16.283982,0.2850,19.36,31.275,1615,mult_2=HGP mult_5=HGP adder_2=02E adder_5=0Q7 adder_6=073
sc_cfg520,-16665.2493,-16544.9705,27.879396,27.847471,0.1145,17.21,85.294,4957,mult_0=8VH mult_1=HGY mult_2=HGP mult_5=8VH mult_6=GPF mult_7=AQ1 mult_8=F6B adder_0=0AV adder_1=0DL adder_2=0DL adder_4=02E adder_5=0EM adder_6=0AV
sc_cfg521,-5012.1504,-7882.6242,12.415218,15.795677,27.2284,16.66,114.531,6876,mult_0=8VH mult_2=5FA mult_3=F6B mult_4=DAE mult_5=DAE mult_6=HGY mult_7=F6B mult_8=5FA adder_0=02E adder_1=0AV adder_2=0DL adder_3=0M0 adder_4=0M0 adder_5=02E adder_7=0EM
sc_cfg522,-13362.8023,-13345.4210,22.591971,22.579207,0.0565,18.79,45.671,2430,mult_0=F6B mult_5=GPF mult_7=8VH mult_8=AQ1 adder_1=0MH adder_4=073
sc_cfg523,-8006.0674,-8014.5971,13.463639,13.472075,0.0627,19.31,40.575,2101,mult_1=8VH mult_3=HGY mult_6=5FA adder_2=0AV adder_6=0AV
sc_cfg524,-23509.8718,-21483.2160,37.272222,38.077059,2.1593,16.02,114.835,7167,mult_0=F6B mult_2=8VH mult_3=AQ1 mult_4=F6B mult_5=HGP mult_6=CK3 mult_7=GPF mult_8=5FA adder_0=073 adder_1=0M0 adder_2=0Q7 adder_3=02E adder_4=0Q7 adder_5=0MH adder_6=0Q7 adder_7=0AV
sc_cfg525,31.1166,31.1045,0.074577,0.074738,0.2156,19.78,23.871,1207,mult_8=5FA adder_1=073
sc_cfg526,-0.9975,-1.0015,0.004473,0.004470,0.0657,20.01,11.732,586,adder_7=0EM
sc_cfg527,-12999.0562,-13012.4584,21.001347,21.020474,0.0911,19.13,38.610,2018,mult_1=HGP mult_3=8VH mult_6=CK3 mult_8=HGP adder_7=0AV
sc_cfg528,-2159.8426,-2163.8152,3.827727,3.831299,0.0933,19.80,17.215,869,mult_1=8VH adder_1=0Q7
sc_cfg529,-4395.5561,-7504.0402,19.831469,18.019351,9.1376,17.90,83.881,4686,mult_0=5FA mult_1=CK3 mult_3=5FA mult_4=GPF mult_7=HGP adder_0=0MH adder_1=0Q7 adder_3=0AV adder_5=0DL adder_7=0MH
sc_cfg530,-0.4991,-0.4986,0.002164,0.002163,0.0541,20.01,10.674,533,adder_4=0AV
sc_cfg531,-4922.3947,-4917.8073,8.401818,8.399025,0.0332,19.21,34.759,1809,mult_0=CK3 mult_2=8VH adder_0=073 adder_5=073 adder_6=0EM
sc_cfg532,-10495.3403,-10949.6817,17.743826,18.367321,3.5139,17.22,96.136,5582,mult_0=HGY mult_1=F6B mult_3=5FA mult_4=HGP mult_5=F6B mult_8=8VH adder_0=0MH adder_2=073 adder_3=073 adder_4=0GK adder_5=0Q7 adder_7=0AV
sc_cfg533,1293.2749,556.2383,8.757825,8.704429,0.6097,18.86,52.837,2802,mult_0=8VH mult_4=5FA mult_8=AQ1 adder_0=0Q7 adder_3=0M0 adder_4=02E
sc_cfg534,-11822.5817,-11831.7073,19.369453,19.386846,0.0898,18.91,48.512,2565,mult_2=HGY mult_5=GPF mult_7=CK3 adder_1=0GK adder_4=0M0 adder_6=073
sc_cfg535,-15449.6563,-19554.1226,25.841153,35.739014,38.3027,17.80,69.357,3897,mult_0=HGY mult_4=GPF mult_5=HGY mult_6=AQ1 mult_8=HGY adder_1=0DL adder_2=0M0 adder_5=0MH adder_6=0Q7 adder_7=073
sc_cfg536,-18434.7453,-19195.2634,30.959789,32.056761,3.5432,17.83,74.647,4187,mult_0=CK3 mult_1=AQ1 mult_4=8VH mult_5=GPF mult_6=8VH mult_7=DAE mult_8=DAE adder_1=02E adder_3=0DL adder_5=0GK
sc_cfg537,-6623.8907,-6617.3857,12.033616,12.027151,0.0537,18.78,54.161,2884,mult_1=AQ1 mult_4=F6B mult_5=F6B mult_6=HGP adder_2=0AV adder_4=0GK adder_6=0Q7
sc_cfg538,-28325.5689,-28521.6227,44.760177,45.054520,0.6576,16.31,97.302,5965,mult_0=HGY mult_1=F6B mult_2=CK3 mult_3=8VH mult_4=8VH mult_5=HGP mult_6=8VH mult_8=AQ1 adder_1=0DL adder_2=0DL adder_3=0Q7 adder_4=073 adder_5=0DL adder_6=0M0 adder_7=0M0
sc_cfg539,-15566.9281,-15775.1591,25.266347,25.566468,1.1878,18.22,66.672,3660,mult_0=HGY mult_1=8VH mult_3=HGY mult_4=F6B mult_5=HGY mult_6=5FA adder_2=0AV adder_5=0DL adder_6=0Q7
sc_cfg540,-20533.4251,-20602.7087,32.764719,32.868170,0.3157,17.21,96.358,5598,mult_0=F6B mult_1=F6B mult_2=HGY mult_3=HGY mult_4=GPF mult_7=HGP mult_8=5FA adder_0=0M0 adder_1=0MH adder_2=0AV adder_4=0Q7 adder_5=0M0 adder_6=0M0
sc_cfg541,-8009.8519,-8011.8067,15.057980,15.050045,0.0527,19.65,35.758,1820,mult_5=CK3 mult_6=HGP mult_7=AQ1 adder_1=0DL adder_3=0MH
sc_cfg542,-8406.1380,-8404.1265,15.562742,15.550092,0.0813,18.91,36.036,1906,mult_5=HGY mult_7=5FA mult_8=HGY adder_0=0AV adder_3=0MH
sc_cfg543,-11314.4259,-10411.3472,28.441389,28.256337,0.6506,16.76,100.262,5984,mult_0=5FA mult_3=CK3 mult_4=DAE mult_5=8VH mult_6=CK3 mult_7=F6B mult_8=GPF adder_0=02E adder_2=02E adder_4=0AV adder_5=0MH adder_6=073 adder_7=0M0
sc_cfg544,-15856.6455,-21057.5149,33.884349,38.637725,14.0282,18.00,65.722,3652,mult_0=HGY mult_3=DAE mult_5=HGP mult_7=HGP mult_8=F6B adder_0=0MH adder_2=0MH adder_3=073 adder_5=0M0 adder_6=0MH
sc_cfg545,-0.1306,-0.1177,0.014963,0.014957,0.0434,19.77,10.312,521,adder_7=0Q7
sc_cfg546,-1417.0561,-1416.5851,4.741023,4.734331,0.1412,18.79,35.049,1865,mult_3=F6B adder_0=0GK adder_4=0Q7 adder_6=0DL adder_7=073
sc_cfg547,-8255.4825,-8257.4246,15.343561,15.346206,0.0172,17.79,67.036,3768,mult_3=HGY mult_4=5FA mult_6=F6B mult_8=DAE adder_0=0AV adder_1=0AV adder_2=0AV adder_3=0MH adder_6=0Q7
sc_cfg548,-7294.6020,-7313.9943,12.661688,12.692727,0.2451,19.05,29.955,1573,mult_4=8VH mult_8=GPF adder_2=0DL adder_3=0M0
sc_cfg549,-14028.5067,-14312.8715,22.963846,23.370061,1.7689,16.44,108.074,6572,mult_0=DAE mult_1=GPF mult_3=DAE mult_4=CK3 mult_5=F6B mult_6=8VH mult_8=AQ1 adder_0=0EM adder_1=0DL adder_2=0Q7 adder_3=0AV adder_4=0DL adder_5=073 adder_7=0Q7
sc_cfg550,-7663.2895,-7667.9195,13.311625,13.325612,0.1051,18.83,56.838,3018,mult_2=5FA mult_4=GPF mult_8=GPF adder_0=0GK adder_7=0M0
sc_cfg551,-5656.0150,-5651.7781,10.634087,10.624534,0.0898,18.94,43.472,2295,mult_3=HGP mult_6=DAE mult_8=AQ1 adder_0=02E adder_6=0M0
sc_cfg552,-14629.7062,-13851.9678,29.742924,28.890416,2.8663,19.63,20.487,1044,mult_4=CK3 adder_6=0MH
sc_cfg553,-6310.8845,-6536.0058,10.870699,11.168822,2.7424,17.88,77.162,4315,mult_2=8VH mult_3=5FA mult_7=F6B adder_1=0AV adder_3=0M0 adder_4=0M0 adder_5=0GK adder_6=0EM adder_7=0GK
sc_cfg554,-23931.0882,-27017.9002,38.264154,43.457789,13.5731,15.40,125.380,8139,mult_0=AQ1 mult_1=AQ1 mult_2=8VH mult_3=8VH mult_4=8VH mult_5=F6B mult_6=DAE mult_7=AQ1 mult_8=F6B adder_0=0M0 adder_1=0Q7 adder_2=0GK adder_3=02E adder_4=0MH adder_5=0EM adder_6=0EM adder_7=0AV
sc_cfg555,-9253.3182,-7708.7776,17.332353,15.658088,9.6598,16.69,104.086,6237,mult_0=CK3 mult_1=8VH mult_2=8VH mult_3=F6B mult_4=5FA mult_5=F6B mult_6=5FA mult_8=AQ1 adder_0=0AV adder_4=0EM adder_5=073 adder_6=0DL adder_7=02E
sc_cfg556,-79.6776,-81.3435,0.307759,0.308494,0.2388,19.10,39.400,2063,mult_0=5FA mult_1=DAE adder_3=0M0 adder_7=073
sc_cfg557,-19248.8548,-19093.9860,31.454448,35.423867,12.6196,16.96,84.233,4966,mult_1=GPF mult_3=HGP mult_6=HGP mult_7=5FA adder_0=0Q7 adder_1=0EM adder_2=0DL adder_3=0AV adder_4=0DL adder_5=073 adder_6=0MH adder_7=073
sc_cfg558,714.0529,713.0894,4.483959,4.477567,0.1426,18.98,43.240,2279,mult_5=5FA mult_6=F6B adder_0=0M0 adder_3=0DL adder_5=0EM
sc_cfg559,-9924.0893,-10130.9511,17.068130,17.353831,1.6739,17.25,77.912,4516,mult_0=AQ1 mult_1=GPF mult_3=F6B mult_4=HGP adder_0=0M0 adder_2=0EM adder_3=0AV adder_4=0GK adder_5=0GK adder_6=0Q7 adder_7=0AV
sc_cfg560,-2626.8583,-2670.6608,8.920841,8.928726,0.0884,16.74,92.579,5531,mult_0=CK3 mult_2=F6B mult_4=F6B mult_5=F6B mult_6=F6B mult_7=AQ1 mult_8=HGP adder_1=0DL adder_2=073 adder_3=073 adder_4=0M0 adder_5=0EM adder_7=0AV
sc_cfg561,-4242.3134,-4243.5504,7.193427,7.195800,0.0330,18.82,40.975,2177,mult_0=GPF mult_1=HGY mult_8=CK3 adder_3=0AV adder_6=0GK
sc_cfg562,-5856.3395,-5857.0950,10.371382,10.374858,0.0335,19.59,17.614,899,mult_5=HGY adder_0=0M0
sc_cfg563,-24387.3773,-22742.1815,39.126127,40.730491,4.1005,18.02,57.833,3210,mult_1=8VH mult_5=HGP mult_6=DAE mult_7=HGP mult_8=8VH adder_0=0Q7 adder_1=0MH adder_6=0MH
sc_cfg564,-11870.4934,-11900.2128,19.591788,19.635677,0.2240,18.35,59.440,3240,mult_0=AQ1 mult_4=HGP mult_6=HGP mult_8=8VH adder_0=0AV adder_1=0GK adder_3=0Q7 adder_6=0AV
sc_cfg565,-15709.9115,-15651.2361,26.427507,26.383185,0.1677,16.78,93.053,5545,mult_0=HGY mult_2=HGP mult_3=GPF mult_4=AQ1 mult_6=8VH mult_7=CK3 mult_8=DAE adder_0=02E adder_1=0EM adder_2=0M0 adder_5=0Q7 adder_6=0AV adder_7=02E
sc_cfg566,-23935.6879,-23997.9354,38.542060,41.718201,8.2407,16.28,97.221,5973,mult_0=HGY mult_1=8VH mult_3=GPF mult_4=GPF mult_5=AQ1 mult_7=8VH mult_8=8VH adder_0=0EM adder_1=073 adder_2=0Q7 adder_3=073 adder_4=0M0 adder_5=0MH adder_6=0DL adder_7=0DL
sc_cfg567,-5036.3962,-5049.2052,8.811851,8.833224,0.2426,19.18,36.561,1906,mult_1=F6B mult_5=5FA mult_6=HGP adder_3=0DL
sc_cfg568,-14703.3212,-12878.7395,24.780626,27.681948,11.7080,18.67,43.402,2325,mult_3=8VH mult_5=AQ1 mult_6=DAE adder_3=0DL adder_5=0Q7 adder_6=0MH
sc_cfg569,1.0047,0.9933,0.004056,0.004052,0.0931,19.60,19.550,997,mult_4=AQ1 adder_2=0EM
sc_cfg570,-4227.7613,-4221.3912,6.959049,6.950541,0.1223,17.88,76.479,4277,mult_0=CK3 mult_1=AQ1 mult_2=AQ1 mult_6=5FA mult_7=8VH adder_1=0AV adder_4=0DL adder_5=0AV adder_7=0GK
sc_cfg571,1256.8941,1282.7968,6.715213,6.719155,0.0587,18.88,38.389,2033,adder_0=0MH adder_1=0EM adder_5=0Q7 adder_6=0GK adder_7=0M0
sc_cfg572,-4050.0446,-4054.8844,7.182892,7.191541,0.1204,19.04,37.636,1977,mult_0=AQ1 mult_6=8VH adder_0=073 adder_3=0Q7 adder_6=073
sc_cfg573,-9959.5695,-9998.9376,16.627702,16.688072,0.3631,18.70,42.148,2253,mult_0=HGY mult_1=CK3 mult_4=8VH adder_1=0DL adder_5=0EM adder_6=0GK
sc_cfg574,-1168.8360,-1064.2620,2.920226,2.850387,2.3916,18.93,35.570,1879,mult_8=8VH adder_2=0M0 adder_4=0DL adder_6=0GK adder_7=0AV
sc_cfg575,-17268.9846,-17207.9755,27.992038,27.875472,0.4164,17.63,73.223,4153,mult_2=AQ1 mult_3=8VH mult_4=CK3 mult_7=5FA mult_8=F6B adder_0=0M0 adder_1=0MH adder_2=0GK adder_3=0GK adder_4=0DL
sc_cfg576,-1923.0367,-4931.6708,17.317121,15.800741,8.7565,17.30,83.017,4799,mult_0=HGY mult_1=F6B mult_2=AQ1 mult_3=AQ1 mult_4=F6B mult_5=HGP mult_6=DAE adder_1=073 adder_2=0EM adder_3=0Q7 adder_7=0MH
sc_cfg577,-13749.8559,-13769.4021,22.266369,22.297096,0.1380,18.62,43.281,2325,mult_1=8VH mult_2=HGY mult_4=HGY mult_8=HGP adder_3=0AV adder_5=0Q7
sc_cfg578,-8791.0088,-8780.8854,15.152417,15.139695,0.0840,19.02,26.276,1382,mult_3=HGY mult_8=F6B adder_0=0Q7 adder_1=02E
sc_cfg579,-10821.6067,-10821.0931,17.764905,17.766312,0.0079,18.50,50.382,2723,mult_0=GPF mult_2=GPF mult_3=8VH adder_1=0Q7 adder_2=073 adder_7=0EM
sc_cfg580,-9366.6901,-9389.8747,15.910486,15.947774,0.2344,19.22,35.317,1838,mult_1=GPF mult_4=CK3 adder_3=0GK adder_6=0GK
sc_cfg581,-3036.0382,-3038.2012,5.123108,5.123113,0.0001,18.82,42.779,2273,mult_0=CK3 mult_1=HGP mult_6=DAE adder_1=0DL adder_2=073
sc_cfg582,-170.8717,-165.3956,2.189879,2.192595,0.1240,19.08,45.556,2388,mult_3=AQ1 mult_5=DAE mult_6=AQ1 adder_4=0GK adder_6=0M0
sc_cfg583,-22996.7486,-23284.3302,39.774751,41.160079,3.4829,17.96,68.497,3814,mult_0=F6B mult_1=DAE mult_4=HGP mult_5=HGP adder_1=0AV adder_3=073 adder_5=0DL adder_6=0MH adder_7=0MH
sc_cfg584,-14983.5765,-13844.1263,25.163278,29.383024,16.7695,18.12,49.634,2739,mult_1=8VH adder_0=0EM adder_1=0MH adder_2=0EM adder_4=0AV adder_5=0EM adder_6=0MH adder_7=0Q7
sc_cfg585,1127.0949,-746.9608,8.682087,8.907297,2.5940,19.70,14.328,727,mult_1=HGP adder_4=02E
sc_cfg586,-2672.5751,-6318.5919,15.623008,17.285307,10.6401,18.35,57.074,3110,mult_4=AQ1 mult_5=5FA mult_8=GPF adder_2=0MH adder_4=0AV adder_5=0GK adder_7=0MH
sc_cfg587,-7076.1687,-7080.9057,11.623066,11.630509,0.0640,18.37,62.708,3414,mult_1=CK3 mult_2=HGY mult_3=DAE mult_5=5FA mult_8=8VH adder_0=0Q7 adder_5=0EM adder_6=0EM
sc_cfg588,-1600.5267,-1597.4512,7.396997,7.393303,0.0499,18.82,31.056,1650,adder_0=0AV adder_2=073 adder_3=0MH adder_4=073 adder_5=0M0
sc_cfg589,-11672.0989,-11633.0683,21.034595,20.988454,0.2194,18.68,52.345,2802,mult_1=DAE mult_2=5FA mult_3=8VH mult_6=CK3 mult_7=8VH adder_2=02E
sc_cfg590,-18472.0706,-18472.2699,29.349075,29.352276,0.0109,17.48,85.462,4888,mult_1=HGY mult_2=GPF mult_3=8VH mult_6=8VH mult_7=GPF mult_8=DAE adder_0=0EM adder_1=073 adder_3=0DL adder_4=073 adder_5=0EM
sc_cfg591,-7.3271,-5.9223,0.464645,0.464715,0.0151,20.04,12.133,605,adder_6=0DL
sc_cfg592,-23176.8898,-23170.0773,36.965983,36.962818,0.0086,18.47,62.990,3411,mult_1=8VH mult_3=8VH mult_4=F6B mult_5=HGP mult_6=HGY mult_7=HGP adder_1=02E adder_5=0DL adder_7=0Q7
sc_cfg593,-16021.6987,-15968.0219,26.075730,26.006103,0.2670,17.73,80.774,4557,mult_0=GPF mult_2=AQ1 mult_3=F6B mult_4=GPF mult_5=CK3 mult_8=8VH adder_0=0EM adder_4=0DL adder_6=073 adder_7=0GK
sc_cfg594,-4807.3828,-4353.5286,12.063101,11.598919,3.8479,16.80,101.947,6070,mult_3=DAE mult_4=DAE mult_5=GPF mult_6=DAE mult_7=5FA mult_8=AQ1 adder_0=0GK adder_1=0EM adder_2=0DL adder_3=0EM adder_4=0GK adder_6=0GK adder_7=02E
sc_cfg595,398.8772,-3325.0092,14.819962,14.028116,5.3431,17.87,79.768,4464,mult_1=CK3 mult_2=AQ1 mult_4=AQ1 mult_6=8VH mult_7=F6B mult_8=5FA adder_0=0Q7 adder_1=0M0 adder_5=073 adder_7=0MH
sc_cfg596,-15967.6451,-15800.0809,26.904403,26.750728,0.5712,16.68,94.122,5642,mult_0=HGY mult_1=AQ1 mult_2=GPF mult_4=DAE mult_5=HGP mult_6=CK3 mult_8=HGY adder_0=0GK adder_1=0Q7 adder_2=0Q7 adder_4=0AV adder_5=073 adder_6=02E adder_7=0AV
sc_cfg597,1697.4098,-182.0983,14.510436,14.242405,1.8472,18.69,67.922,3634,mult_2=5FA mult_3=DAE mult_5=5FA mult_7=HGP adder_0=0MH adder_3=0MH adder_7=0MH
sc_cfg598,-17825.4545,-21048.8849,33.322577,37.614517,12.8800,16.19,117.369,7251,mult_0=DAE mult_1=F6B mult_2=HGY mult_3=HGY mult_4=5FA mult_5=AQ1 mult_6=HGP mult_7=AQ1 mult_8=DAE adder_0=0EM adder_1=02E adder_4=0Q7 adder_5=0MH adder_6=0M0 adder_7=0M0
sc_cfg599,-1070.8136,-1821.0573,13.669317,18.761002,37.2490,17.15,80.886,4717,mult_0=5FA mult_1=HGP mult_2=HGP mult_3=AQ1 mult_8=HGY adder_0=073 adder_1=0M0 adder_2=0GK adder_3=0MH adder_5=0AV adder_6=02E adder_7=0MH
sc_cfg600,-19945.3194,-21503.6713,31.864356,34.742763,9.0333,16.90,103.188,6107,mult_0=F6B mult_1=AQ1 mult_2=DAE mult_3=GPF mult_4=8VH mult_6=5FA mult_8=F6B adder_0=02E adder_1=0GK adder_2=0GK adder_3=0M0 adder_4=0MH adder_7=0Q7
sc_cfg601,-10757.1982,-10239.1712,19.875284,19.199674,3.3992,17.23,95.405,5537,mult_0=AQ1 mult_1=GPF mult_2=GPF mult_4=CK3 mult_8=F6B adder_0=02E adder_1=0EM adder_2=0M0 adder_3=0AV adder_4=073 adder_6=0Q7 adder_7=02E
sc_cfg602,-8946.1943,-10091.0033,17.190210,19.114800,11.1958,16.95,98.189,5794,mult_0=DAE mult_1=8VH mult_2=F6B mult_3=CK3 mult_4=F6B mult_5=AQ1 mult_6=AQ1 mult_8=HGY adder_0=0DL adder_3=073 adder_4=0GK adder_6=02E adder_7=0AV
sc_cfg603,26.0137,-4115.9363,15.313968,14.815580,3.2545,19.56,29.281,1497,mult_3=CK3 mult_7=GPF adder_7=0MH
sc_cfg604,1.6831,1.6391,0.015593,0.015596,0.0251,19.78,20.400,1031,adder_2=0EM adder_6=0Q7
sc_cfg605,110.4333,116.0819,4.828448,4.827069,0.0286,19.61,28.839,1471,mult_6=F6B mult_7=DAE adder_4=0GK
sc_cfg606,-15576.1494,-20992.6868,27.050560,38.504172,42.3415,16.61,105.264,6338,mult_0=F6B mult_1=HGP mult_4=CK3 mult_5=HGP mult_6=DAE mult_7=HGP adder_0=0Q7 adder_1=0DL adder_2=0EM adder_3=0EM adder_4=0Q7 adder_5=0MH adder_6=0Q7 adder_7=02E
sc_cfg607,-7078.7273,-6752.4203,15.478015,14.562671,5.9138,18.10,64.879,3584,mult_1=AQ1 mult_2=DAE mult_4=CK3 mult_7=DAE adder_0=0Q7 adder_2=0M0 adder_5=02E adder_6=073 adder_7=0EM
sc_cfg608,-9974.6247,-10069.1730,17.153753,17.283759,0.7579,17.78,73.142,4114,mult_1=8VH mult_2=5FA mult_5=HGY mult_6=F6B mult_7=F6B adder_1=0Q7 adder_2=0Q7 adder_4=0GK adder_5=0AV adder_7=0GK
sc_cfg609,-5981.0067,-6330.5846,13.295750,13.598816,2.2794,18.79,46.988,2500,mult_2=CK3 mult_7=8VH adder_1=0GK adder_2=0Q7 adder_3=0GK adder_5=02E
sc_cfg610,-13215.4416,-13119.8928,25.339951,24.495855,3.3311,18.79,49.085,2613,mult_2=8VH mult_3=F6B mult_6=AQ1 mult_7=8VH adder_2=0MH adder_5=02E
sc_cfg611,-10680.8903,-10698.9121,17.761675,17.791661,0.1688,18.63,55.773,2994,mult_1=AQ1 mult_2=GPF mult_4=HGY mult_7=AQ1 adder_0=073 adder_4=0AV adder_5=0EM
sc_cfg612,-11372.0830,-11249.0683,18.596674,18.429552,0.8987,17.86,79.909,4474,mult_0=CK3 mult_2=GPF mult_5=CK3 mult_7=5FA adder_0=0AV adder_1=0AV adder_2=0GK adder_4=0M0 adder_5=0DL adder_6=0DL
sc_cfg613,-12653.5498,-9049.7977,26.896099,26.127409,2.8580,17.59,66.536,3782,mult_1=8VH mult_4=F6B mult_6=F6B mult_7=AQ1 adder_2=0Q7 adder_3=0MH adder_4=0GK adder_5=073 adder_6=0MH adder_7=0Q7
sc_cfg614,-9248.9764,-9247.1473,14.898925,14.897996,0.0062,17.89,73.709,4121,mult_0=F6B mult_1=HGY mult_3=DAE mult_6=CK3 mult_7=8VH adder_0=0AV adder_1=0AV adder_3=0Q7 adder_5=0AV adder_7=0AV
sc_cfg615,-20079.3782,-16155.5102,37.714146,29.528347,21.7049,17.26,73.217,4241,mult_1=CK3 mult_3=HGY mult_5=8VH mult_6=CK3 mult_7=HGY mult_8=HGP adder_0=0AV adder_2=02E adder_4=0M0 adder_5=0GK adder_6=0GK adder_7=0MH
sc_cfg616,-17376.3892,-18875.1240,30.572446,32.611042,6.6681,15.88,120.368,7578,mult_0=F6B mult_1=8VH mult_2=GPF mult_3=5FA mult_4=F6B mult_5=HGP mult_6=F6B mult_8=DAE adder_0=02E adder_1=0MH adder_2=0MH adder_3=0M0 adder_4=0Q7 adder_5=02E adder_6=0AV adder_7=0DL
sc_cfg617,-219.7192,-220.2756,0.426092,0.426959,0.2033,19.92,20.017,1005,mult_0=DAE adder_6=0Q7
sc_cfg618,-8412.9914,-8422.1316,15.593788,15.604053,0.0658,16.77,95.013,5666,mult_2=CK3 mult_3=HGY mult_5=DAE mult_7=DAE mult_8=AQ1 adder_0=0MH adder_1=0MH adder_2=0M0 adder_3=0AV adder_4=0EM adder_5=073 adder_6=0AV adder_7=0M0
sc_cfg619,-2696.2987,-2689.6065,9.847558,9.852060,0.0457,18.18,59.481,3271,mult_2=CK3 mult_3=DAE mult_6=DAE adder_1=02E adder_2=0EM adder_3=0DL adder_4=0DL adder_7=073
sc_cfg620,-1701.9853,-1697.5717,7.464526,7.460243,0.0574,18.84,49.690,2638,mult_0=AQ1 mult_6=5FA adder_2=0AV adder_3=0MH adder_7=0DL
sc_cfg621,-22212.6719,-22544.0614,41.883520,41.932236,0.1163,16.23,102.642,6323,mult_1=AQ1 mult_2=DAE mult_4=HGY mult_5=CK3 mult_6=5FA mult_7=DAE mult_8=HGY adder_0=0DL adder_1=0M0 adder_2=0GK adder_3=0M0 adder_4=0MH adder_5=0MH adder_6=0EM adder_7=0MH
sc_cfg622,-14249.7866,-14271.4509,23.227302,23.260418,0.1426,18.28,62.097,3398,mult_0=HGP mult_3=CK3 mult_4=GPF mult_8=GPF adder_0=0EM adder_2=0AV adder_4=0AV adder_6=073
sc_cfg623,-4076.0785,-4079.8701,7.217056,7.224377,0.1014,19.61,17.010,867,mult_6=8VH adder_2=0EM
sc_cfg624,-15952.2825,-15779.5643,25.771949,25.523773,0.9630,18.44,53.867,2921,mult_1=HGY mult_2=CK3 mult_3=HGP mult_5=5FA mult_8=GPF adder_3=02E adder_4=0DL
sc_cfg625,-11705.7494,-11572.1145,20.688788,20.521130,0.8104,17.08,82.483,4828,mult_0=HGY mult_1=DAE mult_3=HGP mult_4=DAE mult_5=AQ1 mult_6=HGY mult_7=8VH mult_8=GPF adder_2=0EM adder_4=0DL adder_6=0M0 adder_7=02E
sc_cfg626,-4171.4443,-4176.9723,7.348193,7.357613,0.1282,19.47,36.261,1862,mult_1=DAE mult_2=5FA mult_6=8VH
sc_cfg627,0.0000,0.0000,0.000000,0.000000,0.0000,19.82,13.602,686,adder_2=0AV
sc_cfg628,-9642.8806,-9566.9630,19.123706,18.935655,0.9833,17.80,77.782,4369,mult_0=AQ1 mult_1=HGY mult_6=GPF mult_8=F6B adder_1=0MH adder_3=0M0 adder_4=0Q7 adder_5=0GK adder_6=0DL adder_7=02E
sc_cfg629,-3072.4522,-3070.6145,5.166990,5.165278,0.0331,19.14,29.224,1527,mult_0=GPF mult_7=HGY adder_2=0EM adder_4=0DL
sc_cfg630,-21022.8483,-22299.8178,34.459439,36.366755,5.5350,15.92,131.576,8267,mult_0=5FA mult_2=F6B mult_3=AQ1 mult_4=8VH mult_5=8VH mult_6=8VH mult_7=AQ1 mult_8=5FA adder_0=0Q7 adder_1=0Q7 adder_2=0Q7 adder_3=02E adder_4=0MH adder_5=0EM adder_6=0AV adder_7=0Q7
sc_cfg631,-6514.2284,-6509.9521,11.002550,10.996308,0.0567,19.07,41.760,2190,mult_2=DAE mult_6=HGP mult_7=CK3 adder_0=073 adder_6=0GK
sc_cfg632,-4078.9094,-4075.4574,7.220585,7.220521,0.0009,19.58,22.524,1150,mult_2=8VH adder_3=0AV
sc_cfg633,-654.1521,-659.7826,8.072478,8.090560,0.2240,19.61,18.998,969,adder_0=0GK adder_4=02E
sc_cfg634,-17991.9632,-14152.5740,33.430805,34.532607,3.2958,16.80,112.789,6712,mult_0=8VH mult_1=5FA mult_3=CK3 mult_4=AQ1 mult_6=F6B mult_7=F6B mult_8=DAE adder_0=0M0 adder_2=0AV adder_4=0GK adder_5=0MH adder_6=0MH adder_7=0EM
sc_cfg635,-7290.4337,-7336.0696,15.150606,15.198649,0.3171,17.07,96.715,5666,mult_0=5FA mult_1=AQ1 mult_2=F6B mult_4=8VH mult_7=5FA adder_0=0Q7 adder_2=0MH adder_3=0GK adder_4=073 adder_5=0Q7 adder_6=0Q7 adder_7=0DL
sc_cfg636,-12639.9199,-13659.6958,20.576539,22.095755,7.3832,17.17,70.881,4128,mult_0=AQ1 mult_1=CK3 mult_2=HGY mult_3=HGY mult_8=GPF adder_0=0MH adder_1=0GK adder_2=0M0 adder_5=0EM adder_6=0GK adder_7=0AV
sc_cfg637,-18568.3121,-18745.1559,30.122823,30.379080,0.8507,17.72,75.699,4273,mult_3=GPF mult_4=8VH mult_5=F6B mult_7=AQ1 mult_8=GPF adder_0=0DL adder_1=0MH adder_3=0GK adder_4=0Q7 adder_6=0GK
sc_cfg638,-8311.5387,-8281.9223,15.235284,15.200863,0.2259,16.56,109.577,6617,mult_0=DAE mult_2=CK3 mult_3=F6B mult_4=F6B mult_5=F6B mult_6=F6B mult_8=GPF adder_0=0AV adder_1=0M0 adder_2=0EM adder_3=0Q7 adder_4=0M0 adder_5=073 adder_7=0DL
sc_cfg639,-14799.5939,-14881.4358,24.075870,24.198252,0.5083,17.62,92.796,5266,mult_0=5FA mult_1=HGP mult_2=5FA mult_4=CK3 mult_5=HGP mult_8=DAE adder_1=0DL adder_4=0AV adder_5=0M0 adder_7=0AV
sc_cfg640,1194.3773,1192.5950,8.116758,8.097662,0.2353,19.30,21.922,1136,mult_0=HGP adder_1=073 adder_7=02E
sc_cfg641,-17835.4255,-17799.7197,29.094402,29.043306,0.1756,16.13,114.703,7111,mult_0=5FA mult_1=AQ1 mult_2=F6B mult_3=GPF mult_4=CK3 mult_6=8VH mult_7=F6B adder_0=0Q7 adder_1=0EM adder_2=073 adder_3=073 adder_4=0DL adder_5=0EM adder_6=0M0 adder_7=0GK
sc_cfg642,-3995.2013,-3991.1181,7.119309,7.118387,0.0129,18.74,50.556,2698,mult_0=AQ1 mult_2=CK3 mult_5=DAE mult_8=AQ1 adder_0=0EM adder_3=073
sc_cfg643,-11249.3851,-11216.5493,25.297980,25.277865,0.0795,18.08,66.191,3661,mult_0=AQ1 mult_3=CK3 mult_5=AQ1 adder_2=0M0 adder_4=0AV adder_5=0MH adder_6=0EM adder_7=0EM
sc_cfg644,-2161.4880,-2376.8642,6.946506,7.095891,2.1505,17.31,101.230,5849,mult_0=DAE mult_2=F6B mult_3=AQ1 mult_5=F6B mult_6=5FA mult_7=F6B adder_0=0Q7 adder_1=0Q7 adder_2=0DL adder_3=0M0 adder_5=0DL adder_6=0M0
sc_cfg645,-13370.9801,-15001.4066,28.314235,30.217322,6.7213,15.61,126.597,8112,mult_0=DAE mult_1=F6B mult_2=HGP mult_3=5FA mult_4=DAE mult_5=5FA mult_6=DAE mult_7=HGY mult_8=HGY adder_0=0DL adder_1=0MH adder_2=0AV adder_3=0AV adder_4=0EM adder_5=0MH adder_6=0Q7 adder_7=0DL
sc_cfg646,-12413.4506,-12372.8143,24.446184,24.588827,0.5835,17.73,69.636,3926,mult_4=HGY mult_5=DAE mult_6=8VH mult_7=DAE mult_8=AQ1 adder_0=0DL adder_1=0MH adder_2=0M0 adder_3=0DL adder_4=02E adder_6=0GK
sc_cfg647,-18029.8448,-18630.3114,30.239524,30.939369,2.3143,17.19,77.224,4492,mult_0=CK3 mult_1=HGY mult_4=CK3 mult_5=HGY mult_7=GPF mult_8=GPF adder_0=073 adder_1=073 adder_2=0EM adder_4=0Q7 adder_6=02E adder_7=0M0
sc_cfg648,-12237.3773,-15140.7139,21.722942,25.637922,18.0223,17.80,68.423,3843,mult_0=5FA mult_1=F6B mult_2=CK3 mult_4=8VH mult_8=CK3 adder_1=02E adder_2=0M0 adder_4=02E adder_7=0Q7
sc_cfg649,-14956.4459,-14905.1279,23.940937,23.866285,0.3118,17.88,74.649,4174,mult_1=GPF mult_2=5FA mult_3=GPF mult_6=HGP mult_7=F6B mult_8=CK3 adder_3=0MH adder_4=0DL adder_6=0AV
sc_cfg650,-7715.5535,-8139.7603,15.185469,15.669741,3.1890,18.41,58.622,3185,mult_0=CK3 mult_1=CK3 mult_2=HGY mult_8=F6B adder_1=0Q7 adder_3=0AV adder_4=0AV adder_5=073 adder_6=02E
sc_cfg651,-1999.9370,-1784.9934,9.747237,9.718202,0.2979,17.41,85.613,4918,mult_0=F6B mult_3=5FA mult_4=F6B mult_5=DAE mult_6=AQ1 mult_7=AQ1 adder_1=0DL adder_2=0M0 adder_5=02E adder_6=0GK adder_7=0DL
sc_cfg652,-3315.9474,-3305.7685,5.901703,5.890006,0.1982,18.76,36.259,1933,mult_7=HGY mult_8=8VH adder_0=073 adder_1=0DL adder_4=0GK adder_5=0EM
sc_cfg653,-15648.0750,-19031.3991,33.700136,35.190127,4.4213,16.15,104.847,6491,mult_0=DAE mult_1=F6B mult_2=CK3 mult_3=HGY mult_4=8VH mult_5=F6B mult_6=HGP mult_7=HGY mult_8=HGP adder_0=0AV adder_2=0Q7 adder_3=0EM adder_4=0EM adder_5=0GK adder_6=02E adder_7=0MH
sc_cfg654,-5878.5778,-10713.3046,22.017821,26.180879,18.9077,18.12,58.799,3246,mult_0=HGP mult_4=F6B mult_6=HGY mult_8=F6B adder_1=073 adder_2=0EM adder_3=0AV adder_4=02E adder_5=0MH
sc_cfg655,5280.7159,2076.9239,21.737789,17.840033,17.9308,18.00,63.366,3521,mult_0=AQ1 mult_5=F6B mult_6=F6B adder_0=0AV adder_1=0AV adder_2=02E adder_5=02E adder_6=0EM adder_7=0MH
sc_cfg656,-17042.2727,-14430.5478,28.486719,29.418921,3.2724,16.98,92.070,5421,mult_0=HGY mult_1=8VH mult_2=F6B mult_3=AQ1 mult_5=CK3 mult_6=5FA mult_8=HGY adder_0=0MH adder_1=0Q7 adder_2=0GK adder_5=0MH adder_6=0EM adder_7=0M0
sc_cfg657,-2292.6057,-2277.5339,4.018737,3.999336,0.4828,19.01,40.041,2107,mult_0=DAE mult_7=HGP adder_0=0M0 adder_6=073 adder_7=0M0
sc_cfg658,1434.7028,1420.8460,8.883931,8.892489,0.0963,20.06,7.779,388,adder_4=02E
sc_cfg659,-6614.9265,-6632.9284,11.718773,11.747932,0.2488,20.04,12.749,636,mult_4=GPF
sc_cfg660,-32558.5795,-31770.5923,51.100392,51.134940,0.0676,15.52,120.053,7737,mult_0=AQ1 mult_1=F6B mult_2=AQ1 mult_3=CK3 mult_4=HGP mult_5=GPF mult_6=8VH mult_7=HGP mult_8=8VH adder_0=0MH adder_1=0AV adder_2=02E adder_3=0Q7 adder_4=0MH adder_5=0GK adder_6=0GK adder_7=0MH
sc_cfg661,-6739.7455,-6741.4011,11.589085,11.592911,0.0330,19.07,48.554,2546,mult_0=5FA mult_2=AQ1 mult_5=CK3 mult_8=F6B adder_4=073
sc_cfg662,550.9701,591.7857,8.912379,8.917153,0.0536,19.18,30.775,1604,mult_1=AQ1 adder_2=02E adder_5=073 adder_7=0Q7
sc_cfg663,-434.6473,-427.0562,2.266250,2.269251,0.1325,18.84,47.332,2512,mult_0=AQ1 mult_4=DAE mult_8=DAE adder_1=0M0 adder_3=0Q7 adder_4=0GK
sc_cfg664,-7916.6227,-7746.5154,15.733160,15.528439,1.3012,18.62,54.049,2903,mult_0=HGP mult_5=8VH mult_8=HGY adder_0=073 adder_1=0M0 adder_3=0AV adder_4=0EM adder_6=02E
sc_cfg665,-14726.5271,-14614.2275,25.335057,25.285133,0.1971,16.90,95.397,5645,mult_1=5FA mult_2=DAE mult_3=CK3 mult_5=CK3 mult_6=HGP mult_8=HGY adder_0=0GK adder_1=0AV adder_2=0AV adder_3=073 adder_4=0Q7 adder_5=0GK adder_7=02E
sc_cfg666,-22734.7266,-19322.2084,40.299804,37.507212,6.9295,17.63,73.378,4161,mult_0=8VH mult_1=GPF mult_2=GPF mult_4=HGY mult_6=HGY adder_0=0Q7 adder_1=0M0 adder_3=0Q7 adder_5=0MH adder_6=073 adder_7=0MH
sc_cfg667,1.9198,1.8795,0.015789,0.015765,0.1467,19.41,26.946,1388,mult_1=AQ1 mult_3=AQ1 adder_6=0Q7
sc_cfg668,-17058.7829,-17309.5099,27.483500,27.850204,1.3343,17.79,89.467,5030,mult_1=DAE mult_2=HGP mult_3=GPF mult_5=HGP mult_7=5FA mult_8=HGP adder_0=0Q7 adder_2=0DL adder_3=0EM adder_5=0GK
sc_cfg669,-13596.0827,-13598.5517,23.145512,23.144707,0.0035,18.77,47.044,2507,mult_0=8VH mult_1=AQ1 mult_3=HGP mult_4=8VH mult_7=CK3 adder_0=0MH
sc_cfg670,-14419.6415,-14260.0646,25.302481,25.078748,0.8842,18.89,50.887,2694,mult_2=5FA mult_7=CK3 adder_2=0MH adder_4=0MH adder_5=0M0 adder_6=0GK
sc_cfg671,522.5230,522.5138,4.398911,4.393236,0.1290,19.74,20.800,1054,mult_6=F6B adder_4=0Q7
sc_cfg672,-13143.9050,-13153.2842,22.805459,22.857103,0.2265,18.62,63.179,3393,mult_1=CK3 mult_3=GPF mult_6=GPF mult_8=GPF adder_4=073 adder_5=0M0 adder_6=02E
sc_cfg673,-11738.0702,-10037.1701,29.423480,23.302685,20.8024,16.81,87.949,5233,mult_0=DAE mult_1=HGP mult_3=F6B mult_5=GPF mult_6=HGP mult_7=CK3 adder_1=02E adder_2=0GK adder_3=0DL adder_4=0M0 adder_5=0DL adder_6=0DL adder_7=0MH
sc_cfg674,-11870.9411,-11860.8103,21.004287,20.992451,0.0564,17.80,66.442,3734,mult_0=AQ1 mult_1=HGY mult_4=F6B mult_5=F6B mult_6=CK3 adder_0=02E adder_1=0MH adder_3=0DL adder_6=0EM adder_7=0M0
sc_cfg675,-19687.8798,-18190.1097,37.631196,32.362264,14.0015,16.80,93.322,5554,mult_1=GPF mult_2=DAE mult_3=CK3 mult_4=5FA mult_5=HGY mult_6=HGP mult_7=8VH mult_8=GPF adder_0=0GK adder_2=02E adder_3=02E adder_4=0DL adder_7=0MH
sc_cfg676,-22263.6102,-20723.7271,36.698694,34.985457,4.6684,15.52,112.907,7277,mult_0=GPF mult_1=8VH mult_2=HGP mult_3=AQ1 mult_4=HGP mult_5=HGY mult_6=DAE mult_7=DAE mult_8=DAE adder_0=0EM adder_1=0Q7 adder_2=0GK adder_3=02E adder_4=073 adder_5=02E adder_6=0AV adder_7=02E
sc_cfg677,-0.5009,-0.5029,0.004202,0.004202,0.0198,20.12,9.484,471,adder_4=0EM
sc_cfg678,4258.9693,3656.3301,13.918105,13.472696,3.2002,19.37,29.584,1527,mult_0=8VH mult_8=DAE adder_3=0M0 adder_7=0MH
sc_cfg679,-18165.6689,-20267.3384,29.943920,33.011714,10.2451,17.52,77.543,4426,mult_0=AQ1 mult_1=8VH mult_4=CK3 mult_5=HGP mult_7=5FA adder_0=0Q7 adder_1=0AV adder_2=02E adder_3=0DL adder_4=0MH adder_5=0EM
sc_cfg680,-20491.4388,-17951.0045,33.424390,33.700449,0.8259,17.76,69.089,3890,mult_0=HGY mult_2=DAE mult_3=HGY mult_4=5FA mult_5=CK3 adder_2=0Q7 adder_3=0M0 adder_5=0MH adder_6=0GK adder_7=0EM
sc_cfg681,-2810.9032,-8876.8140,19.732308,21.885508,10.9121,17.48,67.131,3840,mult_2=F6B mult_3=CK3 mult_4=AQ1 mult_7=8VH adder_0=0MH adder_1=0MH adder_2=0GK adder_3=0EM adder_4=0DL adder_5=02E adder_7=0MH
sc_cfg682,-10617.4349,-10603.0437,18.322581,18.294285,0.1544,16.28,110.917,6814,mult_0=HGY mult_1=HGY mult_2=F6B mult_3=5FA mult_4=GPF mult_5=DAE mult_6=5FA mult_7=F6B mult_8=HGP adder_0=02E adder_1=0Q7 adder_3=0GK adder_4=0DL adder_5=0M0 adder_7=0DL
sc_cfg683,-12301.6017,-12315.9879,20.475380,20.501515,0.1276,17.83,73.264,4109,mult_2=GPF mult_4=GPF mult_7=F6B mult_8=F6B adder_0=02E adder_2=0DL adder_3=0AV adder_4=073 adder_6=073 adder_7=0AV
sc_cfg684,-16127.0315,-16123.6346,25.827816,25.828802,0.0038,19.07,39.011,2045,mult_2=CK3 mult_3=CK3 mult_6=CK3 mult_7=GPF adder_1=0MH
sc_cfg685,-22206.8092,-24075.0277,36.300853,38.961917,7.3306,16.95,90.896,5363,mult_0=AQ1 mult_1=HGY mult_2=GPF mult_3=CK3 mult_5=HGP mult_6=8VH mult_7=GPF adder_0=0M0 adder_1=0MH adder_2=073 adder_3=073 adder_4=073 adder_5=02E adder_6=0EM
sc_cfg686,-6758.8775,-6761.8457,11.614988,11.618701,0.0320,19.73,22.031,1117,mult_0=GPF mult_3=GPF
sc_cfg687,-0.1594,-0.1850,0.014925,0.014910,0.1033,19.99,9.019,451,adder_0=0Q7
sc_cfg688,-4395.2722,-8235.8367,17.810616,22.153126,24.3816,16.93,87.803,5186,mult_0=GPF mult_2=GPF mult_3=HGY mult_5=F6B mult_6=DAE mult_7=8VH mult_8=HGP adder_1=02E adder_2=0DL adder_3=0EM adder_4=0M0 adder_6=02E adder_7=0MH
sc_cfg689,-17710.0571,-18078.4402,29.180100,33.571402,15.0490,17.59,84.121,4782,mult_0=GPF mult_1=HGP mult_3=5FA mult_4=8VH mult_6=DAE mult_7=CK3 mult_8=F6B adder_0=02E adder_2=0EM adder_5=0MH adder_6=0AV
sc_cfg690,-20817.9122,-20816.4113,33.317122,33.316791,0.0010,17.88,77.793,4351,mult_1=HGP mult_3=GPF mult_4=GPF mult_5=GPF mult_7=AQ1 mult_8=DAE adder_1=0Q7 adder_3=0DL adder_6=0DL adder_7=0M0
sc_cfg691,-21557.3959,-19562.1636,34.829357,35.940744,3.1909,17.65,81.866,4640,mult_3=8VH mult_4=DAE mult_6=HGP mult_7=CK3 mult_8=5FA adder_0=073 adder_1=0DL adder_5=0AV adder_6=0MH adder_7=073
sc_cfg692,-260.3630,-269.2156,2.249236,2.256470,0.3216,19.12,39.762,2080,mult_3=5FA adder_0=0DL adder_1=0GK adder_4=0Q7 adder_6=0M0
sc_cfg693,-8691.3093,-8545.5181,16.387646,16.243916,0.8771,18.00,68.302,3794,mult_0=5FA mult_1=8VH mult_2=DAE mult_6=HGP mult_7=HGY adder_0=0EM adder_4=0EM adder_6=02E adder_7=0AV
sc_cfg694,-5815.8471,-15012.6210,25.437451,31.833591,25.1446,17.83,63.585,3566,mult_2=GPF mult_3=F6B mult_5=HGY mult_8=8VH adder_0=073 adder_1=02E adder_2=0AV adder_3=0EM adder_4=0DL adder_6=0MH
sc_cfg695,-0.4442,-2.0640,0.466112,0.466032,0.0173,19.26,31.186,1619,mult_0=AQ1 adder_2=0EM adder_4=0DL adder_5=073
sc_cfg696,-13159.5192,-17821.9754,24.476756,30.711312,25.4713,18.16,59.663,3285,mult_0=F6B mult_1=HGP mult_2=CK3 mult_4=8VH mult_5=F6B adder_2=0MH adder_3=0Q7 adder_4=0MH adder_6=02E
sc_cfg697,-9559.2875,-15105.1685,17.374654,25.284296,45.5240,17.21,94.768,5506,mult_0=AQ1 mult_1=CK3 mult_2=5FA mult_3=HGP mult_5=F6B mult_7=DAE adder_0=0Q7 adder_1=0DL adder_2=073 adder_3=0AV adder_4=0MH adder_5=0DL adder_6=0Q7
sc_cfg698,1706.6219,-2594.8905,14.422974,14.132959,2.0108,18.82,47.717,2535,mult_4=HGY mult_6=DAE mult_8=5FA adder_0=073 adder_6=0Q7 adder_7=0MH
sc_cfg699,-15447.9384,-15467.0527,24.695948,24.723875,0.1131,16.19,101.104,6246,mult_0=HGP mult_1=8VH mult_2=HGY mult_3=CK3 mult_4=AQ1 mult_5=DAE mult_6=AQ1 mult_7=CK3 mult_8=AQ1 adder_0=073 adder_1=0EM adder_2=0DL adder_3=0GK adder_4=073 adder_7=0EM
sc_cfg700,-5440.2681,-5490.7083,11.394008,11.453936,0.5260,19.07,35.901,1883,mult_3=DAE mult_6=AQ1 adder_2=0DL adder_3=0M0 adder_4=0MH
sc_cfg701,-3048.4736,-3053.5779,5.112456,5.118566,0.1195,19.28,30.949,1605,mult_1=8VH mult_8=F6B adder_3=0EM adder_7=0Q7
sc_cfg702,-18366.8436,-18390.8949,29.673521,29.712992,0.1330,18.51,52.450,2834,mult_3=CK3 mult_4=8VH mult_5=GPF adder_0=0DL adder_1=0AV adder_2=0GK adder_6=0EM
sc_cfg703,-8645.7201,-7808.2441,17.374101,15.908527,8.4354,18.03,65.937,3657,mult_2=DAE mult_3=DAE mult_4=HGY mult_7=F6B adder_0=0EM adder_1=0AV adder_2=0AV adder_3=0AV adder_5=02E
sc_cfg704,-13752.6796,-20139.6071,29.658217,38.794740,30.8060,16.35,91.757,5612,mult_0=8VH mult_1=HGP mult_2=HGP mult_3=DAE mult_4=8VH mult_5=8VH mult_6=AQ1 adder_0=0MH adder_1=0MH adder_2=073 adder_3=0Q7 adder_4=02E adder_5=0MH adder_6=0Q7 adder_7=02E
sc_cfg705,-6198.2112,-6199.8745,10.821622,10.829639,0.0741,19.00,41.298,2174,mult_2=HGP mult_3=F6B mult_6=5FA mult_8=HGY adder_4=0EM
sc_cfg706,-6234.8493,-9320.7350,20.281625,23.129910,14.0437,19.38,27.200,1404,mult_6=CK3 adder_2=073 adder_5=0MH adder_6=073
sc_cfg707,-24454.5717,-23102.4061,39.434555,40.643435,3.0655,18.10,63.461,3507,mult_0=GPF mult_1=AQ1 mult_2=8VH mult_3=8VH mult_4=8VH adder_3=0GK adder_4=0GK adder_5=0MH adder_7=0Q7
sc_cfg708,530.2514,530.1823,4.400934,4.395537,0.1226,19.65,25.993,1323,mult_6=F6B adder_1=0AV adder_7=073
sc_cfg709,-14360.1224,-15346.1522,23.520127,24.961942,6.1301,17.72,77.818,4392,mult_0=F6B mult_3=AQ1 mult_4=HGP mult_5=8VH mult_7=8VH mult_8=AQ1 adder_1=0M0 adder_2=0M0 adder_4=0DL adder_5=0GK
sc_cfg710,-3584.0719,-3536.9125,10.781980,10.753087,0.2680,19.71,15.167,770,mult_7=8VH adder_1=02E
sc_cfg711,-2949.6728,-2950.3870,4.989791,4.991513,0.0345,18.23,56.323,3089,mult_0=CK3 mult_5=DAE mult_7=HGP adder_0=0EM adder_1=0EM adder_2=0AV adder_5=073 adder_7=0M0
sc_cfg712,-21746.6024,-21768.6450,34.684138,34.717964,0.0975,18.09,68.614,3794,mult_2=8VH mult_3=HGP mult_4=CK3 mult_6=HGP mult_7=5FA mult_8=CK3 adder_1=0M0 adder_3=0Q7 adder_6=0GK
sc_cfg713,-11151.1881,-11162.6316,19.679238,19.708294,0.1476,19.07,33.243,1743,mult_2=8VH adder_0=0M0 adder_2=0MH adder_3=0EM adder_5=0DL
sc_cfg714,-8810.0688,-8824.5697,14.936893,14.954140,0.1155,18.11,56.317,3110,mult_0=HGY mult_3=8VH mult_4=F6B mult_8=DAE adder_2=0DL adder_3=0EM adder_5=0DL adder_7=0GK
sc_cfg715,-3060.4403,-3053.1161,5.129323,5.119915,0.1834,19.34,36.035,1863,mult_0=HGP mult_1=AQ1 mult_7=CK3 adder_4=0EM
sc_cfg716,-20828.7683,-24551.9150,33.174222,38.614150,16.3981,18.28,58.593,3205,mult_1=HGY mult_3=DAE mult_4=CK3 mult_5=8VH mult_7=8VH adder_2=02E adder_3=02E adder_5=02E
sc_cfg717,-114.5522,-114.2971,0.302443,0.302481,0.0125,19.78,24.769,1252,mult_7=DAE adder_3=0EM
sc_cfg718,19.8840,19.8991,0.131701,0.131844,0.1084,19.73,20.425,1035,adder_2=0M0 adder_3=0Q7
sc_cfg719,-18722.6415,-20314.9876,30.994639,33.298821,7.4341,17.15,96.570,5632,mult_0=F6B mult_1=5FA mult_3=CK3 mult_4=DAE mult_5=CK3 mult_8=HGP adder_1=0AV adder_2=02E adder_3=02E adder_4=0GK adder_5=02E adder_7=0DL
sc_cfg720,-6982.6145,-6986.2980,11.932090,11.938565,0.0543,18.21,75.820,4163,mult_4=5FA mult_5=CK3 mult_7=AQ1 mult_8=HGP adder_1=0DL adder_2=0DL adder_3=0EM adder_5=0Q7 adder_6=0EM
sc_cfg721,-23.1859,-23.9701,0.463228,0.463407,0.0386,19.80,19.238,972,adder_2=0DL adder_4=0AV
sc_cfg722,-11762.4406,-18966.9918,21.639530,31.334006,44.7998,16.86,89.351,5298,mult_0=HGP mult_1=HGP mult_2=AQ1 mult_3=HGP mult_4=DAE mult_6=8VH mult_8=AQ1 adder_0=0MH adder_1=0AV adder_2=0GK adder_3=02E adder_4=0MH adder_6=02E
sc_cfg723,-30882.5970,-31209.3643,48.592096,49.122228,1.0910,17.28,77.157,4466,mult_0=DAE mult_1=HGY mult_2=HGY mult_3=HGY mult_4=8VH mult_5=8VH mult_6=8VH mult_7=HGP adder_1=073 adder_3=0EM adder_4=0GK adder_6=0M0
sc_cfg724,-6223.7878,-6224.1362,10.381255,10.381659,0.0039,18.97,37.231,1962,mult_1=HGP mult_2=CK3 adder_0=0M0 adder_1=0EM adder_2=0M0
sc_cfg725,46.6431,43.5801,0.158132,0.157203,0.5879,18.52,75.590,4081,mult_2=5FA mult_4=5FA mult_7=5FA mult_8=AQ1 adder_2=0EM adder_3=0EM adder_5=0M0
sc_cfg726,-1892.9433,-1886.9550,4.474038,4.464575,0.2115,19.71,23.665,1200,mult_4=F6B mult_8=GPF
sc_cfg727,-8053.7570,-7962.3392,13.764747,13.641848,0.8929,17.88,80.090,4479,mult_2=8VH mult_3=AQ1 mult_5=5FA mult_6=GPF adder_0=02E adder_2=0DL adder_3=0M0 adder_4=0EM adder_5=0M0 adder_7=0M0
sc_cfg728,-22166.0249,-24839.1980,36.465968,40.738045,11.7152,18.05,51.939,2878,mult_2=HGP mult_3=CK3 mult_4=HGY mult_6=HGP adder_0=0GK adder_3=02E adder_4=0MH adder_5=073 adder_7=02E
sc_cfg729,-3060.9339,-2989.1451,9.975224,9.819578,1.5603,18.74,41.793,2231,mult_0=F6B mult_6=HGY mult_7=DAE adder_1=0M0 adder_2=0M0 adder_7=02E
sc_cfg730,-87.5827,-88.5781,0.472870,0.473393,0.1106,19.79,25.895,1308,mult_5=AQ1 adder_0=0EM adder_2=0DL
sc_cfg731,-22053.2598,-28338.9704,37.739081,45.729726,21.1734,17.23,87.072,5052,mult_1=HGY mult_2=8VH mult_3=CK3 mult_6=HGP mult_7=DAE mult_8=GPF adder_0=0M0 adder_1=02E adder_2=0MH adder_3=073 adder_4=0Q7 adder_5=0MH adder_6=02E
sc_cfg732,560.5224,549.7448,4.407018,4.393687,0.3025,19.46,24.379,1253,mult_2=F6B adder_2=0AV adder_3=073
sc_cfg733,-10984.8681,-11036.2655,18.218266,18.292450,0.4072,17.66,73.153,4142,mult_1=GPF mult_4=HGP mult_5=DAE mult_7=F6B mult_8=F6B adder_1=0GK adder_2=0EM adder_3=0Q7 adder_5=0M0 adder_7=0Q7
sc_cfg734,-1243.1025,-1242.6070,4.023454,4.020318,0.0779,19.29,23.199,1202,mult_1=HGY adder_0=02E adder_1=0Q7 adder_3=073
sc_cfg735,-5494.9741,-5488.2406,9.436116,9.436951,0.0089,18.97,41.559,2191,mult_0=DAE mult_1=5FA mult_6=HGY mult_8=8VH adder_5=0GK
sc_cfg736,17.1875,17.2116,0.051437,0.051501,0.1235,19.84,8.700,438,adder_2=073
sc_cfg737,245.7867,280.0406,9.158292,9.158199,0.0010,19.34,21.127,1093,mult_5=AQ1 adder_1=0GK adder_2=02E
sc_cfg738,-16425.3174,-15943.3145,26.381480,25.692207,2.6127,17.27,71.945,4166,mult_0=8VH mult_3=HGY mult_5=HGP mult_6=AQ1 mult_7=GPF mult_8=AQ1 adder_0=0GK adder_1=0M0 adder_2=0DL adder_5=0M0 adder_7=0GK
sc_cfg739,-6771.6245,-6767.7680,11.641520,11.636070,0.0468,18.94,43.132,2278,mult_0=GPF mult_2=AQ1 mult_3=CK3 mult_6=AQ1 adder_6=0DL
sc_cfg740,-4463.6186,-4455.5478,10.347427,10.346653,0.0075,19.95,7.239,363,adder_1=0MH
sc_cfg741,-12720.4460,-10222.9479,21.675921,18.601407,14.1840,17.11,84.407,4932,mult_0=8VH mult_1=F6B mult_4=DAE mult_6=HGP mult_7=GPF mult_8=DAE adder_0=02E adder_1=0EM adder_4=0Q7 adder_5=0AV adder_6=02E adder_7=02E
sc_cfg742,-16094.8234,-10874.5349,26.951207,27.261956,1.1530,17.84,68.416,3836,mult_0=DAE mult_2=5FA mult_3=CK3 mult_4=F6B adder_3=0AV adder_4=0GK adder_5=0EM adder_6=0MH adder_7=0EM
sc_cfg743,-116.8732,-118.6327,0.305322,0.306709,0.4542,19.05,39.304,2063,mult_1=DAE mult_4=AQ1 adder_2=0Q7 adder_3=0AV adder_5=0EM
sc_cfg744,-24878.1880,-24909.6304,39.486611,43.034857,8.9859,16.64,104.114,6257,mult_1=AQ1 mult_2=DAE mult_3=CK3 mult_4=8VH mult_6=HGY mult_7=CK3 mult_8=GPF adder_0=0EM adder_1=0EM adder_2=0EM adder_3=073 adder_5=0MH adder_6=0AV adder_7=0EM
sc_cfg745,5575.5243,7209.4265,19.827161,20.290212,2.3354,17.10,82.953,4852,mult_1=DAE mult_2=F6B mult_5=5FA mult_6=F6B mult_7=HGY mult_8=AQ1 adder_0=0MH adder_1=02E adder_2=0EM adder_3=0M0 adder_4=0GK adder_7=0MH
sc_cfg746,-1045.7904,-1070.8277,8.690307,8.687895,0.0277,18.46,67.390,3651,mult_3=5FA mult_5=5FA mult_7=AQ1 mult_8=F6B adder_0=0DL adder_5=0EM adder_6=02E
sc_cfg747,-1612.5832,1773.5669,21.099124,18.021043,14.5887,17.42,105.301,6046,mult_0=DAE mult_1=AQ1 mult_2=8VH mult_3=AQ1 mult_4=5FA mult_6=5FA mult_8=5FA adder_0=073 adder_2=02E adder_4=02E adder_7=0MH
sc_cfg748,-14916.6465,-12539.4103,25.190754,21.962482,12.8153,17.12,95.377,5570,mult_2=CK3 mult_4=5FA mult_5=GPF mult_6=AQ1 mult_7=HGP adder_0=0GK adder_1=0Q7 adder_2=0M0 adder_3=0M0 adder_4=02E adder_6=0GK adder_7=0AV
sc_cfg749,-6116.1490,-6516.2273,12.921615,13.413958,3.8102,17.15,88.622,5166,mult_0=F6B mult_1=CK3 mult_2=GPF mult_6=AQ1 mult_7=5FA adder_0=0DL adder_1=02E adder_3=0EM adder_4=0GK adder_5=0EM adder_6=0AV adder_7=0Q7
sc_cfg750,-26661.3621,-17486.0747,43.522447,30.869355,29.0726,15.91,116.598,7327,mult_0=8VH mult_2=F6B mult_3=HGP mult_4=HGP mult_5=5FA mult_6=HGY mult_7=AQ1 mult_8=5FA adder_0=0EM adder_1=0MH adder_2=0M0 adder_3=0EM adder_4=0DL adder_5=0Q7 adder_6=0DL adder_7=0MH
sc_cfg751,-8527.2457,-8519.4078,13.833823,13.823147,0.0772,18.42,56.014,3041,mult_0=DAE mult_1=8VH mult_2=HGP mult_4=AQ1 mult_5=DAE mult_7=CK3 adder_3=073
sc_cfg752,-0.7531,-0.7485,0.002659,0.002651,0.3112,19.93,10.405,522,adder_0=0AV
sc_cfg753,-14104.7003,-12704.1927,23.963282,27.034724,12.8173,18.19,59.818,3288,mult_0=CK3 mult_1=DAE mult_3=5FA mult_4=HGY adder_0=0M0 adder_1=0M0 adder_2=0DL adder_5=0MH
sc_cfg754,-18160.1464,-18373.3449,28.874801,29.191947,1.0983,16.22,101.421,6251,mult_0=8VH mult_1=8VH mult_2=HGP mult_5=HGP mult_6=8VH mult_7=DAE mult_8=HGP adder_0=0M0 adder_1=0M0 adder_2=0GK adder_3=0Q7 adder_4=0AV adder_5=0DL adder_6=0AV adder_7=0AV
sc_cfg755,-5546.7143,-5551.8618,10.474006,10.476446,0.0233,17.76,77.685,4375,mult_1=CK3 mult_2=F6B mult_5=F6B mult_7=GPF adder_1=0GK adder_2=0DL adder_3=0AV adder_4=0Q7 adder_6=073 adder_7=0AV
sc_cfg756,-6075.3453,-5956.1861,14.610650,14.369287,1.6520,16.82,104.967,6242,mult_0=HGP mult_1=DAE mult_2=5FA mult_3=5FA mult_5=F6B mult_6=AQ1 mult_8=CK3 adder_0=0DL adder_1=0DL adder_2=0MH adder_4=0GK adder_5=0Q7 adder_7=02E
sc_cfg757,-23739.8280,-25194.6504,37.732115,39.908956,5.7692,15.51,118.164,7620,mult_0=CK3 mult_1=8VH mult_2=AQ1 mult_3=HGP mult_4=F6B mult_5=GPF mult_6=HGY mult_7=AQ1 mult_8=8VH adder_0=0AV adder_1=0MH adder_2=0AV adder_3=02E adder_4=0Q7 adder_5=073 adder_6=0GK adder_7=0Q7
sc_cfg758,476.4970,518.9960,8.932392,8.934213,0.0204,19.64,13.477,686,adder_2=02E adder_7=0DL
sc_cfg759,-4077.5846,-4081.3591,7.219051,7.226350,0.1011,19.64,17.073,869,mult_6=8VH adder_5=0EM
sc_cfg760,-9287.7880,-13202.8599,18.744091,23.104738,23.2641,18.34,50.875,2773,mult_1=8VH mult_3=5FA mult_6=HGY adder_0=0MH adder_1=0MH adder_2=073 adder_4=0MH adder_6=02E
sc_cfg761,-11591.4427,-11545.4656,20.791683,20.734062,0.2771,18.42,63.866,3468,mult_0=AQ1 mult_1=HGY mult_4=5FA mult_5=CK3 mult_7=CK3 adder_1=02E adder_3=0AV adder_6=0M0
sc_cfg762,-23537.2096,-23556.2569,37.461557,37.493973,0.0865,16.94,101.600,5999,mult_0=F6B mult_3=HGY mult_4=GPF mult_5=GPF mult_6=5FA mult_8=GPF adder_0=0EM adder_1=0MH adder_2=0MH adder_3=073 adder_5=0AV adder_6=0AV adder_7=0AV
sc_cfg763,-2880.3466,-7342.7118,14.802354,16.887857,14.0890,18.59,43.465,2338,mult_1=F6B mult_4=CK3 mult_8=F6B adder_5=073 adder_6=0AV adder_7=0MH
sc_cfg764,-5124.7248,-4953.6346,12.582862,12.294728,2.2899,19.04,41.500,2180,mult_4=5FA mult_5=HGY mult_7=F6B adder_1=0EM adder_7=02E
sc_cfg765,-14172.8152,-14206.8385,22.786462,22.835929,0.2171,18.22,49.268,2704,mult_1=8VH mult_2=8VH mult_3=HGY mult_7=HGP adder_0=0EM adder_4=073 adder_5=073 adder_6=0DL
sc_cfg766,-4293.8825,-4297.2559,8.433490,8.434776,0.0153,18.82,57.992,3081,mult_0=HGP mult_1=5FA mult_3=F6B mult_5=F6B mult_8=8VH adder_6=0AV
sc_cfg767,-0.5009,-0.5029,0.004202,0.004202,0.0198,19.94,11.256,565,adder_4=0EM
sc_cfg768,-6975.5396,-6981.4666,12.106938,12.118165,0.0927,19.25,33.667,1748,mult_0=CK3 mult_5=8VH adder_0=0M0 adder_1=0GK
sc_cfg769,-18806.8051,-24147.6271,32.942644,43.913895,33.3041,16.28,108.124,6642,mult_0=HGP mult_1=CK3 mult_2=8VH mult_3=HGP mult_4=CK3 mult_5=F6B mult_8=AQ1 adder_0=02E adder_1=0M0 adder_2=073 adder_3=0EM adder_4=0EM adder_5=0AV adder_6=0MH adder_7=02E
sc_cfg770,-6877.4409,-6876.2015,11.777436,11.779704,0.0193,19.03,37.085,1949,mult_0=HGY mult_3=AQ1 mult_5=HGP mult_7=DAE adder_0=0EM
sc_cfg771,-180.9041,-228.7568,9.381533,9.287647,1.0008,17.51,82.404,4707,mult_1=F6B mult_3=AQ1 mult_4=F6B mult_6=5FA mult_8=F6B adder_0=0GK adder_1=0M0 adder_2=0GK adder_5=0EM adder_6=0DL adder_7=02E
sc_cfg772,24.0006,24.0025,0.044618,0.044618,0.0011,19.88,17.298,870,mult_2=5FA
sc_cfg773,-25550.7523,-26288.6675,41.027072,43.597331,6.2648,15.45,117.457,7605,mult_0=8VH mult_1=8VH mult_2=GPF mult_3=HGP mult_4=DAE mult_5=GPF mult_6=HGP mult_7=HGP mult_8=5FA adder_0=0M0 adder_1=0AV adder_2=02E adder_3=0Q7 adder_4=0MH adder_5=0DL adder_6=073 adder_7=02E
sc_cfg774,-8.4073,-8.6879,0.463617,0.463120,0.1071,19.68,22.698,1153,mult_8=5FA adder_1=0DL
sc_cfg775,-21358.2050,-21483.9436,33.862836,34.026773,0.4841,16.90,85.963,5087,mult_0=HGY mult_1=GPF mult_3=8VH mult_5=8VH mult_7=8VH mult_8=8VH adder_0=0AV adder_1=0MH adder_3=073 adder_4=0DL adder_5=0Q7 adder_6=0AV adder_7=0EM
sc_cfg776,-21729.5316,-16912.8008,34.719515,32.406926,6.6608,17.71,86.673,4895,mult_0=HGP mult_2=HGY mult_4=GPF mult_5=AQ1 mult_6=CK3 mult_7=AQ1 adder_0=0GK adder_1=0AV adder_3=0MH adder_4=0EM adder_5=0MH adder_6=0AV
sc_cfg777,-26448.8533,-25524.9432,42.282138,44.160645,4.4428,16.83,87.426,5194,mult_0=HGY mult_1=GPF mult_2=HGP mult_4=GPF mult_6=HGP mult_8=GPF adder_1=073 adder_2=0M0 adder_3=0M0 adder_4=0DL adder_5=0AV adder_6=0MH adder_7=0Q7
sc_cfg778,-118.3618,-120.1114,0.306353,0.307693,0.4376,19.92,12.480,626,mult_1=DAE
sc_cfg779,-17277.4327,-17023.5499,29.920274,29.596083,1.0835,16.23,97.868,6031,mult_1=DAE mult_2=HGY mult_3=HGP mult_4=DAE mult_5=8VH mult_6=HGP mult_7=F6B adder_0=0MH adder_1=0AV adder_2=02E adder_3=0DL adder_4=0DL adder_5=0AV adder_6=0Q7 adder_7=0Q7
sc_cfg780,-5371.8229,-8610.1719,21.676911,19.620478,9.4867,17.62,66.405,3768,mult_1=DAE mult_4=8VH mult_5=8VH adder_0=0M0 adder_1=0Q7 adder_2=0GK adder_3=0M0 adder_4=0M0 adder_5=0M0 adder_7=0MH
sc_cfg781,-132.7976,-152.9215,8.489369,8.485323,0.0477,19.91,18.096,909,adder_1=0AV adder_6=02E
sc_cfg782,-25780.5133,-25771.3861,40.829686,40.820602,0.0222,16.27,123.449,7589,mult_1=5FA mult_2=8VH mult_3=CK3 mult_4=CK3 mult_5=HGP mult_7=CK3 mult_8=5FA adder_0=0EM adder_1=02E adder_2=0Q7 adder_3=0M0 adder_4=0EM adder_5=0EM adder_6=0EM adder_7=0GK
sc_cfg783,193.2714,233.0222,9.933750,9.919966,0.1388,18.92,40.037,2116,mult_6=F6B mult_8=GPF adder_1=0M0 adder_2=02E adder_3=0AV
sc_cfg784,-8565.6162,-8554.8691,14.896533,14.876114,0.1371,18.94,35.494,1874,mult_5=CK3 adder_3=02E adder_4=0AV adder_5=073 adder_7=0M0
sc_cfg785,32.6965,32.8218,0.264038,0.263931,0.0406,19.67,21.400,1088,mult_2=DAE adder_2=0M0
sc_cfg786,-8017.2755,-7977.2337,15.980998,15.940469,0.2536,17.65,77.684,4402,mult_0=F6B mult_1=HGP mult_3=DAE mult_4=AQ1 mult_5=8VH mult_7=DAE mult_8=HGY adder_1=0M0 adder_2=02E adder_3=073
sc_cfg787,-11858.6920,-11794.0848,26.233093,26.147159,0.3276,18.51,59.062,3191,mult_0=HGY mult_3=GPF mult_6=DAE adder_2=0GK adder_3=0EM adder_5=0MH adder_7=0Q7
sc_cfg788,-11756.7781,-11745.6762,19.111607,19.100818,0.0565,16.78,102.609,6116,mult_0=DAE mult_1=CK3 mult_2=CK3 mult_3=AQ1 mult_4=F6B mult_6=HGY mult_8=DAE adder_2=0AV adder_3=0Q7 adder_4=0Q7 adder_5=0M0 adder_6=0EM adder_7=0M0
sc_cfg789,-7524.1995,-7495.0152,21.257923,21.266529,0.0405,19.14,31.734,1658,mult_1=CK3 mult_2=DAE adder_4=0AV adder_5=0MH
sc_cfg790,-14069.4733,-13845.5429,22.507780,22.257344,1.1127,16.81,75.077,4466,mult_1=HGY mult_2=HGP mult_6=8VH mult_7=HGY mult_8=8VH adder_0=0DL adder_1=0Q7 adder_2=0GK adder_3=0AV adder_4=0AV adder_5=0GK adder_6=0GK adder_7=0M0
sc_cfg791,-16612.4550,-16068.5199,30.857644,31.052045,0.6300,17.14,89.382,5214,mult_0=HGP mult_2=CK3 mult_4=5FA mult_6=HGP mult_7=8VH mult_8=5FA adder_1=0M0 adder_3=0M0 adder_4=0GK adder_5=0MH adder_6=0GK adder_7=0DL
sc_cfg792,-4054.9041,-4051.4629,7.188830,7.188808,0.0003,19.73,26.129,1324,mult_2=CK3 mult_6=5FA
sc_cfg793,22.1189,21.8252,0.533881,0.534097,0.0404,18.98,45.050,2373,mult_2=DAE mult_6=AQ1 adder_2=0M0 adder_3=0DL adder_7=073
sc_cfg794,-443.9798,-1910.3848,11.402798,11.727106,2.8441,18.65,47.317,2537,mult_0=F6B mult_1=F6B mult_8=HGY adder_3=0GK adder_6=0EM adder_7=0MH
sc_cfg795,-14332.2532,-15533.3700,26.277932,27.794274,5.7704,17.73,73.173,4127,mult_4=GPF mult_6=CK3 mult_7=GPF mult_8=AQ1 adder_0=0EM adder_1=02E adder_3=0AV adder_5=02E adder_6=0AV adder_7=0GK
sc_cfg796,-14500.8726,-14728.4681,30.223182,30.569058,1.1444,19.27,26.928,1397,mult_4=AQ1 mult_5=8VH adder_3=0MH adder_6=0MH
sc_cfg797,-14961.2543,-14945.5538,25.007743,24.989763,0.0719,18.83,35.795,1901,mult_4=CK3 mult_6=CK3 mult_7=CK3 adder_2=0MH adder_7=0GK
sc_cfg798,-11100.9430,-13610.6514,19.311144,22.878116,18.4711,17.11,103.806,6067,mult_0=8VH mult_1=CK3 mult_2=5FA mult_4=F6B mult_6=GPF mult_8=5FA adder_0=0Q7 adder_1=0AV adder_2=0AV adder_3=0AV adder_4=0MH adder_5=073 adder_6=0M0
sc_cfg799,-4630.9527,-4451.1405,11.640857,11.474075,1.4327,19.09,40.756,2134,mult_2=HGY mult_8=DAE adder_0=0EM adder_4=0AV adder_6=02E
sc_cfg800,-2163.1928,-2167.1609,3.832160,3.835736,0.0933,19.77,20.741,1049,mult_1=8VH adder_6=0Q7
sc_cfg801,-9147.5780,-9273.4780,17.597514,17.427970,0.9635,18.06,70.384,3898,mult_0=GPF mult_1=HGY mult_5=HGP mult_6=DAE mult_8=DAE adder_0=0EM adder_2=0M0 adder_4=0DL adder_5=02E
sc_cfg802,917.8637,3134.9666,10.951555,12.322689,12.5200,19.29,37.865,1963,mult_6=5FA adder_2=0AV adder_5=02E adder_6=02E
sc_cfg803,2014.6588,-440.2733,14.571463,14.494009,0.5315,18.58,61.783,3325,mult_1=AQ1 mult_6=AQ1 mult_8=5FA adder_0=0Q7 adder_1=0MH adder_2=0Q7 adder_7=0MH
sc_cfg804,-22240.9802,-22256.6599,35.344692,35.367671,0.0650,17.83,70.273,3941,mult_1=HGP mult_2=8VH mult_3=CK3 mult_5=HGP mult_6=8VH mult_7=AQ1 adder_0=0MH adder_2=0M0 adder_3=0GK adder_5=0EM
sc_cfg805,-1935.2759,-1960.6761,3.784806,3.814856,0.7940,18.94,44.574,2353,mult_6=DAE mult_7=F6B mult_8=GPF adder_5=073 adder_7=073
sc_cfg806,-16227.9526,-10295.8473,26.995868,27.873552,3.2512,16.22,94.860,5849,mult_0=AQ1 mult_1=HGY mult_2=8VH mult_3=8VH mult_6=DAE mult_7=DAE mult_8=DAE adder_0=02E adder_1=073 adder_2=0M0 adder_3=0GK adder_4=0GK adder_5=02E adder_6=0MH adder_7=0GK
sc_cfg807,-12257.3319,-16585.8943,20.972932,27.399252,30.6410,18.87,42.493,2252,mult_1=F6B mult_3=CK3 mult_6=HGP adder_1=073 adder_3=0EM adder_4=0MH
sc_cfg808,-15394.4990,-15395.8142,24.588676,24.592348,0.0149,18.48,50.492,2731,mult_1=8VH mult_2=HGP mult_5=8VH mult_7=GPF mult_8=F6B adder_4=0DL adder_7=0DL
sc_cfg809,-10813.2540,-12021.1686,25.889794,22.834030,11.8030,16.97,89.276,5262,mult_0=GPF mult_1=HGY mult_2=F6B mult_4=DAE mult_5=HGP mult_6=HGP mult_8=F6B adder_0=0EM adder_2=0M0 adder_3=0M0 adder_4=0AV adder_6=0Q7 adder_7=0MH
sc_cfg810,-7922.5871,-11023.8241,21.688282,24.886411,14.7459,19.10,34.825,1824,mult_0=GPF mult_6=8VH mult_8=HGP adder_0=0GK adder_5=0MH
sc_cfg811,-33.7514,-32.2272,0.463757,0.464399,0.1386,19.76,24.635,1247,mult_6=5FA adder_7=0DL
sc_cfg812,-8290.2474,-8299.1292,14.035278,14.040570,0.0377,18.26,66.157,3623,mult_1=HGP mult_3=HGP mult_4=AQ1 mult_5=AQ1 mult_8=5FA adder_2=0GK adder_6=0Q7 adder_7=0AV
sc_cfg813,-6895.3536,-6860.6584,14.473501,14.418008,0.3834,15.89,111.240,6999,mult_0=HGP mult_1=AQ1 mult_2=DAE mult_3=AQ1 mult_4=HGP mult_5=AQ1 mult_6=AQ1 mult_7=DAE adder_0=0EM adder_1=0Q7 adder_2=02E adder_3=073 adder_4=0DL adder_5=0M0 adder_6=0M0 adder_7=0AV
sc_cfg814,-6124.9253,-6126.6108,10.331118,10.338712,0.0735,19.19,29.013,1512,mult_0=F6B mult_2=HGY mult_8=HGY adder_0=073 adder_3=0GK
sc_cfg815,-12691.6848,-12649.1292,20.807859,20.748336,0.2861,18.81,54.803,2913,mult_1=AQ1 mult_3=GPF mult_5=GPF mult_6=AQ1 mult_8=8VH adder_4=0DL
sc_cfg816,-4218.4972,-4056.4032,12.706105,12.396339,2.4379,18.76,52.198,2783,mult_1=AQ1 mult_4=8VH mult_6=F6B adder_4=0AV adder_6=0AV adder_7=02E
sc_cfg817,-8729.6056,-8742.8230,14.738074,14.759715,0.1468,18.60,52.641,2830,mult_1=8VH mult_4=HGY adder_0=0AV adder_3=0EM adder_5=0M0 adder_6=073 adder_7=0Q7
sc_cfg818,-1000.2953,-993.1943,3.651103,3.642058,0.2477,20.01,12.690,634,mult_4=F6B
sc_cfg819,-23429.2840,-24756.8291,38.530679,40.198867,4.3295,17.40,80.059,4600,mult_3=CK3 mult_4=HGY mult_5=GPF mult_6=GPF mult_7=GPF adder_0=0Q7 adder_3=0AV adder_4=0AV adder_5=0Q7 adder_6=02E adder_7=0EM
sc_cfg820,-6159.7276,-5975.9428,15.245325,14.860634,2.5233,19.09,31.959,1674,mult_3=HGY mult_6=DAE adder_0=0AV adder_3=0MH adder_7=02E
sc_cfg821,-4855.0037,-4584.2277,13.942441,13.480697,3.3118,19.39,34.579,1783,mult_3=AQ1 mult_6=5FA adder_1=0MH adder_6=02E
sc_cfg822,-5865.4899,-5870.0276,10.383323,10.388976,0.0544,20.05,11.301,564,mult_3=CK3
sc_cfg823,-6614.9265,-6632.9284,11.718773,11.747932,0.2488,20.05,7.691,384,mult_4=HGY
sc_cfg824,-14519.5756,-14720.9256,23.734444,24.025113,1.2247,17.06,111.946,6560,mult_0=5FA mult_1=CK3 mult_3=GPF mult_4=F6B mult_5=F6B mult_6=GPF mult_7=5FA mult_8=AQ1 adder_0=0DL adder_2=0DL adder_3=0EM adder_5=0DL adder_7=0DL
sc_cfg825,-4002.8760,-4002.5928,9.491422,9.488734,0.0283,19.31,28.944,1499,mult_1=8VH mult_8=DAE adder_1=073 adder_3=0MH
sc_cfg826,-14675.3535,-14896.7600,23.900318,24.217634,1.3277,17.97,59.888,3333,mult_0=GPF mult_1=GPF mult_2=HGY mult_4=HGY mult_5=F6B adder_0=0M0 adder_5=0DL adder_6=073 adder_7=0M0
sc_cfg827,-6424.7423,-6470.1756,12.027947,12.081997,0.4494,16.08,115.468,7181,mult_0=HGY mult_1=AQ1 mult_2=F6B mult_4=DAE mult_5=F6B mult_6=HGP mult_7=DAE mult_8=5FA adder_0=02E adder_1=0EM adder_2=073 adder_3=073 adder_4=0EM adder_5=0AV adder_6=073 adder_7=0AV
sc_cfg828,-11886.6627,-12894.5186,20.388267,21.786393,6.8575,17.39,87.300,5021,mult_0=8VH mult_1=F6B mult_3=F6B mult_4=F6B mult_5=GPF mult_6=F6B mult_7=GPF mult_8=HGY adder_1=0M0 adder_3=073 adder_5=0EM adder_6=0GK
sc_cfg829,-10257.1935,-10278.2542,17.453183,17.480989,0.1593,19.10,39.318,2059,mult_0=AQ1 mult_4=HGP mult_7=5FA mult_8=HGY adder_3=02E
sc_cfg830,-11539.2105,-11465.8291,21.848056,21.747244,0.4614,17.78,83.990,4725,mult_0=F6B mult_1=GPF mult_5=GPF mult_6=5FA mult_8=5FA adder_0=0DL adder_1=0MH adder_2=02E adder_3=0EM adder_6=0M0
sc_cfg831,1612.5838,-2684.6420,14.377849,14.165132,1.4795,19.23,34.754,1808,mult_4=HGP mult_5=AQ1 adder_1=073 adder_4=0Q7 adder_7=0MH
sc_cfg832,-6549.9948,-6717.1619,13.684719,13.895133,1.5376,16.93,102.410,6050,mult_1=CK3 mult_2=HGP mult_3=5FA mult_4=F6B mult_5=DAE mult_7=5FA mult_8=HGP adder_0=0MH adder_1=0AV adder_2=02E adder_3=0EM adder_4=0GK adder_7=0EM
sc_cfg833,-0.9975,-1.0015,0.004473,0.004470,0.0657,19.71,20.712,1051,adder_2=0AV adder_7=0EM
sc_cfg834,0.0000,0.0000,0.000000,0.000000,0.0000,19.99,13.883,694,adder_3=0AV
sc_cfg835,-5865.4899,-5870.0276,10.383323,10.388976,0.0544,20.05,13.487,673,mult_3=HGP
sc_cfg836,1155.6527,-718.2801,8.691567,8.902751,2.4298,18.95,47.216,2491,mult_1=HGP mult_8=5FA adder_2=0Q7 adder_4=02E adder_5=0M0
sc_cfg837,-265.0155,-265.3806,2.212627,2.216451,0.1728,20.01,8.773,438,adder_2=0GK
sc_cfg838,-5042.2905,-5046.8504,8.581495,8.589850,0.0974,19.06,40.160,2107,mult_0=DAE mult_6=8VH mult_8=GPF adder_0=0DL adder_2=0EM
sc_cfg839,-1609.1671,-1607.7742,2.739169,2.738240,0.0339,19.35,32.406,1674,mult_0=HGP mult_8=GPF adder_0=0DL adder_6=0EM
sc_cfg840,0.0000,0.0000,0.000000,0.000000,0.0000,20.04,14.892,743,mult_6=AQ1
sc_cfg841,-56.4854,-7208.6519,24.437907,27.183216,11.2338,16.58,111.081,6699,mult_0=CK3 mult_1=CK3 mult_3=5FA mult_4=CK3 mult_5=AQ1 mult_6=GPF mult_7=AQ1 adder_1=073 adder_2=0EM adder_3=0GK adder_4=02E adder_5=073 adder_6=0MH adder_7=02E
sc_cfg842,-5724.8868,-5718.0587,11.778433,11.771391,0.0598,19.76,17.071,864,mult_2=GPF adder_3=0MH
sc_cfg843,-14101.0330,-14102.5415,22.852261,22.853376,0.0049,17.79,75.091,4220,mult_0=F6B mult_1=GPF mult_2=HGY mult_3=GPF mult_4=F6B mult_5=AQ1 mult_7=DAE adder_5=0M0 adder_7=0EM
sc_cfg844,-4384.4455,-4556.7564,11.135796,11.255387,1.0739,19.00,41.762,2198,mult_1=8VH mult_7=CK3 adder_5=02E adder_6=0M0 adder_7=0DL
sc_cfg845,-8259.6478,-8274.2784,15.603446,15.624044,0.1320,19.58,26.524,1355,mult_0=AQ1 mult_4=GPF adder_3=0MH
sc_cfg846,-7766.2079,-7775.6590,13.468678,13.485693,0.1263,19.02,38.871,2043,mult_0=HGP mult_4=HGY mult_8=5FA adder_4=073 adder_6=0GK
sc_cfg847,-10774.4690,-10799.3600,17.700849,17.738717,0.2139,16.97,79.058,4660,mult_0=HGP mult_2=8VH mult_3=HGP mult_4=DAE adder_0=0EM adder_1=0AV adder_2=0M0 adder_3=0Q7 adder_4=073 adder_5=073 adder_6=0EM adder_7=0Q7
sc_cfg848,-12374.9432,-12360.1858,21.153290,21.132694,0.0974,17.87,67.427,3773,mult_0=AQ1 mult_5=GPF mult_7=DAE mult_8=F6B adder_1=0EM adder_3=0DL adder_4=0MH adder_5=0EM adder_7=0Q7
sc_cfg849,-5376.1183,-5343.0822,19.579244,19.588103,0.0452,19.97,7.987,400,adder_5=0MH
sc_cfg850,-2642.3804,-2660.0174,10.185250,10.201689,0.1614,19.78,16.739,846,mult_6=HGY adder_4=02E
sc_cfg851,-8768.6511,-8417.4383,16.797759,16.300908,2.9578,18.23,66.863,3667,mult_0=GPF mult_1=F6B mult_3=DAE mult_5=HGP mult_7=8VH adder_1=0M0 adder_2=0GK adder_7=02E
sc_cfg852,-23550.8667,-28702.0354,37.901441,48.561382,28.1254,16.26,102.442,6302,mult_0=HGP mult_1=8VH mult_2=GPF mult_3=8VH mult_5=F6B mult_6=HGY mult_7=HGP mult_8=8VH adder_0=073 adder_1=073 adder_2=0Q7 adder_3=0Q7 adder_4=0AV adder_6=0MH adder_7=0DL
sc_cfg853,-14884.7058,-17166.8474,26.085558,29.431253,12.8259,17.79,83.122,4672,mult_0=CK3 mult_1=F6B mult_2=5FA mult_5=GPF mult_6=AQ1 mult_7=8VH adder_0=0EM adder_3=0MH adder_4=0MH adder_6=02E
sc_cfg854,-5789.8309,-5797.9165,10.269167,10.277199,0.0782,18.53,58.462,3154,mult_1=8VH mult_5=5FA mult_8=HGP adder_2=0M0 adder_3=02E adder_6=0EM adder_7=0Q7
sc_cfg855,-13503.1165,-14295.2522,23.301393,24.598966,5.5687,17.63,87.516,4964,mult_0=5FA mult_2=8VH mult_3=CK3 mult_5=AQ1 mult_6=HGY mult_7=DAE mult_8=5FA adder_0=0DL adder_6=02E adder_7=0Q7
sc_cfg856,-7735.5917,-7709.4485,14.296436,14.257337,0.2735,19.60,27.528,1405,mult_7=CK3 adder_2=0Q7 adder_4=0MH
sc_cfg857,-28113.9280,-21084.6517,46.328437,35.350146,23.6967,16.92,101.960,6026,mult_1=GPF mult_2=GPF mult_3=CK3 mult_4=HGY mult_6=5FA mult_7=8VH mult_8=F6B adder_0=0GK adder_2=0M0 adder_3=0GK adder_5=0GK adder_6=073 adder_7=0MH
sc_cfg858,-13371.6528,-13390.3957,21.950177,21.983519,0.1519,19.37,44.816,2313,mult_0=GPF mult_1=5FA mult_4=HGY mult_5=CK3 adder_5=0Q7
sc_cfg859,-6766.0888,-6765.0692,11.632051,11.634390,0.0201,19.20,25.978,1353,mult_0=GPF mult_5=8VH adder_6=0DL
sc_cfg860,-21308.5151,-21156.2114,34.939109,34.719662,0.6281,16.16,103.357,6397,mult_1=F6B mult_2=CK3 mult_3=8VH mult_4=CK3 mult_6=8VH mult_7=5FA mult_8=AQ1 adder_0=0AV adder_1=0M0 adder_2=02E adder_4=0DL adder_5=0Q7 adder_6=0Q7 adder_7=0M0
sc_cfg861,-11886.7473,-11846.0686,21.359978,21.300070,0.2805,17.25,71.690,4155,mult_0=8VH mult_2=GPF mult_3=CK3 mult_4=AQ1 mult_8=CK3 adder_0=02E adder_1=0EM adder_2=02E adder_3=0EM adder_5=0GK
sc_cfg862,-7242.1128,-7197.0701,11.870230,11.805190,0.5479,16.89,118.233,6999,mult_0=5FA mult_1=GPF mult_2=CK3 mult_4=5FA mult_5=5FA mult_6=DAE mult_7=DAE mult_8=CK3 adder_1=0Q7 adder_4=0DL adder_5=0AV adder_6=0M0
sc_cfg863,-27119.7247,-25521.8973,43.250661,44.163425,2.1104,17.02,99.722,5858,mult_0=8VH mult_2=GPF mult_3=DAE mult_4=HGP mult_6=8VH mult_7=CK3 mult_8=GPF adder_0=0DL adder_1=0AV adder_2=0AV adder_3=0Q7 adder_4=073 adder_6=0MH
sc_cfg864,-3554.3067,-3517.5173,11.033243,11.016097,0.1554,18.13,44.961,2481,mult_6=CK3 mult_7=AQ1 adder_1=0DL adder_2=02E adder_4=0AV
sc_cfg865,-13997.2303,-13864.2291,22.258552,22.135274,0.5538,17.67,64.264,3637,mult_1=8VH mult_2=HGP mult_6=8VH mult_7=8VH mult_8=GPF adder_1=073 adder_5=0GK adder_6=0DL
sc_cfg866,-28915.9605,-19568.0622,46.076904,34.078942,26.0390,16.07,99.208,6172,mult_0=5FA mult_1=DAE mult_2=DAE mult_3=HGY mult_4=GPF mult_5=GPF mult_7=HGP adder_0=0DL adder_1=0GK adder_2=0AV adder_3=02E adder_6=073 adder_7=0MH
sc_cfg867,-10416.6872,-10385.0383,19.017450,18.978793,0.2033,17.83,39.407,2210,mult_2=8VH mult_5=HGY mult_7=F6B adder_0=0EM adder_1=02E adder_3=073
sc_cfg868,-7545.0320,-7281.9162,15.443180,15.272683,1.1040,16.13,119.173,7388,mult_2=HGP mult_3=5FA mult_4=F6B mult_5=5FA mult_6=DAE mult_7=8VH mult_8=5FA adder_0=0GK adder_1=0EM adder_2=0AV adder_3=0EM adder_4=073 adder_5=0GK adder_6=02E adder_7=0DL
sc_cfg869,15.0283,14.6642,0.172035,0.172179,0.0840,18.70,29.693,1588,adder_2=0M0 adder_5=0M0 adder_6=0EM adder_7=0AV
sc_cfg870,-6612.4278,-6630.4412,11.715466,11.744640,0.2490,18.98,24.584,1296,mult_1=AQ1 mult_4=8VH adder_2=0EM
sc_cfg871,-10248.9959,-9534.7898,24.800683,25.448730,2.6130,16.39,96.263,5874,mult_0=F6B mult_1=AQ1 mult_2=DAE mult_3=DAE mult_6=DAE mult_7=HGY mult_8=5FA adder_0=0Q7 adder_1=0M0 adder_2=02E adder_3=0DL adder_4=0M0 adder_6=0MH
sc_cfg872,-7537.7101,-7562.4992,13.002323,13.039848,0.2886,18.90,46.565,2464,mult_0=GPF mult_2=AQ1 mult_4=GPF adder_3=0DL adder_4=0DL
sc_cfg873,-5181.6277,-5177.9509,8.436564,8.430257,0.0748,18.68,47.279,2531,mult_1=8VH mult_3=DAE mult_7=GPF mult_8=HGP adder_1=0M0
sc_cfg874,-13366.3573,-13394.1899,21.946175,21.987858,0.1899,18.71,39.997,2138,mult_0=HGY mult_3=8VH mult_4=8VH mult_6=AQ1 adder_4=0Q7
sc_cfg875,-5526.7879,-5541.3833,10.894278,10.906351,0.1108,18.37,49.394,2689,mult_2=F6B mult_4=AQ1 mult_5=F6B mult_6=HGY adder_3=02E adder_4=0AV
sc_cfg876,-20795.1655,-22923.4819,37.077421,41.237345,11.2196,17.66,61.811,3500,mult_0=HGP mult_4=HGP mult_5=CK3 mult_8=HGY adder_0=0EM adder_1=0M0 adder_3=0MH adder_4=073 adder_6=0MH
sc_cfg877,-167.7625,-164.4656,2.061168,2.063824,0.1289,19.32,19.117,989,adder_0=0GK adder_6=073
sc_cfg878,-11070.7468,-13065.8362,19.894768,22.700473,14.1027,17.35,79.096,4558,mult_1=CK3 mult_2=DAE mult_3=HGY mult_6=GPF mult_8=F6B adder_0=0AV adder_2=073 adder_5=02E adder_6=0Q7 adder_7=0EM
sc_cfg879,-9191.5971,-9262.4560,16.609945,16.715912,0.6380,17.39,80.163,4609,mult_1=DAE mult_2=GPF mult_3=AQ1 mult_5=5FA mult_6=CK3 mult_8=AQ1 adder_1=0MH adder_3=0DL adder_4=0AV adder_5=0GK
sc_cfg880,-22527.7201,-21839.2008,37.533849,36.110917,3.7911,15.13,110.949,7334,mult_0=HGP mult_1=F6B mult_2=GPF mult_3=DAE mult_4=GPF mult_5=HGP mult_6=HGY mult_7=DAE mult_8=F6B adder_0=0MH adder_1=0MH adder_2=02E adder_3=0DL adder_4=0GK adder_5=0Q7 adder_6=0GK adder_7=02E
sc_cfg881,-2011.2699,-2021.6503,3.874044,3.887441,0.3458,18.46,37.230,2017,mult_1=F6B mult_8=CK3 adder_2=0Q7 adder_4=0M0 adder_5=0AV
sc_cfg882,-10802.1564,-10794.7727,17.736926,17.728354,0.0483,18.54,37.426,2019,mult_0=HGY mult_3=HGP mult_6=8VH adder_1=0M0 adder_5=0AV adder_6=0M0
sc_cfg883,-2236.9845,-2230.4558,6.458209,6.457936,0.0042,18.50,44.018,2379,mult_4=AQ1 mult_6=DAE adder_0=073 adder_3=02E adder_4=0EM adder_6=0EM
sc_cfg884,-7895.6814,-7913.4664,16.359236,16.391109,0.1948,17.58,84.123,4785,mult_1=5FA mult_4=DAE mult_5=F6B mult_6=CK3 mult_7=5FA adder_1=0MH adder_3=0MH adder_4=0M0 adder_6=073
sc_cfg885,-3048.7467,-3051.3722,5.114260,5.115680,0.0278,19.01,24.118,1269,mult_0=HGY mult_1=8VH adder_7=073
sc_cfg886,-10952.4152,-12972.1476,22.127414,24.774535,11.9631,16.84,96.805,5749,mult_0=GPF mult_1=F6B mult_3=AQ1 mult_4=F6B mult_5=8VH mult_6=F6B mult_7=HGP mult_8=CK3 adder_1=0GK adder_3=02E adder_4=0MH adder_6=0GK
sc_cfg887,-240.7991,-238.4182,0.650006,0.646961,0.4683,18.75,39.211,2091,mult_4=5FA mult_8=DAE adder_4=0AV adder_5=0DL
sc_cfg888,-2094.2236,-2093.9951,3.745595,3.743774,0.0486,18.21,42.389,2328,mult_1=8VH adder_1=0M0 adder_2=073 adder_4=0EM adder_5=0Q7 adder_7=0M0
sc_cfg889,-5590.6554,-5573.5417,11.564335,11.541116,0.2008,19.24,13.514,702,adder_2=0DL adder_4=0MH
sc_cfg890,-4519.3330,-4523.8441,7.467612,7.473529,0.0792,17.80,66.838,3754,mult_0=DAE mult_1=GPF mult_2=AQ1 mult_5=DAE mult_7=8VH adder_3=0EM adder_5=0M0 adder_7=0DL
sc_cfg891,-4957.1723,-4953.6412,8.449957,8.449243,0.0084,18.22,57.618,3162,mult_2=8VH mult_3=5FA mult_7=5FA mult_8=HGY adder_5=0M0 adder_7=0AV
sc_cfg892,-7799.6653,-7820.4495,15.120166,15.153898,0.2231,18.51,35.139,1898,mult_4=CK3 adder_2=0MH adder_3=0Q7 adder_4=0EM adder_6=0GK
sc_cfg893,-11098.7666,-11021.0520,27.806432,22.458454,19.2329,17.20,70.796,4117,mult_1=HGP mult_3=GPF mult_4=GPF adder_0=073 adder_1=0GK adder_2=0GK adder_4=0Q7 adder_5=0EM adder_6=0M0 adder_7=0MH
sc_cfg894,-15223.8159,-10508.7217,27.206941,22.483491,17.3612,16.19,96.467,5960,mult_0=8VH mult_1=DAE mult_2=HGP mult_3=AQ1 mult_4=F6B mult_5=8VH mult_7=8VH mult_8=DAE adder_0=0AV adder_1=02E adder_2=0EM adder_3=073 adder_5=02E adder_6=02E
sc_cfg895,-9666.5456,-11438.1274,18.355426,20.399082,11.1338,17.67,70.035,3964,mult_0=HGP mult_2=AQ1 mult_4=8VH mult_5=F6B mult_7=F6B mult_8=5FA adder_0=02E adder_4=02E adder_5=0Q7
sc_cfg896,-951.4241,-948.0399,1.721267,1.717498,0.2189,19.19,12.090,630,mult_0=HGY adder_7=0DL
sc_cfg897,-13677.5455,-13299.5676,25.660132,24.682968,3.8081,15.96,108.351,6789,mult_0=AQ1 mult_1=AQ1 mult_2=8VH mult_3=F6B mult_4=8VH mult_5=HGY mult_6=5FA mult_8=5FA adder_0=0MH adder_1=0MH adder_2=073 adder_3=0M0 adder_5=0M0 adder_6=0AV adder_7=02E
sc_cfg898,-23142.1294,-18507.1839,39.968242,38.011602,4.8955,16.34,80.276,4914,mult_3=8VH mult_5=F6B mult_6=AQ1 mult_7=AQ1 mult_8=HGY adder_0=0M0 adder_1=0Q7 adder_2=0DL adder_3=0EM adder_4=0DL adder_5=0MH adder_6=0MH adder_7=0EM
sc_cfg899,-2264.0334,-2268.1872,4.667143,4.669427,0.0489,19.03,31.847,1673,mult_1=F6B mult_7=F6B adder_2=0EM adder_4=073
sc_cfg900,-6000.3259,-5991.0473,13.065441,13.055052,0.0795,18.68,39.981,2140,mult_1=AQ1 mult_2=F6B mult_5=8VH mult_7=GPF adder_0=0MH
sc_cfg901,-12215.3203,-11263.9664,26.558218,26.594929,0.1382,18.57,48.417,2608,mult_0=GPF mult_4=F6B mult_6=HGP adder_0=0AV adder_1=0EM adder_3=0MH adder_6=0MH
sc_cfg902,-1169.8686,-1173.5198,2.270254,2.273651,0.1497,18.81,38.335,2038,mult_5=AQ1 mult_7=AQ1 adder_4=0AV adder_5=0EM adder_7=0GK
sc_cfg903,-15794.5504,-20819.4496,27.080650,34.318924,26.7286,16.64,104.320,6269,mult_0=F6B mult_1=GPF mult_2=HGY mult_3=5FA mult_4=CK3 mult_5=5FA mult_6=5FA adder_0=0Q7 adder_1=0DL adder_2=073 adder_3=0MH adder_4=0MH adder_6=0Q7
sc_cfg904,-8411.1155,-8368.3570,15.543167,15.489788,0.3434,16.42,92.788,5652,mult_0=AQ1 mult_1=AQ1 mult_2=GPF mult_5=F6B mult_6=8VH mult_8=GPF adder_1=0AV adder_2=0Q7 adder_3=0MH adder_4=0M0 adder_5=0Q7 adder_6=0DL adder_7=0Q7
sc_cfg905,-25443.6660,-25812.2554,40.321789,40.868510,1.3559,15.14,123.352,8145,mult_0=HGY mult_1=CK3 mult_2=5FA mult_3=CK3 mult_4=HGY mult_5=HGP mult_6=GPF mult_7=DAE mult_8=DAE adder_0=0Q7 adder_1=0Q7 adder_2=0Q7 adder_3=0EM adder_4=073 adder_5=0DL adder_6=073 adder_7=0AV
sc_cfg906,-9751.3606,-9759.4132,15.977185,15.985161,0.0499,18.60,34.705,1866,mult_0=HGY mult_1=8VH mult_3=CK3 mult_8=F6B adder_0=073
sc_cfg907,-4985.7131,-5016.2575,9.208624,9.243387,0.3775,17.63,57.836,3280,mult_1=HGP mult_2=AQ1 mult_8=AQ1 adder_0=0DL adder_1=0Q7 adder_3=02E adder_4=0M0 adder_6=0DL adder_7=0M0
sc_cfg908,369.9710,380.6835,4.429213,4.414716,0.3273,18.67,44.758,2398,mult_0=5FA mult_1=DAE mult_6=F6B adder_1=0DL adder_5=0DL
sc_cfg909,-10336.0912,-11583.2311,23.192289,25.463532,9.7931,18.88,29.342,1554,mult_6=GPF mult_7=HGP adder_1=0EM adder_5=0MH
sc_cfg910,-7262.7422,-7271.8644,12.081167,12.100084,0.1566,17.71,74.274,4193,mult_1=CK3 mult_5=DAE mult_6=GPF mult_7=AQ1 mult_8=GPF adder_1=0GK adder_3=0M0 adder_4=0EM adder_5=0Q7 adder_6=0M0
sc_cfg911,-5319.1542,-5312.0580,11.285106,11.284056,0.0093,17.92,74.943,4182,mult_0=5FA mult_4=AQ1 mult_8=F6B adder_0=0AV adder_1=0MH adder_2=0AV adder_3=0M0 adder_4=0AV adder_7=0Q7
sc_cfg912,-11025.1634,-11019.6764,18.177877,18.174308,0.0196,18.43,47.990,2603,mult_2=HGP mult_5=GPF mult_8=HGP adder_0=0GK adder_3=0DL adder_4=073
sc_cfg913,-9458.2037,-9380.3256,23.763434,23.660386,0.4336,19.40,20.043,1033,mult_7=CK3 adder_6=0MH
sc_cfg914,-119.5522,-119.2971,0.306950,0.306978,0.0089,19.79,16.325,825,mult_7=DAE
sc_cfg915,-69.3600,-69.2745,0.349025,0.350248,0.3504,19.41,23.580,1215,mult_4=DAE adder_6=0Q7
sc_cfg916,-9124.4425,-9115.6190,15.057813,15.049613,0.0545,18.65,43.408,2328,mult_0=HGY mult_1=5FA mult_5=HGY mult_7=CK3 adder_3=0DL
sc_cfg917,-12710.5750,-12914.1453,21.482447,21.761994,1.3013,16.77,83.422,4973,mult_0=HGY mult_1=HGY mult_2=DAE mult_4=AQ1 mult_5=8VH mult_6=8VH mult_8=HGP adder_2=0GK adder_3=0MH adder_4=073 adder_5=0DL adder_7=0DL
sc_cfg918,-14071.8375,-13877.4941,22.365271,22.085662,1.2502,16.23,112.268,6918,mult_1=8VH mult_2=8VH mult_3=5FA mult_4=5FA mult_5=AQ1 mult_6=HGY mult_7=8VH mult_8=F6B adder_0=073 adder_1=0Q7 adder_3=0DL adder_4=0Q7 adder_5=0DL adder_7=0GK
sc_cfg919,-11127.3868,-11138.0214,18.276653,18.291211,0.0797,18.30,46.339,2532,mult_3=HGY mult_6=8VH mult_8=5FA adder_1=0GK adder_2=073 adder_3=02E
sc_cfg920,-6978.3986,-6982.4030,11.554298,11.562344,0.0696,18.10,56.868,3141,mult_0=HGP mult_1=F6B mult_6=CK3 mult_8=F6B adder_4=0AV adder_6=0M0 adder_7=0AV
sc_cfg921,1736.9905,-2210.6602,14.139905,13.701985,3.0970,18.11,44.419,2453,mult_3=HGP mult_6=AQ1 adder_1=0DL adder_2=0EM adder_4=0DL adder_6=0AV adder_7=0MH
sc_cfg922,-6579.5281,-8998.2750,26.245400,26.329944,0.3221,16.76,84.364,5033,mult_0=AQ1 mult_2=F6B mult_4=5FA mult_5=DAE mult_6=CK3 mult_7=HGY adder_2=073 adder_3=02E adder_4=0AV adder_5=0M0 adder_6=0MH adder_7=02E
sc_cfg923,-856.7207,-857.6146,1.539596,1.540475,0.0571,18.51,61.563,3325,mult_0=AQ1 mult_5=AQ1 mult_8=F6B adder_0=0EM adder_2=0M0 adder_5=0AV adder_7=0M0
sc_cfg924,-6577.8311,-6582.8751,13.573924,13.580737,0.0502,17.35,66.205,3815,mult_0=8VH mult_1=GPF mult_5=AQ1 mult_7=8VH adder_0=0DL adder_1=073 adder_2=073 adder_3=02E adder_4=073 adder_5=02E
sc_cfg925,-22492.6317,-20402.7273,36.556449,37.147062,1.6156,17.81,59.174,3323,mult_2=CK3 mult_3=HGP mult_5=CK3 mult_6=F6B adder_2=0Q7 adder_3=0DL adder_4=073 adder_5=0MH adder_6=0EM
sc_cfg926,-5527.1872,-6340.3058,17.081236,17.104369,0.1354,15.86,103.106,6500,mult_0=AQ1 mult_1=AQ1 mult_2=DAE mult_3=DAE mult_5=DAE mult_6=DAE mult_7=HGY mult_8=CK3 adder_0=0M0 adder_1=073 adder_2=0EM adder_4=0MH adder_5=02E adder_6=0DL adder_7=02E
sc_cfg927,0.0000,0.0000,0.000000,0.000000,0.0000,19.59,12.197,623,mult_6=AQ1
sc_cfg928,-9372.2210,-9411.8275,15.084694,15.143994,0.3931,17.08,82.554,4834,mult_0=HGP mult_1=GPF mult_2=GPF mult_7=8VH mult_8=5FA adder_0=0GK adder_1=0Q7 adder_3=0DL adder_4=0DL adder_5=0M0 adder_7=073
sc_cfg929,-7390.1760,-8695.7204,18.436208,19.832154,7.5718,16.07,117.057,7284,mult_0=AQ1 mult_1=AQ1 mult_2=F6B mult_3=5FA mult_4=HGP mult_5=AQ1 mult_6=F6B mult_7=DAE mult_8=F6B adder_0=0GK adder_1=0M0 adder_2=0GK adder_3=02E adder_4=0MH adder_5=0EM adder_6=0AV
sc_cfg930,-4259.9653,-7942.2045,17.886623,18.696580,4.5283,17.24,75.217,4362,mult_0=HGY mult_2=DAE mult_4=F6B mult_8=GPF adder_0=0M0 adder_1=0Q7 adder_2=0MH adder_3=0DL adder_4=0Q7 adder_5=0M0 adder_6=0M0 adder_7=0MH
sc_cfg931,-2879.6143,-2875.3016,5.057980,5.052628,0.1058,17.05,81.834,4800,mult_0=HGP mult_6=5FA mult_7=F6B mult_8=HGY adder_0=0AV adder_1=0EM adder_2=0Q7 adder_3=0M0 adder_4=0M0 adder_5=0Q7 adder_6=0Q7 adder_7=0AV
sc_cfg932,-17908.3039,-29161.0943,35.460021,50.303639,41.8601,15.87,120.710,7608,mult_0=5FA mult_1=GPF mult_2=GPF mult_3=CK3 mult_4=GPF mult_5=AQ1 mult_6=DAE mult_7=HGY mult_8=5FA adder_0=0DL adder_2=02E adder_3=0DL adder_4=0EM adder_5=02E adder_6=0MH adder_7=0MH
sc_cfg933,-2301.4898,-2321.2214,9.423602,9.394425,0.3096,19.01,38.599,2030,mult_1=HGY mult_5=5FA adder_4=0AV adder_6=02E adder_7=0Q7
sc_cfg934,-1389.4287,-1350.3856,9.321529,9.319730,0.0193,19.12,27.385,1432,mult_6=AQ1 adder_1=02E adder_2=0Q7 adder_5=0M0
sc_cfg935,-17381.4984,-13826.6550,28.837457,28.744551,0.3222,17.72,76.290,4306,mult_0=DAE mult_2=GPF mult_5=5FA mult_7=CK3 adder_1=0EM adder_2=0GK adder_3=0AV adder_4=073 adder_6=0MH adder_7=0DL
sc_cfg936,-15609.2817,-12606.3664,33.253124,26.170940,21.2978,17.40,72.527,4168,mult_1=DAE mult_2=F6B mult_4=8VH mult_5=HGP mult_6=HGY mult_7=DAE adder_2=073 adder_3=0AV adder_5=02E adder_6=0DL adder_7=0MH
sc_cfg937,-8757.4515,-8777.5724,15.116458,15.148925,0.2148,18.90,35.304,1868,mult_3=F6B mult_4=HGY mult_8=F6B adder_0=0Q7 adder_3=0Q7
sc_cfg938,-7756.6089,-7163.4700,15.905204,15.260782,4.0516,16.27,119.238,7329,mult_0=5FA mult_2=AQ1 mult_3=DAE mult_4=CK3 mult_5=DAE mult_7=5FA mult_8=GPF adder_0=0M0 adder_1=0DL adder_2=0DL adder_3=0DL adder_4=0EM adder_5=0GK adder_6=02E adder_7=0DL
sc_cfg939,-16241.4786,-14271.3006,27.015255,28.741552,6.3901,18.99,29.139,1534,mult_1=8VH mult_5=HGY mult_8=HGP adder_0=0M0 adder_5=0MH
sc_cfg940,-8177.0000,-8175.6229,13.536742,13.540909,0.0308,18.67,39.803,2132,mult_2=HGY mult_4=AQ1 mult_6=HGP adder_0=0DL adder_5=0Q7 adder_7=0AV
sc_cfg941,-715.5528,-713.0071,1.415578,1.413429,0.1518,19.57,18.748,958,mult_0=GPF adder_0=0DL
sc_cfg942,58.2182,51.6249,0.380496,0.378519,0.5197,18.08,67.219,3719,mult_2=5FA mult_3=DAE mult_6=AQ1 adder_1=0M0 adder_2=0EM adder_3=0Q7 adder_4=0M0 adder_7=0Q7
sc_cfg943,-26012.5137,-26339.4470,41.630856,42.152194,1.2523,15.48,118.745,7672,mult_0=5FA mult_1=CK3 mult_2=CK3 mult_3=8VH mult_4=HGP mult_5=AQ1 mult_6=CK3 mult_7=HGP mult_8=HGP adder_0=0AV adder_1=0DL adder_2=0MH adder_3=0EM adder_4=0M0 adder_5=0GK adder_6=073 adder_7=073
sc_cfg944,55.8751,56.3430,0.371051,0.370795,0.0692,19.45,23.211,1194,mult_1=AQ1 mult_3=DAE
sc_cfg945,-8252.8377,-8270.2297,14.324233,14.342729,0.1291,18.46,49.833,2700,mult_1=F6B mult_3=HGP mult_5=F6B adder_1=0AV adder_3=0Q7 adder_5=0EM
sc_cfg946,-31530.5795,-31410.9225,49.564577,53.768125,8.4810,16.09,94.713,5888,mult_0=HGY mult_1=DAE mult_2=8VH mult_3=GPF mult_4=CK3 mult_5=8VH mult_6=HGP mult_7=GPF mult_8=HGP adder_0=0MH adder_1=0MH adder_3=02E adder_4=0GK adder_5=0Q7 adder_6=0MH
sc_cfg947,-2603.4648,-2738.6701,10.139075,10.163343,0.2394,17.73,73.409,4140,mult_0=DAE mult_1=AQ1 mult_3=5FA mult_5=F6B mult_8=GPF adder_3=0DL adder_4=0DL adder_5=0EM adder_6=02E
sc_cfg948,-0.4933,-0.4981,0.002152,0.002162,0.4914,19.57,15.155,774,adder_5=0AV
sc_cfg949,-1616.3086,-1614.8391,7.417611,7.415289,0.0313,18.59,51.642,2779,mult_3=5FA mult_7=AQ1 adder_3=0MH adder_5=0AV adder_7=0EM
sc_cfg950,-6580.8862,-6598.9074,11.673777,11.702951,0.2499,19.37,21.142,1092,mult_4=8VH adder_2=073
sc_cfg951,-11222.2519,-11159.5776,18.752019,18.660295,0.4891,17.74,76.320,4302,mult_0=F6B mult_3=8VH mult_4=F6B mult_5=F6B mult_7=GPF adder_1=0EM adder_2=0DL adder_4=0Q7 adder_6=0DL
sc_cfg952,-2215.0236,-2206.5111,6.441823,6.439848,0.0307,18.70,48.812,2611,mult_0=5FA mult_6=DAE adder_1=0EM adder_3=02E adder_4=0M0
sc_cfg953,-14979.8056,-14998.9190,24.424746,24.492591,0.2778,17.07,79.157,4637,mult_0=8VH mult_4=HGP mult_5=8VH mult_6=DAE mult_8=HGP adder_0=0EM adder_1=0M0 adder_2=0MH adder_3=0GK adder_6=0GK adder_7=0GK
sc_cfg954,-9856.2894,-9873.3523,18.200430,18.210117,0.0532,17.30,77.578,4485,mult_3=DAE mult_4=AQ1 mult_5=CK3 mult_6=F6B mult_7=5FA adder_0=0GK adder_1=0MH adder_3=073 adder_4=0DL adder_7=0DL
sc_cfg955,-8030.5858,-8035.1355,13.495997,13.502456,0.0479,19.28,13.513,701,mult_1=HGY mult_5=HGP
sc_cfg956,-12511.8662,-12049.1020,21.910285,21.331212,2.6429,16.76,90.848,5420,mult_0=8VH mult_1=8VH mult_2=GPF mult_3=AQ1 mult_4=CK3 mult_7=5FA mult_8=8VH adder_1=0M0 adder_2=0EM adder_4=0M0 adder_5=073 adder_7=02E
sc_cfg957,-6828.1461,-6833.7087,11.714609,11.721657,0.0602,19.05,25.793,1354,mult_3=8VH mult_4=DAE mult_8=8VH
sc_cfg958,-17240.3546,-17789.9527,29.909418,29.064540,2.8248,18.43,34.530,1874,mult_4=AQ1 mult_6=HGY adder_1=0GK adder_4=0MH adder_5=0AV adder_6=0MH
sc_cfg959,-3031.2406,-3066.2194,5.688290,5.719488,0.5485,18.13,58.679,3236,mult_0=F6B mult_3=5FA mult_7=F6B mult_8=F6B adder_1=0M0 adder_4=0GK adder_7=0EM
sc_cfg960,-23082.7556,-16544.1128,40.288611,34.484468,14.4064,16.23,106.436,6559,mult_1=HGY mult_2=5FA mult_4=HGP mult_5=GPF mult_6=GPF mult_8=AQ1 adder_0=0Q7 adder_1=0GK adder_2=0EM adder_3=0MH adder_4=0AV adder_5=0MH adder_6=0DL adder_7=0MH
sc_cfg961,-10781.5699,-10780.9574,18.113443,18.104578,0.0489,16.74,96.767,5781,mult_1=GPF mult_2=F6B mult_3=CK3 mult_5=5FA mult_7=HGP mult_8=5FA adder_0=073 adder_1=0EM adder_2=0EM adder_5=073 adder_6=0Q7 adder_7=0GK
sc_cfg962,-22361.7907,-22777.6931,36.132948,36.785430,1.8058,15.59,100.408,6442,mult_0=HGY mult_1=GPF mult_2=8VH mult_3=F6B mult_4=CK3 mult_6=HGP mult_7=HGP mult_8=F6B adder_0=0GK adder_1=0M0 adder_2=0MH adder_3=0Q7 adder_4=073 adder_5=0GK adder_6=073 adder_7=0DL
sc_cfg963,2.5065,2.4994,0.006234,0.006222,0.1898,19.47,17.625,905,mult_7=AQ1 adder_1=0EM
sc_cfg964,-13731.3433,-14289.0031,25.396416,25.865918,1.8487,17.97,55.542,3091,mult_2=CK3 mult_4=HGP mult_6=F6B mult_7=8VH mult_8=HGY adder_0=0Q7 adder_1=0MH adder_3=0EM adder_6=02E
sc_cfg965,-106.8304,-107.0149,8.370929,8.380528,0.1147,19.70,7.646,388,adder_5=02E
sc_cfg966,-12970.9097,-12966.4886,20.957655,20.956366,0.0062,18.39,50.249,2732,mult_2=GPF mult_5=HGP mult_7=HGY mult_8=GPF adder_2=0Q7 adder_5=0M0
sc_cfg967,1.0047,0.9933,0.004056,0.004052,0.0931,19.57,12.871,658,adder_2=0EM
sc_cfg968,-2143.2119,-2146.7474,3.836780,3.838984,0.0574,19.41,26.925,1387,mult_1=GPF adder_3=0M0 adder_6=0DL
sc_cfg969,-18175.1702,-14206.8892,29.058204,24.639330,15.2070,17.68,82.552,4669,mult_0=8VH mult_1=CK3 mult_2=5FA mult_3=GPF mult_5=HGP mult_8=CK3 adder_0=0AV adder_3=0Q7 adder_4=02E adder_6=073
sc_cfg970,-2305.7114,-2287.8276,9.414470,9.378223,0.3850,18.94,46.007,2429,mult_2=5FA mult_7=8VH adder_1=0M0 adder_5=0EM adder_6=02E
sc_cfg971,-10045.7185,-10112.1167,18.188934,18.280026,0.5008,18.15,59.064,3254,mult_1=HGY mult_4=DAE mult_5=AQ1 mult_7=DAE adder_2=0MH adder_3=0GK adder_5=0M0 adder_6=0GK
sc_cfg972,-8839.4413,-6937.0013,16.859127,14.457834,14.2433,17.83,56.824,3187,mult_4=CK3 mult_5=DAE mult_7=HGY adder_0=0DL adder_1=0EM adder_5=0DL adder_6=0GK adder_7=02E
sc_cfg973,-1730.6570,-1729.7271,2.900471,2.899377,0.0377,19.14,24.813,1296,mult_0=CK3 mult_3=DAE mult_8=HGY
sc_cfg974,-8780.0188,-8606.2255,23.700024,19.979519,15.6983,17.06,64.371,3774,mult_0=AQ1 mult_1=HGY mult_5=HGP mult_8=F6B adder_1=02E adder_2=0DL adder_3=0DL adder_4=0Q7 adder_5=0M0 adder_6=0GK adder_7=0MH
sc_cfg975,-25056.2273,-24916.8032,39.980732,39.775528,0.5133,16.72,71.504,4277,mult_0=AQ1 mult_1=HGP mult_2=F6B mult_3=HGY mult_4=HGY mult_5=8VH mult_6=HGP mult_8=HGY adder_0=073 adder_1=0Q7 adder_4=0DL adder_5=073
sc_cfg976,-17524.2794,-17417.9167,29.773840,29.467603,1.0285,15.93,111.581,7006,mult_0=CK3 mult_1=5FA mult_2=8VH mult_3=5FA mult_4=F6B mult_6=AQ1 mult_7=HGY mult_8=HGP adder_0=02E adder_2=0MH adder_3=0Q7 adder_4=02E adder_5=073 adder_6=073 adder_7=0GK
sc_cfg977,-10622.2628,-11165.1577,17.639280,18.410783,4.3738,16.80,80.635,4799,mult_0=AQ1 mult_1=8VH mult_2=HGP mult_6=CK3 mult_7=HGP adder_0=02E adder_1=0M0 adder_2=0AV adder_4=0GK adder_5=073 adder_6=0Q7 adder_7=0Q7
sc_cfg978,-24569.8153,-24496.0508,38.851095,38.746000,0.2705,15.20,112.615,7408,mult_0=F6B mult_1=AQ1 mult_2=8VH mult_3=AQ1 mult_4=8VH mult_5=CK3 mult_6=8VH mult_7=HGY mult_8=F6B adder_0=0AV adder_1=0Q7 adder_2=0Q7 adder_3=0MH adder_4=0Q7 adder_5=0M0 adder_6=0M0 adder_7=0Q7
sc_cfg979,-4699.6407,-4704.5776,13.643221,13.663386,0.1478,17.79,72.117,4054,mult_4=8VH mult_5=5FA mult_6=F6B mult_7=HGP mult_8=DAE adder_1=073 adder_3=02E adder_4=0M0 adder_6=0EM
sc_cfg980,-8173.3883,-8167.1986,13.703780,13.698984,0.0350,18.06,46.827,2593,mult_5=HGY mult_6=DAE mult_7=GPF adder_0=0Q7 adder_2=0DL adder_3=073 adder_4=0DL
sc_cfg981,-6614.9265,-6632.9284,11.718773,11.747932,0.2488,19.53,9.822,503,mult_4=8VH
sc_cfg982,-10005.7394,-10045.2560,17.347890,17.399018,0.2947,17.53,63.045,3597,mult_2=AQ1 mult_3=F6B mult_5=8VH adder_0=073 adder_1=0MH adder_3=0DL adder_4=073 adder_5=0GK adder_6=0AV adder_7=0M0
sc_cfg983,-11324.5237,-10330.0227,18.815720,17.449495,7.2611,17.12,71.702,4188,mult_1=CK3 mult_2=DAE mult_3=HGP mult_5=F6B mult_8=HGP adder_0=0GK adder_1=0Q7 adder_2=0AV adder_5=0GK adder_6=0GK adder_7=0M0
sc_cfg984,-2359.5305,-2353.6077,7.907364,7.904686,0.0339,18.96,25.010,1319,mult_0=HGP adder_0=0DL adder_1=0EM adder_3=0MH
sc_cfg985,-8679.3505,-8694.0186,14.675889,14.699925,0.1638,17.03,81.261,4773,mult_3=5FA mult_4=GPF mult_7=8VH adder_0=073 adder_1=073 adder_2=0M0 adder_3=0AV adder_4=073 adder_5=0EM adder_6=0AV adder_7=0DL
sc_cfg986,-18915.0511,-18895.3941,30.116813,30.089664,0.0901,17.09,80.520,4713,mult_0=GPF mult_1=HGY mult_2=GPF mult_4=CK3 mult_6=HGY mult_8=5FA adder_0=073 adder_1=0M0 adder_5=0DL adder_6=0EM adder_7=0GK
sc_cfg987,-16473.2981,-14966.9431,27.434487,30.711632,11.9454,18.31,35.711,1950,mult_4=HGY mult_6=CK3 mult_7=F6B adder_0=0MH adder_2=0GK adder_5=0MH
sc_cfg988,3817.1055,3734.3229,13.592949,13.633802,0.3005,19.39,13.940,719,adder_0=0GK adder_7=0MH
sc_cfg989,-18783.5122,-18551.2333,30.139366,29.814240,1.0787,15.90,119.879,7539,mult_0=8VH mult_1=DAE mult_2=8VH mult_3=CK3 mult_4=GPF mult_5=5FA mult_7=DAE mult_8=8VH adder_0=0DL adder_2=0Q7 adder_3=0Q7 adder_4=0AV adder_5=0DL adder_6=0GK adder_7=0DL
sc_cfg990,-11008.8380,-11020.6701,19.267577,19.295723,0.1461,17.62,58.540,3322,mult_0=HGP mult_7=CK3 mult_8=CK3 adder_1=0DL adder_2=0MH adder_3=0EM adder_4=0DL adder_5=0AV adder_7=0Q7
sc_cfg991,-7982.8942,-7981.8222,15.565221,15.565865,0.0041,17.18,95.672,5568,mult_0=GPF mult_3=5FA mult_4=F6B mult_6=F6B mult_7=HGY mult_8=5FA adder_0=0AV adder_1=0MH adder_2=0Q7 adder_3=0AV adder_5=073 adder_6=0Q7
sc_cfg992,-1764.5238,-2232.0136,5.352937,5.754098,7.4942,18.19,46.884,2578,mult_1=8VH mult_7=DAE mult_8=HGP adder_0=02E adder_3=0GK adder_4=0GK adder_6=0AV
sc_cfg993,521.9773,521.9296,4.398675,4.393047,0.1279,19.65,12.066,614,mult_6=F6B
sc_cfg994,-13955.1519,-15935.5708,28.566674,31.012472,8.5617,16.68,90.957,5453,mult_0=HGY mult_2=DAE mult_3=GPF mult_4=AQ1 mult_6=HGY mult_8=5FA adder_0=073 adder_2=0Q7 adder_3=0DL adder_4=0AV adder_5=0MH adder_6=0GK adder_7=0Q7
sc_cfg995,-2769.3535,-2683.5014,9.433052,9.292826,1.4865,17.92,66.919,3734,mult_1=CK3 mult_6=5FA mult_7=8VH mult_8=GPF adder_0=0EM adder_3=0AV adder_5=0EM adder_7=02E
sc_cfg996,-14353.8571,-6552.3228,32.190690,23.226378,27.8475,16.81,71.051,4226,mult_3=HGP mult_4=DAE mult_5=HGY mult_7=CK3 adder_0=0DL adder_1=0GK adder_2=0AV adder_3=0MH adder_4=02E adder_5=073 adder_6=02E adder_7=0MH
sc_cfg997,-5439.1790,-5413.1876,19.596160,19.636056,0.2036,19.30,26.225,1359,mult_4=DAE adder_0=0Q7 adder_5=0MH
sc_cfg998,-4008.1330,-4008.1857,6.872199,6.871453,0.0108,17.21,88.220,5127,mult_1=HGY mult_2=DAE mult_3=5FA mult_4=AQ1 mult_5=DAE mult_7=F6B mult_8=F6B adder_0=0M0 adder_1=0DL adder_3=0EM adder_6=0EM
sc_cfg999,-9269.0179,-9277.0976,15.411273,15.423707,0.0807,17.51,73.847,4217,mult_1=HGP mult_4=DAE mult_5=HGP mult_6=5FA mult_7=DAE mult_8=8VH adder_1=0AV adder_3=0GK adder_7=0AV
sc_cfg1000,0.0000,0.0000,0.000000,0.000000,0.0000,19.74,3.829,194,
sc_cfg1001,-3447.0691,-3514.1853,6.732811,6.812067,1.1772,16.81,98.905,5883,mult_0=DAE mult_2=DAE mult_3=DAE mult_5=F6B mult_6=5FA mult_7=HGP adder_0=0AV adder_1=0Q7 adder_3=0EM adder_4=0DL adder_6=073 adder_7=0AV
sc_cfg1002,3913.5959,3915.3776,13.590392,13.599146,0.0644,19.70,8.700,442,adder_7=0MH
sc_cfg1003,-6366.8846,-6314.4965,20.367996,20.345469,0.1106,18.81,25.102,1335,adder_2=0DL adder_3=02E adder_5=0MH adder_7=0EM
sc_cfg1004,-18144.3491,-18177.8416,29.189378,29.239362,0.1712,17.87,53.629,3000,mult_1=GPF mult_5=HGY mult_6=GPF adder_0=073 adder_2=0MH adder_4=0DL adder_5=0AV adder_7=0DL
sc_cfg1005,1321.2883,4063.4484,17.010633,18.495849,8.7311,17.10,87.174,5098,mult_0=5FA mult_2=5FA mult_4=F6B mult_7=F6B mult_8=AQ1 adder_1=0GK adder_2=02E adder_3=0Q7 adder_4=02E adder_5=0Q7 adder_7=0MH
sc_cfg1006,-20890.3527,-17620.1131,33.939869,33.504725,1.2821,17.64,56.457,3200,mult_0=HGP mult_2=8VH mult_7=GPF adder_0=0GK adder_2=0GK adder_3=0MH adder_4=0DL adder_6=0MH adder_7=073
sc_cfg1007,-184.7878,-181.0546,2.064236,2.066588,0.1140,19.54,7.809,400,adder_0=0GK
sc_cfg1008,-16827.4578,-16846.7080,27.199583,27.230688,0.1144,17.77,62.481,3516,mult_0=DAE mult_2=HGP mult_3=CK3 mult_4=GPF mult_8=DAE adder_2=0DL adder_3=0DL adder_5=0Q7
sc_cfg1009,-3099.1999,-3033.4847,6.107515,6.029735,1.2735,17.55,75.053,4277,mult_0=HGP mult_2=5FA mult_3=F6B mult_4=AQ1 mult_8=F6B adder_2=0EM adder_4=0DL adder_6=0AV adder_7=0AV
sc_cfg1010,-14052.7709,-14124.3971,22.966333,23.066002,0.4340,16.57,89.746,5416,mult_0=DAE mult_1=DAE mult_2=AQ1 mult_4=HGY mult_5=F6B mult_6=HGP mult_8=8VH adder_0=0Q7 adder_2=0DL adder_3=02E adder_5=0M0 adder_6=0AV adder_7=0DL
sc_cfg1011,-28512.6121,-33388.6319,45.401514,55.561805,22.3788,15.19,109.970,7239,mult_0=GPF mult_1=DAE mult_2=HGP mult_3=8VH mult_4=GPF mult_5=F6B mult_6=AQ1 mult_7=HGY mult_8=HGY adder_0=0AV adder_1=0EM adder_2=0M0 adder_3=0DL adder_4=0MH adder_5=0MH adder_6=0Q7 adder_7=0GK
sc_cfg1012,-13135.4597,-14191.3628,22.910571,24.435665,6.6567,16.49,94.146,5708,mult_0=8VH mult_2=DAE mult_3=DAE mult_4=HGP mult_6=CK3 mult_7=HGY mult_8=DAE adder_0=0AV adder_1=0Q7 adder_2=0Q7 adder_3=02E adder_4=0EM adder_5=0DL adder_6=02E
sc_cfg1013,-19008.1832,-20540.5501,35.388786,37.448519,5.8203,17.42,71.322,4094,mult_3=DAE mult_4=8VH mult_5=CK3 mult_6=DAE mult_7=5FA mult_8=HGY adder_0=0AV adder_6=0MH adder_7=0AV
sc_cfg1014,-8395.4753,-8386.7745,13.636759,13.624804,0.0877,18.35,44.621,2432,mult_1=HGP mult_2=CK3 mult_3=AQ1 mult_7=CK3 adder_2=0M0 adder_4=0Q7
sc_cfg1015,-5973.1978,-6570.1741,21.356284,22.094027,3.4545,18.32,48.961,2672,mult_1=CK3 mult_6=5FA mult_7=F6B adder_4=0EM adder_5=0MH adder_7=02E
sc_cfg1016,-10537.2639,-10660.0815,17.674482,17.840816,0.9411,16.39,99.464,6067,mult_0=HGY mult_1=HGP mult_2=8VH mult_3=5FA mult_4=F6B mult_5=5FA mult_6=F6B mult_7=GPF mult_8=HGY adder_1=0Q7 adder_3=0AV adder_4=0DL adder_5=073
sc_cfg1017,-6242.7336,-6251.4731,11.747437,11.758582,0.0949,18.85,36.230,1922,mult_0=8VH mult_2=F6B mult_5=8VH adder_3=0Q7 adder_4=0DL
sc_cfg1018,-22465.0734,-22283.8238,35.706481,35.441761,0.7414,17.77,63.610,3580,mult_0=GPF mult_2=8VH mult_3=CK3 mult_4=GPF mult_5=AQ1 mult_6=HGY adder_1=0Q7 adder_3=02E adder_4=0DL
sc_cfg1019,-5865.9913,-5870.5233,10.383986,10.389634,0.0544,19.51,16.492,845,mult_3=8VH adder_5=0EM
sc_cfg1020,-1061.5451,-1060.7354,8.569086,8.575388,0.0735,18.79,47.187,2511,mult_0=GPF mult_6=5FA mult_7=DAE adder_0=073 adder_5=02E
sc_cfg1021,-19095.9488,-19738.0961,31.480111,32.397161,2.9131,15.48,118.536,7660,mult_0=F6B mult_1=F6B mult_2=AQ1 mult_3=DAE mult_4=HGP mult_5=HGY mult_6=F6B mult_7=5FA mult_8=F6B adder_0=0AV adder_1=0MH adder_2=0MH adder_3=0GK adder_4=0GK adder_5=073 adder_6=0M0 adder_7=0EM
sc_cfg1022,-27819.1696,-33125.7192,43.887818,52.340383,19.2595,16.07,108.253,6737,mult_0=DAE mult_1=GPF mult_2=GPF mult_3=8VH mult_4=8VH mult_5=F6B mult_6=CK3 mult_7=8VH mult_8=F6B adder_0=02E adder_1=0Q7 adder_2=0M0 adder_4=0MH adder_5=0EM adder_7=073
sc_cfg1023,-57.8944,-56.2217,0.468641,0.469051,0.0875,19.65,10.910,555,adder_7=0DL
sc_cfg1024,-19347.7895,-19145.0305,31.260897,30.978070,0.9047,18.04,60.582,3358,mult_2=F6B mult_3=GPF mult_4=HGP mult_7=F6B mult_8=8VH adder_2=0DL adder_3=0MH adder_5=0GK
sc_cfg1025,-8627.6727,-8616.5463,17.236753,17.212174,0.1426,16.63,93.568,5628,mult_0=CK3 mult_1=CK3 mult_3=HGP mult_4=DAE mult_6=F6B adder_0=0AV adder_1=0AV adder_2=0AV adder_3=0AV adder_4=0M0 adder_5=0AV adder_6=02E adder_7=0AV
sc_cfg1026,-3532.6658,-3528.9093,6.157495,6.151321,0.1003,18.02,79.014,4385,mult_1=CK3 mult_3=5FA mult_5=5FA mult_6=AQ1 mult_7=F6B mult_8=DAE adder_4=0Q7 adder_6=0AV
sc_cfg1027,-19775.5980,-20050.8746,32.956979,33.161197,0.6197,16.18,97.506,6026,mult_0=DAE mult_2=GPF mult_3=HGP mult_4=HGP mult_6=HGY mult_7=AQ1 mult_8=AQ1 adder_0=0EM adder_1=0Q7 adder_2=0Q7 adder_3=02E adder_4=0GK adder_5=0DL adder_6=0M0 adder_7=02E
sc_cfg1028,-14510.8500,-14487.7882,25.535623,25.507931,0.1084,17.87,73.745,4127,mult_1=HGP mult_2=GPF mult_4=5FA mult_5=DAE mult_7=8VH adder_0=0EM adder_1=02E adder_2=0MH adder_5=0Q7
sc_cfg1029,-14696.3484,-14722.0260,23.929029,23.965589,0.1528,18.07,51.462,2848,mult_1=HGY mult_3=HGP mult_4=HGY adder_0=0AV adder_1=0Q7 adder_3=0Q7 adder_4=0AV adder_7=0DL
sc_cfg1030,-10446.5916,-10324.1115,19.099765,19.002114,0.5113,18.68,44.892,2403,mult_1=CK3 mult_5=HGY mult_7=HGP adder_0=0AV adder_3=0DL adder_5=0GK adder_6=02E
sc_cfg1031,-6951.4898,-6965.3495,12.059366,12.074721,0.1273,19.01,33.675,1771,mult_1=F6B mult_3=CK3 mult_7=AQ1 adder_1=073
sc_cfg1032,-1786.0356,-1785.5789,2.956346,2.955856,0.0166,19.42,20.659,1064,mult_0=GPF mult_8=8VH
sc_cfg1033,-7677.1256,-7682.3652,14.252872,14.260829,0.0558,18.06,58.612,3245,mult_1=CK3 mult_6=DAE mult_8=F6B adder_0=0DL adder_1=0MH adder_4=0EM adder_6=073 adder_7=0EM
sc_cfg1034,-22800.1001,-26958.3029,36.864416,43.113720,16.9521,17.30,80.523,4655,mult_0=CK3 mult_3=HGY mult_4=GPF mult_5=HGP mult_6=AQ1 mult_7=GPF adder_1=0Q7 adder_2=0DL adder_3=0EM adder_4=0MH adder_5=0EM adder_6=0Q7
sc_cfg1035,-5292.1202,-5309.6512,9.609231,9.637301,0.2921,18.75,37.490,2000,mult_2=HGP mult_3=F6B mult_6=DAE adder_4=073 adder_5=0DL
sc_cfg1036,-8194.9360,-8322.1654,13.885157,14.067122,1.3105,19.08,29.290,1535,mult_1=8VH mult_5=CK3 adder_0=0AV adder_4=0GK
sc_cfg1037,-4261.9775,-4393.7769,7.006090,7.197196,2.7277,15.69,121.407,7736,mult_0=HGP mult_1=8VH mult_2=5FA mult_3=AQ1 mult_4=AQ1 mult_5=5FA mult_6=5FA mult_8=HGY adder_0=02E adder_1=0M0 adder_2=0EM adder_3=0EM adder_4=0EM adder_5=0DL adder_6=073 adder_7=0GK
sc_cfg1038,17.1875,17.2116,0.051437,0.051501,0.1235,19.73,8.884,450,adder_2=073
sc_cfg1039,-4816.0057,-4811.1601,9.544941,9.541988,0.0309,18.59,47.312,2545,mult_1=DAE mult_2=HGP mult_6=F6B mult_7=F6B adder_0=0EM adder_5=0EM
sc_cfg1040,-7100.2476,-7124.3334,11.650106,11.685797,0.3064,19.10,35.349,1851,mult_0=8VH mult_1=CK3 mult_6=8VH adder_4=073
sc_cfg1041,-12656.5751,-13190.2449,20.832893,21.588787,3.6284,18.82,36.209,1924,mult_2=CK3 mult_4=HGP mult_7=HGY adder_2=0GK adder_5=0GK
sc_cfg1042,3918.1676,3942.3592,13.596060,13.618011,0.1614,19.49,17.671,907,adder_3=0M0 adder_7=0MH
sc_cfg1043,537.0287,525.0929,4.433934,4.420621,0.3003,18.04,67.715,3754,mult_0=DAE mult_2=F6B mult_5=AQ1 adder_1=0DL adder_2=0Q7 adder_3=0M0 adder_4=0Q7 adder_7=0AV
sc_cfg1044,-6572.4681,-7485.3493,20.606840,21.495993,4.3148,18.74,45.752,2441,mult_0=HGY mult_3=5FA mult_5=F6B adder_5=0MH adder_7=073
sc_cfg1045,-5898.6126,-6779.1976,12.451446,13.478476,8.2483,18.81,41.720,2218,mult_0=GPF mult_6=5FA adder_1=0GK adder_3=0GK adder_4=0MH
sc_cfg1046,-7139.0565,-7126.6971,11.704960,11.691191,0.1176,18.62,43.415,2331,mult_0=CK3 mult_2=CK3 mult_7=HGY adder_0=0Q7 adder_4=0AV adder_7=0Q7
sc_cfg1047,-1669.0760,-3664.5666,10.098205,11.551806,14.3946,19.04,33.283,1748,mult_2=F6B mult_6=HGP adder_4=0Q7 adder_5=02E
sc_cfg1048,-23017.2387,-22841.1563,37.554642,37.384077,0.4542,17.34,87.723,5060,mult_0=5FA mult_3=HGY mult_4=CK3 mult_5=GPF mult_6=DAE mult_8=F6B adder_1=0MH adder_2=0AV adder_5=02E adder_6=0AV adder_7=0EM
sc_cfg1049,-7144.4729,-7157.0452,12.739448,12.758146,0.1468,19.26,26.793,1391,mult_3=GPF mult_4=F6B adder_5=0GK
sc_cfg1050,4418.0392,5319.2671,14.434736,15.897507,10.1337,18.46,43.308,2346,mult_0=5FA adder_0=0MH adder_4=0DL adder_5=0AV adder_6=0M0 adder_7=0MH
sc_cfg1051,-20078.3322,-19715.8862,33.335772,32.589394,2.2390,16.46,109.252,6637,mult_0=F6B mult_1=HGP mult_2=8VH mult_3=GPF mult_4=CK3 mult_5=5FA mult_6=AQ1 mult_7=5FA adder_0=0M0 adder_1=0M0 adder_2=0EM adder_3=0DL adder_5=02E adder_7=0DL
sc_cfg1052,-17974.0222,-17980.5590,28.794788,28.804577,0.0340,18.79,40.840,2174,mult_1=HGP mult_2=HGY mult_3=8VH mult_5=HGY adder_5=0Q7 adder_6=0AV
sc_cfg1053,-9314.3490,-9337.3167,19.440531,19.475103,0.1778,16.68,90.323,5416,mult_1=HGP mult_2=CK3 mult_4=DAE mult_5=HGY mult_6=5FA mult_8=AQ1 adder_0=0EM adder_1=02E adder_2=02E adder_3=0DL adder_4=0M0 adder_5=0DL adder_7=0AV
sc_cfg1054,-6786.6816,-7616.6430,13.051441,14.099318,8.0288,19.03,31.263,1643,mult_0=HGY mult_5=5FA adder_4=0MH adder_7=0GK
sc_cfg1055,-7602.8764,-9704.1996,14.182132,17.165597,21.0368,18.61,32.421,1742,mult_2=HGP adder_2=0DL adder_4=0MH adder_5=0EM adder_7=0DL
sc_cfg1056,-12746.0582,-13538.4325,22.575034,23.707097,5.0147,16.96,87.164,5140,mult_1=DAE mult_3=8VH mult_4=CK3 mult_5=DAE mult_6=F6B mult_7=F6B adder_1=0AV adder_2=0MH adder_3=0EM adder_4=0Q7 adder_5=0GK adder_7=0Q7
sc_cfg1057,-5544.8722,-5529.8206,19.781290,19.819948,0.1954,18.67,37.261,1996,mult_0=5FA adder_0=0GK adder_3=0DL adder_4=0EM adder_5=0MH
sc_cfg1058,-4113.4996,-4109.9240,7.274000,7.273993,0.0001,19.21,34.126,1777,mult_2=GPF mult_4=DAE adder_1=073 adder_3=0EM
sc_cfg1059,-16889.5145,-16846.7692,27.570823,27.518595,0.1894,17.61,78.431,4453,mult_1=DAE mult_3=CK3 mult_4=F6B mult_5=HGY mult_6=5FA mult_7=F6B mult_8=8VH adder_1=02E adder_4=0AV adder_6=0M0
sc_cfg1060,-13256.9089,-13407.8260,23.997564,24.360986,1.5144,15.77,115.289,7313,mult_1=CK3 mult_2=F6B mult_3=DAE mult_4=HGY mult_5=DAE mult_6=AQ1 mult_7=GPF mult_8=F6B adder_0=02E adder_1=0MH adder_2=0AV adder_3=0Q7 adder_4=0EM adder_5=0GK adder_6=0M0 adder_7=02E
sc_cfg1061,-2591.8082,-2545.6811,13.753862,13.763767,0.0720,19.18,31.209,1628,mult_5=CK3 adder_2=02E adder_4=02E adder_6=0M0
sc_cfg1062,-24571.8520,-20270.6025,41.566344,41.000589,1.3611,16.98,85.297,5024,mult_0=GPF mult_1=HGP mult_4=DAE mult_5=8VH mult_6=GPF adder_0=0AV adder_1=0AV adder_2=0AV adder_4=0GK adder_5=0MH adder_6=0MH adder_7=0DL
sc_cfg1063,-5688.3016,-5909.8882,9.648284,9.956844,3.1981,18.66,55.177,2957,mult_0=8VH mult_5=F6B mult_7=GPF adder_2=0GK adder_3=0GK adder_4=0EM adder_5=0DL adder_6=073
sc_cfg1064,-17284.6310,-16698.0660,29.538368,28.345857,4.0372,17.61,85.281,4843,mult_2=HGP mult_3=8VH mult_4=8VH mult_5=5FA mult_6=5FA mult_8=AQ1 adder_0=0DL adder_3=0GK adder_4=0DL adder_5=02E
sc_cfg1065,-15228.5069,-17059.6777,27.247624,30.083234,10.4068,16.40,88.769,5414,mult_0=AQ1 mult_1=HGY mult_3=DAE mult_4=HGP mult_5=AQ1 mult_6=8VH adder_0=0Q7 adder_1=0DL adder_2=0MH adder_3=0DL adder_4=0MH adder_5=0EM adder_6=0DL adder_7=02E
sc_cfg1066,-11864.5478,-11882.6949,20.263930,20.297174,0.1641,18.11,72.194,3986,mult_1=5FA mult_2=DAE mult_4=8VH mult_5=HGY mult_6=F6B mult_8=5FA adder_2=0Q7 adder_3=0M0
sc_cfg1067,-6758.1380,-6763.7883,11.614488,11.621318,0.0588,19.48,20.983,1077,mult_3=CK3 mult_8=8VH
sc_cfg1068,1650.5612,814.7617,14.263422,13.645003,4.3357,18.83,43.897,2332,mult_2=F6B mult_5=F6B mult_7=CK3 adder_2=0DL adder_7=0MH
sc_cfg1069,-10204.9338,-10745.9037,19.167573,19.944729,4.0545,16.98,92.559,5451,mult_1=8VH mult_2=F6B mult_5=GPF mult_7=HGP mult_8=DAE adder_0=073 adder_2=0DL adder_3=0GK adder_4=0Q7 adder_5=0DL adder_6=02E adder_7=073
sc_cfg1070,-6155.7195,-6155.1902,10.398390,10.389774,0.0829,17.97,66.861,3722,mult_0=HGP mult_1=AQ1 mult_2=CK3 mult_7=DAE mult_8=GPF adder_3=073 adder_4=0GK adder_5=0M0 adder_7=0M0
sc_cfg1071,1457.5967,1437.2183,8.898712,8.901520,0.0316,21.29,16.902,794,mult_2=DAE adder_4=02E
sc_cfg1072,-12251.6688,-12272.6723,19.906326,19.936390,0.1510,17.34,79.746,4599,mult_0=AQ1 mult_1=CK3 mult_2=DAE mult_3=HGP mult_4=AQ1 mult_6=CK3 adder_0=0DL adder_1=0Q7 adder_2=0Q7 adder_6=0M0 adder_7=0M0
sc_cfg1073,-5865.4899,-5870.0276,10.383323,10.388976,0.0544,19.61,11.287,575,mult_3=CK3
sc_cfg1074,-2666.5161,-2661.1807,5.053045,5.044569,0.1677,17.77,83.910,4721,mult_0=GPF mult_2=5FA mult_4=5FA mult_8=CK3 adder_0=02E adder_2=0GK adder_4=073 adder_6=0M0 adder_7=0GK
sc_cfg1075,-26583.9807,-26783.2982,42.114101,42.413442,0.7108,17.21,83.750,4867,mult_2=HGP mult_3=8VH mult_4=CK3 mult_5=GPF mult_6=8VH mult_7=5FA mult_8=DAE adder_0=0M0 adder_4=0M0 adder_5=0DL adder_6=0M0
sc_cfg1076,-14718.6902,-20750.2233,31.953344,38.656987,20.9795,16.70,109.944,6583,mult_0=5FA mult_2=F6B mult_3=5FA mult_4=5FA mult_5=CK3 mult_6=8VH mult_7=5FA adder_0=0GK adder_1=0DL adder_2=0MH adder_3=0MH adder_4=0M0 adder_6=0MH
sc_cfg1077,-3698.2814,-3652.1279,11.429595,11.384806,0.3919,19.15,29.252,1527,mult_2=GPF adder_0=0GK adder_2=02E adder_5=0GK
sc_cfg1078,-17233.0951,-17208.3214,27.677713,27.645099,0.1178,17.61,66.071,3753,mult_0=DAE mult_2=8VH mult_3=GPF mult_5=8VH mult_6=AQ1 adder_5=0Q7 adder_6=0AV adder_7=0GK
sc_cfg1079,-4079.4085,-4075.9560,7.221246,7.221181,0.0009,18.91,18.266,966,mult_2=CK3 adder_4=0AV
sc_cfg1080,0.7474,0.7424,0.002535,0.002529,0.2490,19.23,12.100,629,mult_3=AQ1
sc_cfg1081,-2328.1852,-2454.3573,4.565836,4.730303,3.6021,19.16,12.010,627,mult_1=HGY adder_4=0GK
sc_cfg1082,-892.8981,-891.2669,1.580694,1.578731,0.1242,18.96,18.778,991,mult_0=F6B adder_5=0Q7
sc_cfg1083,3560.8870,5344.1941,15.150241,17.033827,12.4327,17.93,45.928,2561,mult_8=5FA adder_1=0Q7 adder_2=073 adder_4=02E adder_6=073 adder_7=0MH
sc_cfg1084,-2151.7513,-292.8523,9.119199,8.378545,8.1219,17.61,40.919,2324,adder_0=0Q7 adder_1=0EM adder_3=0EM adder_4=0GK adder_5=0GK adder_6=02E adder_7=073
sc_cfg1085,-29238.1713,-30701.6455,46.144991,48.339102,4.7548,16.26,81.410,5006,mult_0=HGY mult_1=HGP mult_2=HGY mult_3=GPF mult_4=CK3 mult_5=GPF mult_6=CK3 mult_8=8VH adder_0=0MH adder_1=02E adder_2=0GK adder_6=0GK adder_7=0EM
sc_cfg1086,-2169.5490,-2161.2862,3.841215,3.830512,0.2786,20.10,12.665,630,mult_7=GPF
sc_cfg1087,-6737.6676,-6743.2798,11.587280,11.594080,0.0587,17.67,40.265,2278,mult_3=CK3 mult_8=HGP adder_0=073 adder_5=0M0 adder_6=0AV adder_7=0AV
sc_cfg1088,-19109.9839,-20393.8885,35.352685,37.124408,5.0116,18.71,55.467,2965,mult_4=GPF mult_5=AQ1 mult_7=8VH mult_8=8VH adder_3=0MH adder_5=0Q7 adder_6=0MH
sc_cfg1089,-20408.3689,-21629.1007,34.725788,39.495723,13.7360,17.15,76.559,4464,mult_0=CK3 mult_1=CK3 mult_2=DAE mult_5=GPF mult_7=HGP mult_8=HGP adder_1=0MH adder_3=0Q7 adder_5=0MH adder_6=02E adder_7=02E
sc_cfg1090,-10109.2896,-10268.2962,19.110255,18.908655,1.0549,15.29,131.112,8575,mult_0=CK3 mult_1=GPF mult_2=5FA mult_3=DAE mult_4=8VH mult_5=DAE mult_6=AQ1 mult_7=5FA mult_8=CK3 adder_0=0M0 adder_1=073 adder_2=0M0 adder_3=0M0 adder_4=073 adder_5=02E adder_6=073 adder_7=073
sc_cfg1091,-9943.9099,-9944.9338,16.498076,16.502032,0.0240,19.03,26.726,1404,mult_2=CK3 mult_3=GPF adder_5=0Q7
sc_cfg1092,-11447.3363,-11440.4373,20.032802,20.034661,0.0093,17.17,85.027,4951,mult_0=CK3 mult_1=F6B mult_2=5FA mult_7=F6B mult_8=GPF adder_0=073 adder_2=0MH adder_3=0M0 adder_4=0EM adder_5=0EM adder_7=0GK
sc_cfg1093,-1501.0069,-1496.2560,6.167439,6.170827,0.0549,16.92,87.830,5192,mult_0=HGY mult_2=5FA mult_3=F6B mult_6=F6B mult_7=5FA adder_0=0M0 adder_2=0DL adder_4=0Q7 adder_5=0AV adder_6=0M0 adder_7=073
sc_cfg1094,-11449.6819,-11445.2438,18.989159,18.984590,0.0241,17.17,69.486,4047,mult_0=AQ1 mult_1=HGP mult_2=HGY mult_4=DAE mult_5=CK3 mult_6=AQ1 mult_8=DAE adder_0=02E adder_1=073 adder_3=0M0
sc_cfg1095,-6161.8812,-6157.4935,10.984430,10.984823,0.0036,19.21,20.371,1060,mult_5=CK3 adder_6=0GK
sc_cfg1096,-14897.3313,-14887.6185,23.970229,23.960686,0.0398,17.98,60.888,3386,mult_1=5FA mult_2=HGP mult_3=GPF mult_4=AQ1 mult_6=HGY mult_8=HGY adder_6=0M0
sc_cfg1097,-13837.9232,-14838.5924,22.648328,24.129130,6.5382,16.36,107.043,6543,mult_1=8VH mult_2=HGY mult_3=HGP mult_4=F6B mult_5=5FA mult_7=F6B mult_8=AQ1 adder_0=0MH adder_3=0M0 adder_4=0AV adder_5=073 adder_6=0GK adder_7=0Q7
sc_cfg1098,-5456.5536,-8546.3383,16.624858,21.110413,26.9810,16.01,96.632,6035,mult_0=GPF mult_1=CK3 mult_4=GPF mult_6=F6B mult_7=F6B mult_8=CK3 adder_0=0Q7 adder_1=073 adder_2=0MH adder_3=0DL adder_4=02E adder_5=02E adder_6=0GK adder_7=0GK
sc_cfg1099,-2855.4423,-2853.9744,5.924320,5.916191,0.1372,18.53,41.259,2226,mult_0=GPF mult_2=DAE mult_5=F6B adder_0=02E adder_1=0Q7
sc_cfg1100,-158.6687,-3196.2104,15.653204,14.605555,6.6929,18.64,36.081,1936,mult_3=GPF mult_5=F6B mult_6=DAE adder_7=0MH
sc_cfg1101,-16348.1136,-16308.3217,27.776329,27.729598,0.1682,17.38,61.317,3527,mult_1=GPF mult_2=HGY mult_3=F6B mult_5=HGP mult_6=CK3 mult_7=AQ1 adder_0=0AV adder_2=02E adder_3=02E
sc_cfg1102,-10334.6388,-10318.2720,24.058517,24.091766,0.1382,18.28,47.047,2574,mult_0=GPF mult_2=GPF adder_1=0AV adder_3=0DL adder_5=0MH adder_7=0EM
sc_cfg1103,-8005.4859,-7997.7281,13.459038,13.451568,0.0555,18.68,26.871,1438,mult_0=AQ1 mult_5=HGY mult_7=8VH adder_1=0M0
sc_cfg1104,-9072.0743,-8994.7849,18.268744,18.165280,0.5663,17.15,87.149,5081,mult_0=DAE mult_2=CK3 mult_3=CK3 mult_6=F6B mult_7=AQ1 adder_0=0DL adder_1=0M0 adder_2=02E adder_3=073 adder_5=0GK adder_6=0DL
sc_cfg1105,-6636.6099,-6653.5158,11.756069,11.784458,0.2415,18.49,40.996,2217,mult_4=HGY mult_5=5FA mult_6=AQ1 adder_0=0DL adder_4=0AV
sc_cfg1106,-16224.6494,-15851.5143,27.765541,26.918477,3.0508,17.65,50.091,2837,mult_3=HGP mult_5=HGP mult_7=AQ1 adder_0=0DL adder_1=0MH adder_4=0GK adder_5=02E adder_7=0DL
sc_cfg1107,-11661.8468,-11865.7266,19.299820,19.581860,1.4614,17.27,74.494,4313,mult_2=HGP mult_3=AQ1 mult_4=CK3 mult_6=DAE mult_7=F6B adder_2=0EM adder_4=0EM adder_5=0DL adder_6=0M0 adder_7=073
sc_cfg1108,-0.9970,-0.9997,0.004454,0.004465,0.2641,19.35,9.937,514,adder_0=0EM
sc_cfg1109,-5647.1323,-6420.5685,19.689460,20.453629,3.8811,18.17,44.904,2471,mult_3=DAE mult_6=AQ1 mult_7=F6B adder_0=0M0 adder_2=0EM adder_5=0MH
sc_cfg1110,-3538.7063,-3501.6540,11.011702,10.994561,0.1557,18.86,19.435,1030,mult_6=HGP adder_1=0Q7 adder_2=02E
sc_cfg1111,-11155.7810,-11164.6908,19.455899,19.479525,0.1214,17.14,73.125,4266,mult_0=GPF mult_4=AQ1 mult_6=AQ1 mult_7=CK3 mult_8=HGP adder_2=0MH adder_3=0AV adder_4=0EM adder_6=0Q7 adder_7=0DL
sc_cfg1112,-5676.7772,-6890.7076,21.434474,17.337228,19.1152,16.28,83.067,5104,mult_0=DAE mult_1=HGY mult_2=DAE mult_3=HGY mult_6=8VH mult_8=DAE adder_1=0Q7 adder_2=073 adder_3=0EM adder_4=0EM adder_5=0GK adder_6=0GK adder_7=0MH
sc_cfg1113,-6116.8402,-6021.6342,14.023465,13.513226,3.6385,18.13,44.948,2479,mult_3=DAE mult_5=8VH mult_7=DAE adder_2=0AV adder_4=073 adder_5=02E
sc_cfg1114,-15537.6778,-16025.8853,25.213484,25.953133,2.9335,16.66,89.731,5387,mult_0=5FA mult_2=DAE mult_3=5FA mult_4=8VH mult_5=HGY mult_7=HGY mult_8=8VH adder_2=0AV adder_4=0M0 adder_5=0GK adder_6=0AV adder_7=0DL
sc_cfg1115,-4003.6999,-4000.2456,7.121901,7.122145,0.0034,18.88,21.601,1144,mult_2=HGP adder_1=0M0 adder_5=0AV
sc_cfg1116,-8128.0673,-9516.1087,16.990601,18.596301,9.4505,16.95,80.024,4721,mult_0=F6B mult_2=8VH mult_3=8VH mult_5=DAE mult_7=AQ1 mult_8=F6B adder_0=0MH adder_1=0MH adder_3=073 adder_4=0GK adder_5=073 adder_6=02E
sc_cfg1117,-7311.3708,-7322.4224,12.563083,12.575923,0.1022,17.02,72.949,4287,mult_1=AQ1 mult_2=5FA mult_3=CK3 mult_8=HGP adder_0=0DL adder_1=0DL adder_2=073 adder_3=0GK adder_4=0AV adder_5=0AV
sc_cfg1118,-3056.4831,-3061.5675,5.123651,5.129726,0.1186,19.06,16.256,853,mult_1=HGY mult_8=GPF
sc_cfg1119,-2086.9563,-2078.0489,3.749381,3.738546,0.2890,18.89,21.578,1142,mult_5=DAE mult_7=HGY adder_1=073
sc_cfg1120,1.4250,2.1473,0.015521,0.015888,2.3657,18.84,23.561,1251,mult_3=AQ1 adder_2=0Q7 adder_4=0EM
sc_cfg1121,-14446.2455,-14524.6859,25.005288,25.448918,1.7741,16.36,109.916,6718,mult_0=5FA mult_1=5FA mult_2=DAE mult_3=AQ1 mult_4=HGP mult_5=CK3 mult_7=CK3 adder_0=0M0 adder_1=0M0 adder_3=02E adder_5=0GK adder_6=0Q7 adder_7=02E
sc_cfg1122,-6130.2191,-6117.6842,14.044147,14.042380,0.0126,18.56,31.570,1701,mult_0=AQ1 adder_0=0DL adder_1=0MH adder_3=0MH adder_4=0AV
sc_cfg1123,-9304.8161,-9335.9206,17.073255,17.117010,0.2563,18.18,61.213,3366,mult_1=F6B mult_4=GPF mult_5=DAE mult_8=5FA adder_3=0MH adder_5=0Q7 adder_6=073
sc_cfg1124,-6736.4584,-7192.5302,13.737042,14.267430,3.8610,16.47,93.181,5657,mult_1=HGY mult_2=GPF mult_3=AQ1 mult_4=DAE mult_6=DAE mult_7=5FA mult_8=8VH adder_0=0MH adder_1=02E adder_3=0DL adder_4=073 adder_5=0M0 adder_7=0GK
sc_cfg1125,-11458.4986,-11555.4082,18.974437,19.115765,0.7448,17.62,73.114,4150,mult_0=GPF mult_1=5FA mult_4=F6B mult_5=8VH mult_6=8VH adder_0=0M0 adder_2=0AV adder_3=0DL adder_5=0M0
sc_cfg1126,-1921.5477,-2058.8291,9.304251,9.381337,0.8285,18.61,34.387,1848,mult_1=GPF adder_0=0M0 adder_4=0GK adder_5=02E adder_6=0M0
sc_cfg1127,-8043.8379,-8873.8775,14.996370,16.068531,7.1495,16.58,99.091,5978,mult_0=8VH mult_3=5FA mult_4=AQ1 mult_5=AQ1 mult_7=8VH adder_1=0GK adder_2=0EM adder_3=0DL adder_4=0MH adder_5=0M0 adder_6=0EM adder_7=0DL
sc_cfg1128,-12449.5732,-12899.3093,21.490328,22.127083,2.9630,16.93,69.727,4119,mult_0=HGY mult_1=DAE mult_2=AQ1 mult_4=HGP mult_5=AQ1 adder_0=0M0 adder_2=0GK adder_4=0MH adder_5=0DL adder_6=0EM adder_7=0M0
sc_cfg1129,-7684.9701,-11574.4095,18.112110,21.811421,20.4245,16.35,88.224,5395,mult_1=HGP mult_2=F6B mult_3=CK3 mult_4=DAE mult_5=F6B mult_7=8VH mult_8=AQ1 adder_0=073 adder_1=0AV adder_2=0DL adder_3=02E adder_4=02E adder_5=0M0
sc_cfg1130,-1905.5650,-1913.7235,9.421050,9.411665,0.0996,18.43,40.512,2199,mult_1=AQ1 mult_7=GPF mult_8=AQ1 adder_4=02E adder_7=0GK
sc_cfg1131,-7074.9502,-7206.4292,14.382291,14.480228,0.6810,15.77,113.444,7195,mult_0=AQ1 mult_2=8VH mult_3=5FA mult_4=DAE mult_5=AQ1 mult_6=5FA mult_7=HGY mult_8=8VH adder_1=0AV adder_2=0Q7 adder_3=0AV adder_4=0M0 adder_5=02E adder_6=0Q7 adder_7=073
sc_cfg1132,-23919.6109,-29089.6540,37.899007,46.243336,22.0173,15.97,97.687,6116,mult_1=HGP mult_2=HGY mult_3=GPF mult_4=F6B mult_5=CK3 mult_6=CK3 mult_7=5FA adder_1=0Q7 adder_2=0GK adder_3=0EM adder_4=0MH adder_5=0Q7 adder_6=0Q7 adder_7=0AV
sc_cfg1133,-6904.1114,-7162.9916,19.096069,18.753140,1.7958,15.46,102.987,6660,mult_0=HGY mult_1=HGP mult_2=F6B mult_4=GPF mult_5=F6B mult_6=F6B mult_7=HGP mult_8=CK3 adder_0=0M0 adder_1=0GK adder_2=0EM adder_3=02E adder_4=0DL adder_5=0M0 adder_6=073 adder_7=02E
sc_cfg1134,-21415.3937,-20431.8749,34.813548,36.832254,5.7986,15.83,113.248,7154,mult_0=5FA mult_1=DAE mult_3=8VH mult_4=DAE mult_5=8VH mult_6=5FA mult_7=CK3 mult_8=F6B adder_0=0DL adder_1=0M0 adder_3=0DL adder_4=0M0 adder_5=0MH adder_6=0DL adder_7=0Q7
sc_cfg1135,-4077.0832,-4080.8634,7.218386,7.225692,0.1012,19.31,9.975,517,mult_6=8VH
sc_cfg1136,-2812.9455,-2790.6980,8.246860,8.235274,0.1405,17.41,57.815,3322,mult_0=DAE mult_2=HGY mult_5=DAE adder_0=0MH adder_1=0M0 adder_2=073 adder_4=0Q7 adder_6=0DL adder_7=0M0
sc_cfg1137,-9120.3080,-9125.8872,15.195426,15.201727,0.0415,18.38,39.439,2145,mult_1=F6B mult_3=HGP mult_7=CK3 mult_8=AQ1 adder_3=073
sc_cfg1138,-6000.6653,-5998.5138,11.115109,11.105701,0.0846,17.18,68.807,4005,mult_0=CK3 mult_1=DAE mult_2=F6B mult_4=AQ1 mult_6=HGY adder_1=073 adder_3=0EM adder_4=0Q7 adder_5=0GK adder_7=0GK
sc_cfg1139,-5899.4273,-5897.8218,13.366039,13.384983,0.1417,18.05,42.246,2340,mult_2=DAE mult_3=HGY adder_0=0DL adder_2=0M0 adder_4=073 adder_5=02E adder_6=073
sc_cfg1140,-293.4255,-298.9748,2.138429,2.145073,0.3107,19.32,8.688,450,adder_3=0GK
sc_cfg1141,-892.6481,-893.7607,1.580447,1.581703,0.0795,19.45,12.444,640,mult_8=HGP
sc_cfg1142,-21534.1015,-21622.8409,35.492417,38.961903,9.7753,16.60,94.578,5696,mult_0=5FA mult_1=DAE mult_2=HGP mult_5=HGP mult_6=DAE mult_8=HGP adder_0=0Q7 adder_1=0DL adder_4=0MH adder_5=0MH adder_6=0DL adder_7=0EM
sc_cfg1143,-15001.0208,-14249.2841,25.228619,24.599579,2.4934,15.08,116.811,7746,mult_0=CK3 mult_1=GPF mult_2=HGP mult_3=5FA mult_4=F6B mult_5=F6B mult_6=HGY mult_7=AQ1 mult_8=AQ1 adder_0=0Q7 adder_1=0DL adder_2=0M0 adder_3=02E adder_4=0DL adder_5=073 adder_6=02E adder_7=0DL
sc_cfg1144,-12434.7526,-12427.4842,20.651552,20.637043,0.0703,16.32,94.412,5784,mult_0=GPF mult_1=HGP mult_2=CK3 mult_3=8VH mult_4=5FA mult_6=F6B adder_0=02E adder_2=0DL adder_3=0EM adder_4=073 adder_5=0AV adder_6=0M0 adder_7=0M0
sc_cfg1145,-14914.0560,-16450.4660,25.323280,31.412559,24.0462,18.58,28.633,1541,mult_3=HGY adder_0=0DL adder_1=073 adder_5=0GK adder_6=0MH
sc_cfg1146,-9089.9416,-9081.4269,15.115606,15.101222,0.0952,18.61,32.423,1742,mult_0=8VH mult_1=F6B mult_3=HGP adder_7=0GK
sc_cfg1147,-314.8856,-311.2113,2.237331,2.241168,0.1715,18.73,37.439,1999,mult_5=5FA adder_0=0DL adder_4=0AV adder_6=0GK
sc_cfg1148,-4185.7399,-4182.4724,11.155660,11.154194,0.0131,19.10,14.043,735,mult_2=HGY adder_5=02E
sc_cfg1149,-10719.2110,-11666.2527,19.503199,20.751308,6.3995,16.03,113.054,7053,mult_0=F6B mult_1=GPF mult_2=5FA mult_4=AQ1 mult_5=GPF mult_6=CK3 mult_7=DAE mult_8=HGY adder_0=073 adder_1=0AV adder_2=0AV adder_4=0GK adder_5=0M0 adder_7=02E
sc_cfg1150,-4059.8957,-4063.6518,7.195746,7.203030,0.1012,19.11,16.051,840,mult_6=HGP adder_2=073
sc_cfg1151,-2426.2931,-2439.8846,4.717463,4.732327,0.3151,18.46,43.627,2364,mult_2=5FA mult_7=HGP adder_1=0GK adder_4=0AV adder_5=073
sc_cfg1152,1.9997,2.0007,0.004596,0.004600,0.0888,19.31,10.218,529,adder_1=0EM
sc_cfg1153,-726.4472,-706.9279,8.637483,8.568532,0.7983,18.37,36.297,1976,mult_0=HGP mult_7=F6B mult_8=8VH adder_1=0GK adder_7=02E
sc_cfg1154,-14975.2631,-16980.3528,26.387856,28.968112,9.7782,18.41,43.850,2382,mult_5=5FA mult_6=HGY adder_1=0MH adder_2=02E adder_3=02E adder_4=0MH adder_5=02E
sc_cfg1155,-8067.5354,-8062.4127,13.553432,13.547481,0.0439,18.70,48.187,2576,mult_1=5FA mult_3=HGP mult_6=5FA mult_7=HGY adder_7=0DL
sc_cfg1156,-7286.7067,-7297.6210,12.403442,12.418091,0.1181,17.90,66.517,3716,mult_0=GPF mult_1=DAE mult_3=HGY mult_5=DAE adder_1=0GK adder_2=0Q7 adder_3=0Q7 adder_6=0EM
sc_cfg1157,-17449.3916,-14688.1345,33.135891,34.036431,2.7177,17.39,66.829,3844,mult_2=5FA mult_3=DAE adder_0=0M0 adder_1=0MH adder_3=0GK adder_4=0M0 adder_5=0MH adder_6=0MH adder_7=073
sc_cfg1158,-9046.9660,-9064.3739,15.336119,15.362400,0.1714,18.45,49.770,2698,mult_2=5FA mult_4=CK3 mult_7=8VH adder_1=0GK adder_4=0Q7 adder_6=073
sc_cfg1159,-5865.4899,-5870.0276,10.383323,10.388976,0.0544,19.26,7.891,410,mult_3=HGY
sc_cfg1160,-9587.7174,-8643.6849,16.335380,15.072855,7.7288,17.10,67.786,3964,mult_2=AQ1 mult_3=HGY mult_4=F6B mult_5=AQ1 mult_7=F6B adder_2=0DL adder_3=0M0 adder_4=0GK adder_6=0GK adder_7=0GK
sc_cfg1161,-8616.5713,-8623.0525,14.961954,14.965322,0.0225,19.11,17.427,912,mult_3=GPF adder_3=02E
sc_cfg1162,-5507.9305,-10208.9892,25.107113,31.513521,25.5163,17.12,72.139,4214,mult_1=GPF mult_2=F6B mult_3=5FA mult_4=GPF mult_8=HGY adder_2=073 adder_4=02E adder_5=0MH adder_6=0MH adder_7=0DL
sc_cfg1163,-1759.5290,-1759.3189,2.919139,2.918999,0.0048,18.85,29.926,1587,mult_0=HGP mult_8=F6B adder_3=073 adder_6=0AV
sc_cfg1164,-6758.1380,-6763.7883,11.614488,11.621318,0.0588,19.10,21.316,1116,mult_3=GPF mult_8=F6B
sc_cfg1165,-7518.6741,-7490.4804,21.260790,21.269302,0.0400,18.74,40.470,2160,mult_0=5FA mult_1=CK3 adder_2=0Q7 adder_5=0MH
sc_cfg1166,-10882.9081,-10846.4457,17.951029,17.903500,0.2648,17.45,78.752,4513,mult_0=5FA mult_5=8VH mult_6=GPF mult_8=F6B adder_2=0Q7 adder_3=0GK adder_5=0DL adder_6=0DL adder_7=0Q7
sc_cfg1167,3913.9934,3932.3072,13.591332,13.612482,0.1556,18.66,33.556,1799,mult_2=DAE mult_3=AQ1 adder_0=0Q7 adder_7=0MH
sc_cfg1168,-5866.7508,-5867.3287,10.384636,10.387642,0.0289,19.43,11.588,596,mult_5=CK3
sc_cfg1169,-10287.8110,-10280.2596,16.677594,16.673532,0.0244,17.22,91.741,5326,mult_0=AQ1 mult_1=5FA mult_2=HGP mult_5=5FA mult_6=CK3 mult_7=8VH adder_1=073 adder_3=0EM adder_5=0EM adder_7=0EM
sc_cfg1170,-4077.0832,-4080.8634,7.218386,7.225692,0.1012,19.34,14.319,741,mult_6=8VH
sc_cfg1171,-14600.7189,-14645.3300,23.872997,23.934205,0.2564,18.02,58.565,3250,mult_0=DAE mult_1=HGP mult_3=F6B mult_4=HGY mult_6=GPF adder_3=0EM adder_6=0GK
sc_cfg1172,-26113.4660,-24946.6055,41.815412,43.960149,5.1291,16.78,85.611,5101,mult_0=8VH mult_1=HGY mult_2=5FA mult_4=8VH mult_6=AQ1 mult_8=CK3 adder_0=0MH adder_1=0MH adder_3=02E adder_5=0EM adder_6=0MH adder_7=0EM
sc_cfg1173,-25807.5472,-21860.3023,41.410021,39.759946,3.9847,15.04,104.287,6936,mult_0=8VH mult_1=HGP mult_2=AQ1 mult_3=HGP mult_4=5FA mult_5=8VH mult_6=8VH mult_7=HGP mult_8=HGY adder_0=0DL adder_1=073 adder_2=0DL adder_3=0MH adder_4=0DL adder_5=02E adder_6=0MH adder_7=0Q7
sc_cfg1174,-12327.1734,-12126.0255,20.010973,19.728306,1.4126,18.41,33.296,1809,mult_2=GPF mult_3=HGY mult_7=HGY adder_4=0DL adder_7=0AV
sc_cfg1175,-18422.1277,-18060.0744,30.968226,30.189608,2.5142,16.60,81.860,4932,mult_0=DAE mult_2=CK3 mult_3=GPF mult_4=HGY mult_8=HGP adder_0=0Q7 adder_1=0AV adder_2=0EM adder_3=0M0 adder_5=02E adder_6=0M0 adder_7=0DL
sc_cfg1176,-18468.7056,-18401.9694,29.544227,29.504441,0.1347,16.69,87.936,5267,mult_0=AQ1 mult_1=HGP mult_2=8VH mult_3=CK3 mult_5=GPF mult_6=AQ1 mult_8=DAE adder_0=0EM adder_2=073 adder_4=0GK adder_5=0DL adder_7=073
sc_cfg1177,-8764.6488,-8128.0662,22.799157,22.718361,0.3544,17.69,64.614,3652,mult_0=CK3 mult_6=5FA adder_0=0DL adder_2=0M0 adder_3=0EM adder_4=0DL adder_6=0MH adder_7=0GK
sc_cfg1178,-18669.3650,-18858.0497,30.807683,31.068594,0.8469,15.42,130.508,8461,mult_0=5FA mult_1=5FA mult_2=5FA mult_4=HGY mult_5=5FA mult_6=HGP mult_7=AQ1 mult_8=8VH adder_0=02E adder_1=02E adder_2=0Q7 adder_3=0EM adder_4=02E adder_5=0GK adder_6=0AV adder_7=0GK
sc_cfg1179,-5214.5931,-5227.2470,9.041832,9.062464,0.2282,18.41,39.889,2167,mult_1=F6B mult_6=8VH adder_3=0EM adder_6=0AV adder_7=0EM
sc_cfg1180,-17889.6404,-23326.3746,30.851811,41.565376,34.7259,15.50,113.854,7347,mult_1=GPF mult_2=8VH mult_3=DAE mult_4=8VH mult_5=CK3 mult_6=DAE mult_7=8VH mult_8=AQ1 adder_0=073 adder_1=0DL adder_2=0GK adder_3=0EM adder_4=0AV adder_5=0MH adder_6=02E adder_7=0Q7
sc_cfg1181,-7740.2172,-7763.2797,13.439477,13.473770,0.2552,18.22,47.299,2597,mult_0=HGP mult_4=CK3 mult_6=5FA adder_0=073 adder_1=0GK adder_7=0AV
sc_cfg1182,-5585.6494,-5705.5247,11.757258,11.832856,0.6430,17.40,54.240,3118,mult_1=8VH mult_6=AQ1 mult_8=HGY adder_1=0Q7 adder_2=0GK adder_3=0MH adder_4=0GK adder_6=0AV adder_7=0GK
sc_cfg1183,-8003.3703,-8019.6606,13.459883,13.479202,0.1435,18.21,44.982,2470,mult_1=GPF mult_3=HGP adder_0=0AV adder_3=0Q7 adder_4=073 adder_6=0EM
sc_cfg1184,1347.8299,1373.4216,8.374470,8.358038,0.1962,17.32,83.147,4800,mult_0=F6B mult_4=DAE mult_7=AQ1 mult_8=5FA adder_0=0GK adder_1=0Q7 adder_2=0Q7 adder_3=073 adder_4=0Q7 adder_5=0M0 adder_7=02E
sc_cfg1185,-15157.7219,-11116.6569,32.426331,24.159724,25.4935,17.20,75.955,4415,mult_1=F6B mult_3=8VH mult_5=HGY mult_6=GPF mult_7=5FA adder_1=0AV adder_2=02E adder_3=0M0 adder_5=0AV adder_7=0MH
sc_cfg1186,-7586.1919,-7588.3667,13.207731,13.213545,0.0440,16.64,92.705,5571,mult_0=GPF mult_2=HGY mult_4=5FA mult_5=AQ1 mult_8=5FA adder_0=0GK adder_2=0DL adder_3=02E adder_4=0AV adder_5=0AV adder_6=073 adder_7=073
sc_cfg1187,-11332.5283,-11322.4566,18.220171,18.211770,0.0461,17.93,59.758,3333,mult_0=F6B mult_2=HGP mult_6=HGP mult_7=CK3 mult_8=5FA adder_6=0AV adder_7=0DL
sc_cfg1188,1478.9054,1488.4284,6.456638,6.465797,0.1418,18.43,44.063,2391,mult_3=AQ1 mult_7=AQ1 mult_8=5FA adder_0=0MH adder_1=0EM
sc_cfg1189,-9152.3232,-9214.7092,14.772185,14.864324,0.6237,16.75,109.873,6561,mult_1=CK3 mult_2=8VH mult_3=5FA mult_4=DAE mult_6=5FA mult_7=HGP mult_8=HGP adder_1=0M0 adder_2=0DL adder_3=0M0 adder_4=0DL adder_6=0EM
sc_cfg1190,-3874.7800,-3777.0158,11.247508,11.056845,1.6952,18.64,38.283,2054,mult_5=GPF mult_6=DAE adder_5=073 adder_7=02E
sc_cfg1191,-8636.3361,-8675.9690,15.673979,15.730477,0.3605,17.62,65.650,3725,mult_0=HGP mult_1=5FA mult_7=CK3 mult_8=F6B adder_1=0MH adder_5=0GK adder_6=0M0 adder_7=0GK
sc_cfg1192,-1253.1584,-1254.1479,4.120043,4.121155,0.0270,19.34,12.225,632,mult_3=F6B
sc_cfg1193,-12802.0886,-12827.2538,20.888970,20.924466,0.1699,18.19,50.072,2752,mult_1=HGP mult_3=DAE mult_4=GPF mult_6=CK3 adder_6=0AV adder_7=0Q7
sc_cfg1194,-9690.8509,-11785.7972,17.000945,20.072460,18.0667,18.53,34.145,1842,mult_2=8VH mult_7=8VH adder_0=0M0 adder_1=0EM adder_4=0MH
sc_cfg1195,-5185.4247,-5191.0020,9.022914,9.025456,0.0282,17.92,62.701,3498,mult_0=HGY mult_1=GPF mult_5=F6B mult_8=GPF adder_1=0Q7 adder_2=0EM adder_5=0M0
sc_cfg1196,-15439.6730,-12014.6544,29.356417,26.109203,11.0613,18.02,62.591,3473,mult_0=DAE mult_2=CK3 mult_6=5FA mult_7=8VH adder_3=02E adder_5=0MH adder_6=0GK
sc_cfg1197,-11561.9722,-13798.6194,20.027233,23.193726,15.8109,17.60,66.242,3764,mult_1=CK3 mult_4=5FA mult_5=HGP mult_8=AQ1 adder_0=0EM adder_2=0DL adder_4=0MH adder_5=0DL adder_6=0AV
sc_cfg1198,0.9957,0.9996,0.005628,0.005636,0.1353,19.18,16.323,851,adder_3=0EM adder_4=0EM
sc_cfg1199,-995.6748,-988.3486,3.648722,3.639487,0.2531,18.48,54.263,2937,mult_0=AQ1 mult_1=5FA mult_4=F6B mult_5=5FA adder_3=0Q7
sc_cfg1200,0.0000,0.0000,0.000000,0.000000,0.0000,19.39,10.686,551,adder_2=0AV
sc_cfg1201,-6147.6830,-6134.2591,10.388721,10.363993,0.2380,18.31,62.103,3392,mult_0=F6B mult_1=GPF mult_3=DAE mult_4=F6B mult_6=5FA mult_7=CK3
sc_cfg1202,128.2934,127.4062,6.058188,6.062080,0.0642,16.98,101.982,6004,mult_0=GPF mult_2=5FA mult_4=5FA mult_6=AQ1 mult_7=DAE mult_8=F6B adder_0=0MH adder_2=0M0 adder_3=073 adder_5=0AV adder_6=073
sc_cfg1203,-8329.0403,-8365.4367,15.176256,15.222618,0.3055,17.56,65.458,3728,mult_0=8VH mult_2=F6B mult_3=F6B mult_4=HGY mult_7=DAE adder_1=0DL adder_2=0EM adder_4=0EM adder_5=0Q7
sc_cfg1204,-12599.9722,-12598.7359,20.866430,20.865713,0.0034,19.09,33.229,1741,mult_2=GPF mult_5=HGP mult_7=DAE adder_3=02E
sc_cfg1205,-23724.6435,-27666.6270,37.999493,48.090676,26.5561,15.16,101.441,6689,mult_0=AQ1 mult_1=F6B mult_2=AQ1 mult_3=CK3 mult_4=HGP mult_5=HGY mult_6=HGY mult_7=HGY mult_8=DAE adder_0=02E adder_1=0AV adder_2=0M0 adder_3=073 adder_4=02E adder_5=0GK adder_6=0MH adder_7=0M0
sc_cfg1206,-6936.6223,-9376.5948,21.071019,23.401110,11.0583,17.93,55.436,3091,mult_0=GPF mult_4=F6B mult_7=HGP adder_1=0EM adder_2=0GK adder_3=0DL adder_5=0MH adder_6=0M0
sc_cfg1207,-818.6712,-817.5107,1.488860,1.487806,0.0708,18.20,62.614,3441,mult_0=8VH mult_5=5FA mult_6=AQ1 mult_8=5FA adder_0=0M0 adder_6=0EM
sc_cfg1208,-14302.2850,-14317.0048,23.760106,23.777134,0.0717,17.52,66.052,3770,mult_0=HGP mult_1=GPF mult_2=HGY mult_4=GPF mult_5=F6B mult_6=F6B adder_1=0Q7 adder_3=0DL adder_4=0Q7
sc_cfg1209,-12153.3978,-14989.3488,31.221920,32.747644,4.8867,16.04,82.420,5139,mult_0=CK3 mult_1=AQ1 mult_2=F6B mult_6=HGY mult_7=HGP mult_8=CK3 adder_0=0GK adder_1=0GK adder_2=0MH adder_3=02E adder_4=0Q7 adder_5=02E adder_6=0MH adder_7=073
sc_cfg1210,-9258.5806,-9299.4608,16.127566,16.182387,0.3399,17.64,77.099,4370,mult_0=AQ1 mult_2=F6B mult_3=8VH mult_5=DAE mult_6=8VH mult_7=5FA adder_0=073 adder_2=073 adder_6=073
sc_cfg1211,-11266.7794,-11206.5594,25.308287,25.268458,0.1574,18.51,48.226,2606,mult_3=HGP mult_6=5FA mult_7=AQ1 adder_2=0DL adder_5=0MH
sc_cfg1212,960.2630,949.9513,8.301325,8.281108,0.2435,18.43,40.367,2190,mult_7=F6B adder_0=073 adder_1=073 adder_4=0Q7 adder_7=02E
sc_cfg1213,-889.3951,-887.8266,1.576041,1.574172,0.1186,19.13,21.203,1108,mult_0=CK3 adder_1=0Q7
sc_cfg1214,-19682.0973,-19728.1905,31.649265,31.715508,0.2093,16.53,97.839,5917,mult_0=HGP mult_1=8VH mult_2=F6B mult_3=CK3 mult_4=CK3 mult_6=HGP mult_8=DAE adder_0=02E adder_1=0GK adder_3=073 adder_5=073 adder_6=073 adder_7=0Q7
sc_cfg1215,-4210.6391,-4180.3512,12.321752,12.289885,0.2586,17.61,52.013,2954,mult_1=F6B mult_6=F6B mult_7=HGY adder_1=02E adder_2=0DL adder_3=0AV adder_4=0Q7 adder_5=0Q7
sc_cfg1216,-9845.1912,-11115.3262,28.068146,26.403373,5.9312,16.13,87.657,5433,mult_0=GPF mult_2=8VH mult_3=AQ1 mult_5=HGP mult_6=AQ1 mult_7=8VH mult_8=8VH adder_0=0GK adder_1=0MH adder_2=02E adder_3=0GK adder_4=02E adder_6=0EM adder_7=0MH
sc_cfg1217,-1635.1646,-1586.0684,9.431819,9.412232,0.2077,19.20,14.553,758,mult_7=8VH adder_2=02E
sc_cfg1218,-209.8826,-210.4599,0.414782,0.415623,0.2028,19.17,35.425,1848,mult_0=DAE adder_1=0Q7 adder_2=0Q7 adder_4=0Q7
sc_cfg1219,-18616.9889,-16906.5500,36.177703,31.215625,13.7158,16.46,103.421,6281,mult_0=CK3 mult_1=CK3 mult_3=8VH mult_4=8VH mult_6=HGY mult_7=F6B mult_8=5FA adder_0=073 adder_2=0EM adder_4=0AV adder_5=02E adder_6=0M0 adder_7=0MH
sc_cfg1220,-22049.8542,-23815.2970,35.750890,38.269362,7.0445,17.34,74.857,4318,mult_0=5FA mult_1=HGP mult_3=8VH mult_4=CK3 mult_5=DAE mult_7=8VH adder_1=0DL adder_2=0MH adder_5=0MH adder_7=0M0
sc_cfg1221,-891.8994,-893.0138,1.579453,1.580714,0.0798,19.27,18.413,956,mult_5=AQ1 mult_8=8VH
sc_cfg1222,-17472.0460,-17442.9938,28.015256,28.044579,0.1047,15.87,106.528,6712,mult_0=5FA mult_1=8VH mult_2=HGY mult_4=F6B mult_5=HGY mult_6=CK3 mult_7=AQ1 mult_8=AQ1 adder_0=0EM adder_2=0DL adder_3=0Q7 adder_4=0EM adder_5=0GK adder_6=0EM adder_7=0AV
sc_cfg1223,-5802.0408,-5806.2022,10.305508,10.310847,0.0518,18.79,32.681,1739,mult_2=AQ1 mult_3=8VH mult_5=DAE adder_7=073
sc_cfg1224,-7343.0371,-7709.6192,13.231006,13.690220,3.4707,17.46,63.464,3635,mult_0=HGP mult_1=5FA mult_2=F6B mult_5=HGP adder_0=0Q7 adder_1=073 adder_3=0M0 adder_6=0DL adder_7=0GK
sc_cfg1225,-25832.4576,-22211.5569,41.307229,39.531797,4.2981,16.19,94.955,5866,mult_0=CK3 mult_1=DAE mult_2=HGY mult_3=DAE mult_5=HGY mult_6=CK3 mult_7=DAE mult_8=AQ1 adder_0=0Q7 adder_2=0EM adder_3=0M0 adder_4=0M0 adder_6=0MH adder_7=0AV
sc_cfg1226,538.1678,538.1415,4.403390,4.397860,0.1256,18.60,29.917,1609,mult_6=F6B adder_0=0EM adder_1=0AV adder_2=073
sc_cfg1227,-2575.3434,-2583.2823,5.126267,5.135051,0.1714,17.84,52.963,2969,mult_0=HGP mult_7=F6B adder_0=0AV adder_1=0GK adder_2=0DL adder_3=0Q7 adder_4=0DL
sc_cfg1228,-7284.5157,-7292.2599,11.923267,11.934602,0.0951,18.22,48.728,2674,mult_1=8VH mult_2=HGY mult_3=DAE mult_8=GPF adder_4=0Q7 adder_7=0DL
sc_cfg1229,-28541.0934,-20590.3643,46.474036,35.544374,23.5178,16.47,86.463,5248,mult_0=HGP mult_2=HGY mult_4=DAE mult_5=F6B mult_6=HGY mult_8=F6B adder_0=0DL adder_1=0GK adder_2=0MH adder_4=0MH adder_5=073 adder_6=0Q7 adder_7=0MH
sc_cfg1230,20.0409,20.0290,0.066051,0.066059,0.0121,19.44,22.989,1183,mult_8=5FA adder_6=073
sc_cfg1231,-6663.5607,-6678.1843,11.793690,11.816740,0.1954,18.67,33.286,1783,mult_4=CK3 adder_1=073 adder_3=0EM adder_5=0DL adder_6=0Q7
sc_cfg1232,-8844.4950,-8841.2558,14.666194,14.661912,0.0292,17.83,56.740,3182,mult_3=HGY mult_5=DAE mult_6=5FA mult_7=HGP mult_8=CK3 adder_0=0AV adder_1=0EM
sc_cfg1233,-5770.7446,-5772.5074,13.639405,13.644565,0.0378,18.45,37.999,2060,mult_3=HGY mult_8=5FA adder_0=02E adder_2=073 adder_5=02E
sc_cfg1234,-17586.6647,-21390.7424,30.383226,35.374548,16.4279,17.59,68.280,3881,mult_0=F6B mult_1=DAE mult_2=8VH mult_4=HGP mult_6=CK3 adder_0=02E adder_2=0MH adder_3=0AV adder_5=0MH adder_6=02E
sc_cfg1235,-3940.7213,-3943.6064,8.500948,8.497763,0.0375,18.64,38.213,2050,mult_2=5FA mult_3=F6B adder_3=02E adder_5=073
sc_cfg1236,-2851.6547,-3342.7650,5.167672,5.923649,14.6290,18.36,31.586,1720,mult_0=CK3 mult_1=HGY adder_2=0Q7 adder_3=0EM adder_4=0GK
sc_cfg1237,-878.9121,902.6776,9.735551,9.538830,2.0207,17.40,75.729,4353,mult_1=AQ1 mult_3=F6B mult_6=F6B mult_7=DAE mult_8=5FA adder_3=0Q7 adder_4=0AV adder_6=0GK adder_7=02E
sc_cfg1238,-6230.0852,-6238.6158,10.396362,10.409974,0.1309,18.69,32.095,1717,mult_1=GPF mult_6=CK3 adder_2=0DL adder_3=073
sc_cfg1239,-0.0114,0.0483,0.015467,0.015491,0.1542,19.06,17.580,922,adder_4=0EM adder_5=0Q7
sc_cfg1240,-4529.7045,-4526.0236,7.457040,7.450742,0.0845,18.48,43.888,2374,mult_1=HGP mult_7=HGP adder_3=0DL adder_4=0AV adder_7=0Q7
sc_cfg1241,-18648.2901,-18649.0016,29.917048,29.916740,0.0010,17.87,61.107,3420,mult_1=CK3 mult_3=CK3 mult_4=8VH mult_6=HGY adder_1=073 adder_2=073 adder_5=0M0 adder_6=0DL
sc_cfg1242,-7632.3583,-7485.5099,13.361288,13.152525,1.5624,16.90,94.268,5579,mult_0=F6B mult_1=AQ1 mult_2=HGP mult_4=AQ1 mult_5=AQ1 mult_6=F6B mult_7=8VH mult_8=F6B adder_1=073 adder_3=073 adder_4=0GK adder_6=0DL
sc_cfg1243,-875.4605,-876.5491,1.558440,1.559564,0.0721,19.18,16.895,881,mult_8=HGP adder_2=073
sc_cfg1244,-6283.7890,-6236.4048,20.237111,20.213750,0.1154,18.39,37.607,2045,mult_0=8VH adder_2=0AV adder_4=0EM adder_5=0MH adder_7=0EM
sc_cfg1245,-8589.3083,-7668.2901,19.911709,19.043752,4.3590,16.59,86.648,5222,mult_1=5FA mult_2=HGY mult_3=F6B mult_4=HGY mult_8=HGP adder_0=0MH adder_1=0Q7 adder_2=02E adder_4=0GK adder_5=0AV adder_6=0EM adder_7=02E
sc_cfg1246,-9944.7318,-9948.9935,16.502287,16.508383,0.0369,18.71,35.532,1899,mult_2=AQ1 mult_3=5FA mult_5=HGY mult_6=8VH
sc_cfg1247,-12582.6623,-12628.9969,22.198331,22.249546,0.2307,17.28,77.074,4460,mult_0=AQ1 mult_2=F6B mult_3=CK3 mult_4=GPF mult_7=HGY adder_0=0MH adder_2=0Q7 adder_4=073 adder_6=0AV adder_7=0AV
sc_cfg1248,-8578.7992,-9367.4360,22.420571,23.861487,6.4268,18.61,42.013,2258,mult_0=CK3 mult_3=F6B mult_7=AQ1 adder_4=0AV adder_6=0MH
sc_cfg1249,-13227.2211,-20204.0204,22.476995,32.649362,45.2568,17.12,107.684,6291,mult_2=DAE mult_3=DAE mult_4=HGP mult_5=GPF mult_6=F6B mult_7=GPF adder_0=0Q7 adder_2=0MH adder_3=0AV adder_4=0Q7 adder_5=0MH adder_6=0AV
sc_cfg1250,-1404.1116,-1365.3926,9.326315,9.324853,0.0157,19.27,19.473,1011,adder_0=0M0 adder_1=02E
sc_cfg1251,-7454.8589,-10587.3856,21.316305,24.453289,14.7164,18.19,51.551,2834,mult_1=F6B mult_6=HGY mult_8=AQ1 adder_4=0DL adder_5=0MH adder_7=0AV
sc_cfg1252,-17833.4895,-22038.9094,30.075054,35.820204,19.1027,15.11,138.563,9168,mult_0=DAE mult_1=HGP mult_2=HGP mult_3=F6B mult_4=GPF mult_5=5FA mult_6=8VH mult_7=HGP mult_8=8VH adder_0=0GK adder_1=0EM adder_2=0AV adder_3=073 adder_4=02E adder_5=0EM adder_6=0AV adder_7=0EM
sc_cfg1253,-18311.8601,-17819.4513,32.132165,35.781998,11.3588,17.85,50.620,2836,mult_0=8VH mult_1=F6B mult_3=8VH mult_4=HGP adder_0=073 adder_3=073 adder_6=0MH adder_7=02E
sc_cfg1254,-7143.6900,-7152.4906,21.717343,21.675275,0.1937,18.89,30.170,1597,mult_3=AQ1 mult_5=DAE adder_0=0M0 adder_6=0MH
sc_cfg1255,-8176.3380,-8169.7818,15.065434,15.057645,0.0517,18.54,30.010,1618,mult_1=HGP mult_2=HGP adder_0=0Q7 adder_3=0MH adder_6=0GK
sc_cfg1256,-26402.5085,-37328.8504,42.484800,59.072570,39.0440,15.92,121.989,7664,mult_0=AQ1 mult_1=HGY mult_2=CK3 mult_3=CK3 mult_4=GPF mult_5=AQ1 mult_6=GPF mult_7=5FA mult_8=5FA adder_0=073 adder_1=0Q7 adder_2=0MH adder_3=0M0 adder_4=0MH adder_5=0DL adder_6=0MH
sc_cfg1257,-6957.8767,-6959.7110,14.926932,14.938669,0.0786,18.02,44.103,2447,mult_5=DAE mult_6=F6B adder_0=0DL adder_1=0MH adder_2=0M0 adder_3=0MH adder_5=0DL
sc_cfg1258,-2465.4365,-2462.4928,5.726932,5.716316,0.1854,18.17,45.146,2484,mult_4=DAE mult_5=F6B mult_7=F6B adder_1=0DL adder_2=0Q7 adder_3=0M0
sc_cfg1259,-20776.5008,-16296.9710,33.949727,28.382342,16.3989,16.48,114.310,6936,mult_0=5FA mult_2=DAE mult_3=CK3 mult_4=GPF mult_5=GPF mult_6=F6B mult_7=5FA adder_0=073 adder_1=0DL adder_2=073 adder_3=0EM adder_4=02E adder_5=0AV adder_6=0EM
sc_cfg1260,0.4987,0.5014,0.001082,0.001085,0.2613,19.43,11.333,583,mult_4=AQ1
sc_cfg1261,-7549.2175,-8759.9391,18.130845,19.274448,6.3075,17.17,72.901,4246,mult_2=F6B mult_4=AQ1 mult_5=GPF mult_6=8VH mult_7=AQ1 mult_8=CK3 adder_1=02E adder_4=0DL adder_5=02E adder_7=073
sc_cfg1262,-18956.2690,-18938.6786,31.547645,31.541655,0.0190,17.19,76.211,4434,mult_1=DAE mult_2=HGP mult_3=DAE mult_4=5FA mult_6=GPF mult_7=HGP mult_8=HGP adder_1=0MH adder_2=0MH adder_6=0M0
sc_cfg1263,-15095.0212,-15109.9433,25.542499,25.571585,0.1139,17.00,85.302,5019,mult_0=DAE mult_1=CK3 mult_2=GPF mult_3=F6B mult_4=8VH mult_5=AQ1 mult_7=AQ1 mult_8=DAE adder_0=02E adder_2=0MH adder_4=0Q7
sc_cfg1264,-1166.8251,-1158.2194,3.790459,3.780957,0.2507,18.78,38.401,2045,mult_4=F6B mult_5=DAE mult_8=DAE adder_0=0AV
sc_cfg1265,-5865.9006,-5819.9254,13.514429,13.474853,0.2928,18.20,43.127,2370,mult_4=DAE mult_5=HGY mult_7=8VH adder_1=0AV adder_2=02E adder_7=0Q7
sc_cfg1266,-15474.1319,-11065.4423,34.099654,28.495627,16.4343,17.68,72.981,4128,mult_0=DAE mult_2=CK3 mult_4=AQ1 mult_5=GPF mult_6=F6B adder_0=0Q7 adder_3=0EM adder_5=0MH adder_7=0MH
sc_cfg1267,-2056.3507,-2045.5767,3.714156,3.700475,0.3683,18.20,46.136,2535,mult_5=DAE mult_7=CK3 adder_1=0M0 adder_2=0AV adder_6=0M0 adder_7=0Q7
sc_cfg1268,-5866.2517,-5867.8245,10.383974,10.388300,0.0417,19.35,18.803,972,mult_5=GPF adder_5=0EM
sc_cfg1269,-16453.4803,-23395.6218,29.759337,41.497139,39.4424,16.10,97.256,6040,mult_0=HGY mult_1=GPF mult_2=AQ1 mult_4=F6B mult_5=5FA mult_6=F6B mult_7=CK3 mult_8=8VH adder_0=0MH adder_1=0GK adder_2=0MH adder_5=0GK adder_6=0MH adder_7=0AV
sc_cfg1270,4.7284,4.7801,0.038229,0.038197,0.0836,19.15,25.300,1321,mult_0=5FA mult_8=AQ1
sc_cfg1271,-21776.0460,-21463.2197,34.841278,34.435049,1.1659,15.86,120.578,7604,mult_0=F6B mult_1=DAE mult_2=HGP mult_3=GPF mult_4=HGY mult_5=5FA mult_6=5FA mult_7=CK3 mult_8=AQ1 adder_0=0DL adder_1=0AV adder_2=0AV adder_3=02E adder_4=073 adder_5=0GK adder_6=0Q7
sc_cfg1272,-6158.3000,-6165.1869,11.642768,11.652458,0.0832,18.62,37.897,2035,mult_0=CK3 mult_2=F6B mult_5=8VH adder_1=0M0 adder_6=0DL
sc_cfg1273,-18180.0676,-18167.0540,28.951075,28.936804,0.0493,16.64,82.108,4935,mult_0=CK3 mult_2=CK3 mult_4=5FA mult_5=8VH mult_6=HGY mult_7=HGY mult_8=F6B adder_0=0GK adder_1=0M0 adder_2=0GK adder_3=0EM adder_7=0Q7
sc_cfg1274,-20840.9512,-20971.9747,33.691111,33.887820,0.5839,16.06,96.859,6030,mult_0=GPF mult_1=GPF mult_2=GPF mult_3=AQ1 mult_4=F6B mult_5=AQ1 mult_6=8VH mult_7=HGY adder_2=0MH adder_3=02E adder_4=0DL adder_5=0EM adder_6=0Q7 adder_7=0DL
sc_cfg1275,-849.9532,-848.6165,1.525041,1.523457,0.1039,18.48,43.269,2342,mult_0=F6B mult_6=5FA adder_0=0Q7 adder_4=0AV adder_5=073
sc_cfg1276,-10423.3626,-10451.2125,17.397940,17.439892,0.2411,15.94,118.961,7461,mult_0=F6B mult_2=DAE mult_3=5FA mult_4=CK3 mult_6=5FA mult_7=8VH mult_8=AQ1 adder_0=073 adder_1=0GK adder_2=0Q7 adder_3=0Q7 adder_4=0AV adder_5=0GK adder_6=0EM adder_7=0Q7
sc_cfg1277,-7636.1969,-7436.1215,16.697143,16.283502,2.4773,18.54,37.882,2043,mult_2=8VH mult_6=HGY mult_8=GPF adder_1=0MH adder_7=02E
sc_cfg1278,-13869.8254,-13861.2439,22.936795,22.926159,0.0464,16.94,95.028,5609,mult_1=GPF mult_3=F6B mult_4=GPF mult_8=5FA adder_0=0EM adder_1=0MH adder_3=073 adder_4=0Q7 adder_5=0DL adder_6=073 adder_7=0GK
sc_cfg1279,-5518.7638,-11463.5488,19.598219,23.959337,22.2526,16.90,89.483,5294,mult_1=5FA mult_2=HGP mult_6=DAE mult_7=GPF mult_8=GPF adder_1=0AV adder_2=0DL adder_4=0MH adder_5=02E adder_6=0Q7 adder_7=0MH
sc_cfg1280,-17741.9534,-17762.1120,29.453024,29.483076,0.1020,17.26,68.584,3974,mult_0=5FA mult_2=8VH mult_4=8VH mult_5=HGY mult_7=DAE adder_0=0EM adder_1=0GK adder_2=02E adder_3=0MH adder_6=0EM
sc_cfg1281,-0.9969,-1.0064,0.004457,0.004463,0.1285,19.39,11.071,571,adder_6=0EM
sc_cfg1282,-2163.5933,-2155.2963,3.833557,3.822779,0.2811,19.49,12.233,628,mult_7=HGY adder_0=073
sc_cfg1283,-23028.5112,-30489.9304,37.224662,48.076432,29.1521,16.99,79.592,4684,mult_1=8VH mult_2=CK3 mult_3=F6B mult_5=HGY mult_6=GPF mult_8=8VH adder_1=073 adder_2=0MH adder_3=0AV adder_4=0M0 adder_5=0MH
sc_cfg1284,-12525.9332,-12535.6480,20.508972,20.524785,0.0771,18.32,42.752,2334,mult_0=DAE mult_2=8VH mult_5=HGP mult_7=HGY adder_0=02E adder_4=0DL
sc_cfg1285,-2323.3608,-4319.9141,9.481310,11.298452,19.1655,16.85,111.217,6599,mult_1=5FA mult_2=AQ1 mult_4=DAE mult_5=5FA mult_6=GPF mult_8=5FA adder_0=0DL adder_1=0DL adder_2=0AV adder_5=02E adder_7=0Q7
sc_cfg1286,-6797.8416,-8510.2637,23.060863,19.236656,16.5831,18.22,51.151,2807,mult_3=CK3 mult_5=GPF mult_7=F6B adder_0=0EM adder_6=0GK adder_7=0MH
sc_cfg1287,-6743.5310,-6744.7496,11.596248,11.599530,0.0283,18.92,22.554,1192,mult_5=HGP mult_6=DAE mult_8=HGY
sc_cfg1288,-19187.1290,-18070.1244,30.419007,29.376961,3.4256,15.75,102.601,6515,mult_0=HGY mult_1=AQ1 mult_2=DAE mult_3=F6B mult_4=AQ1 mult_5=HGP mult_7=HGP mult_8=AQ1 adder_0=02E adder_1=0GK adder_2=0AV adder_3=073 adder_4=0MH adder_6=0Q7 adder_7=0Q7
sc_cfg1289,-5976.5444,-5978.1019,10.533749,10.537710,0.0376,18.41,41.036,2229,mult_1=DAE mult_3=AQ1 mult_5=CK3 adder_2=0Q7 adder_4=0Q7
sc_cfg1290,-194.4524,-193.6205,0.396513,0.395628,0.2232,18.47,49.647,2689,mult_3=AQ1 mult_6=5FA mult_7=AQ1 mult_8=DAE adder_2=0EM
sc_cfg1291,-1135.5225,-537.5278,10.202772,9.691404,5.0121,18.16,52.804,2907,mult_0=CK3 mult_3=F6B mult_4=5FA adder_4=02E adder_6=0GK adder_7=0Q7
sc_cfg1292,-861.5273,-862.8998,1.544815,1.546413,0.1035,19.15,16.372,855,mult_8=CK3 adder_6=0M0
sc_cfg1293,-866.8177,-865.8328,1.556084,1.554641,0.0927,18.39,36.833,2003,mult_0=GPF adder_0=0Q7 adder_4=0EM adder_6=0M0 adder_7=0M0
sc_cfg1294,-291.9918,-286.5505,2.175006,2.177428,0.1114,19.39,12.395,639,adder_4=0GK
sc_cfg1295,-12182.8951,-12182.9985,21.057768,21.051300,0.0307,19.26,21.147,1098,mult_4=GPF adder_4=0MH
sc_cfg1296,-2384.5516,-2387.6561,4.136985,4.139717,0.0660,19.18,25.844,1347,mult_1=GPF mult_8=DAE
sc_cfg1297,-10762.4179,-12740.9385,25.178373,23.331906,7.3335,16.64,90.484,5438,mult_0=8VH mult_3=HGY mult_4=DAE mult_6=8VH mult_7=GPF mult_8=HGP adder_1=0Q7 adder_3=0M0 adder_4=0EM adder_5=0AV adder_6=073 adder_7=0MH
sc_cfg1298,-7175.0212,-9424.1277,16.463158,19.178521,16.4936,16.82,72.514,4311,mult_1=CK3 mult_2=DAE mult_4=HGY mult_7=AQ1 mult_8=8VH adder_0=02E adder_2=073 adder_3=0Q7 adder_4=02E adder_5=0DL adder_6=02E adder_7=0DL
sc_cfg1299,-3413.5562,-3610.3848,6.716911,6.952482,3.5071,17.39,63.716,3664,mult_3=F6B mult_5=DAE mult_8=GPF adder_0=0GK adder_1=0GK adder_3=0AV adder_4=0GK adder_6=0M0 adder_7=0M0
sc_cfg1300,-21333.3127,-20898.4593,34.994744,34.205681,2.2548,17.73,56.111,3165,mult_1=HGP mult_2=CK3 mult_3=HGY mult_5=8VH mult_7=HGP mult_8=DAE adder_3=0DL adder_5=02E adder_6=0DL
sc_cfg1301,-14253.8746,-16172.5343,24.230440,27.344372,12.8513,16.12,85.022,5274,mult_0=GPF mult_1=CK3 mult_2=F6B mult_3=8VH mult_6=HGY mult_7=HGP mult_8=HGY adder_0=02E adder_1=0GK adder_2=0EM adder_3=0EM adder_5=0M0 adder_6=02E adder_7=0EM
sc_cfg1302,-5676.2928,-5681.2267,9.548997,9.554492,0.0575,17.16,68.944,4017,mult_0=HGP mult_1=AQ1 mult_6=HGY mult_7=5FA adder_0=0Q7 adder_3=02E adder_4=0EM adder_5=0EM adder_6=073 adder_7=0Q7
sc_cfg1303,2063.5642,2058.6564,8.464928,8.458713,0.0734,19.20,13.892,723,adder_2=0Q7 adder_7=02E
sc_cfg1304,-10263.6275,-11809.6108,19.019182,20.957737,10.1926,17.45,58.934,3377,mult_0=HGP mult_4=DAE mult_5=HGP mult_6=CK3 mult_8=CK3 adder_0=073 adder_1=0DL adder_2=073 adder_5=02E
sc_cfg1305,-4111.5406,-4093.1645,7.278869,7.256823,0.3029,18.51,36.041,1947,mult_3=AQ1 mult_6=8VH adder_1=0AV adder_4=0EM adder_5=0DL
sc_cfg1306,-16863.1895,-16723.7696,27.959802,28.201394,0.8641,17.31,74.270,4290,mult_0=HGP mult_2=CK3 mult_3=HGP mult_4=F6B mult_6=GPF mult_8=5FA adder_0=02E adder_2=0AV adder_6=02E adder_7=0DL
sc_cfg1307,-14429.8663,-14425.6984,24.822482,24.810439,0.0485,17.78,68.602,3859,mult_1=DAE mult_3=CK3 mult_4=CK3 mult_5=5FA mult_7=8VH mult_8=DAE adder_2=02E adder_7=0AV
sc_cfg1308,-8081.7855,-8087.3234,22.477097,22.444110,0.1468,18.65,32.994,1769,mult_8=8VH adder_0=0AV adder_3=0M0 adder_5=0AV adder_6=0MH
sc_cfg1309,-2863.8655,-4993.9191,20.339312,18.317450,9.9407,15.49,135.200,8729,mult_0=5FA mult_1=CK3 mult_3=AQ1 mult_4=5FA mult_5=CK3 mult_6=AQ1 mult_7=5FA mult_8=DAE adder_0=073 adder_1=0M0 adder_2=0DL adder_3=02E adder_4=02E adder_5=0AV adder_6=0Q7 adder_7=0MH
sc_cfg1310,-160.0484,949.8113,13.222610,13.904660,5.1582,18.36,41.856,2280,mult_3=F6B adder_1=02E adder_2=02E adder_3=0GK adder_4=0GK adder_5=0DL adder_6=0AV
sc_cfg1311,-6193.8990,-3703.3740,16.154305,13.992187,13.3842,18.46,56.235,3046,mult_2=5FA mult_4=8VH mult_5=AQ1 mult_8=DAE adder_3=0M0 adder_5=02E adder_6=02E
sc_cfg1312,-1707.2534,-1665.7910,9.680264,9.677241,0.0312,19.50,17.350,890,adder_1=02E adder_6=0GK
sc_cfg1313,-13548.2085,-13535.3312,21.993807,21.975812,0.0818,18.51,43.195,2334,mult_4=HGP mult_6=CK3 mult_7=GPF adder_6=0M0 adder_7=0GK
sc_cfg1314,-6614.9265,-6632.9284,11.718773,11.747932,0.2488,19.46,13.661,702,mult_4=8VH
sc_cfg1315,-6234.3157,-6235.1200,10.395433,10.396471,0.0100,17.46,99.736,5713,mult_0=5FA mult_1=HGP mult_2=CK3 mult_5=5FA mult_7=5FA mult_8=5FA adder_0=0Q7 adder_4=0AV adder_7=0AV
sc_cfg1316,415.4752,439.1471,10.308880,10.301701,0.0696,19.14,16.277,850,adder_3=0MH adder_5=02E
sc_cfg1317,-11883.4592,-11877.8842,19.475861,19.469174,0.0343,16.64,99.355,5969,mult_0=5FA mult_4=5FA mult_5=HGY mult_6=HGY mult_7=GPF adder_0=0M0 adder_1=0AV adder_2=0M0 adder_3=0EM adder_4=0GK adder_6=0EM adder_7=073
sc_cfg1318,-15959.0034,-15299.2678,26.691372,27.040536,1.3081,15.87,123.004,7751,mult_0=5FA mult_2=5FA mult_4=GPF mult_5=CK3 mult_6=CK3 mult_7=5FA mult_8=DAE adder_0=0MH adder_1=0M0 adder_2=073 adder_3=0M0 adder_4=0Q7 adder_5=02E adder_6=0M0 adder_7=073
sc_cfg1319,-10564.6169,-12563.8256,27.110983,27.672149,2.0699,18.91,31.628,1672,mult_2=F6B mult_5=GPF adder_0=0Q7 adder_6=0MH
sc_cfg1320,2100.3178,2092.3216,8.483707,8.478262,0.0642,19.24,40.330,2096,mult_0=5FA adder_3=073 adder_5=0Q7 adder_7=02E
sc_cfg1321,-9671.3854,-9663.7398,16.127889,16.112829,0.0934,17.49,72.896,4167,mult_0=GPF mult_1=GPF mult_2=HGP mult_6=F6B mult_7=GPF mult_8=CK3 adder_1=0Q7 adder_2=0Q7 adder_4=0AV
sc_cfg1322,-6756.0117,-6772.1215,12.526898,12.552323,0.2030,18.23,48.072,2636,mult_4=8VH mult_7=5FA adder_0=02E adder_2=0EM adder_3=0GK adder_7=0Q7
sc_cfg1323,-3644.5981,-3644.9607,7.368604,7.362454,0.0835,18.86,22.735,1206,mult_0=8VH adder_3=02E adder_7=0Q7
sc_cfg1324,-11760.4892,-8726.0431,19.438168,16.963280,12.7321,16.65,104.932,6304,mult_0=5FA mult_1=CK3 mult_2=AQ1 mult_3=CK3 mult_5=AQ1 mult_7=8VH mult_8=AQ1 adder_2=0AV adder_3=0EM adder_4=02E adder_6=0M0 adder_7=0AV
sc_cfg1325,-16324.3608,-17253.1148,31.794831,33.205632,4.4372,15.80,115.946,7338,mult_0=AQ1 mult_1=GPF mult_2=F6B mult_3=AQ1 mult_4=DAE mult_5=HGP mult_7=HGP mult_8=AQ1 adder_0=0MH adder_1=0M0 adder_2=0Q7 adder_3=0Q7 adder_4=0AV adder_6=0MH adder_7=0M0
sc_cfg1326,-11946.0377,-11633.4757,22.054385,21.715045,1.5387,17.42,61.449,3527,mult_1=HGY mult_2=HGP mult_3=8VH mult_8=DAE adder_1=02E adder_3=0MH adder_4=0M0 adder_5=0Q7 adder_7=02E
sc_cfg1327,-4063.2920,-4059.3026,7.199965,7.199275,0.0096,19.20,17.216,896,mult_2=CK3 adder_4=073
sc_cfg1328,-903.9079,-910.3215,1.660922,1.669685,0.5276,19.26,15.966,829,mult_0=CK3 adder_4=0DL
sc_cfg1329,-6714.7289,-6709.6813,11.555724,11.548239,0.0648,18.59,47.691,2565,mult_3=GPF mult_6=5FA mult_8=F6B adder_0=0AV adder_6=0M0
sc_cfg1330,-2169.5490,-2161.2862,3.841215,3.830512,0.2786,19.22,22.505,1171,mult_2=AQ1 mult_7=CK3
sc_cfg1331,-6725.0643,-6730.5399,11.570026,11.576631,0.0571,18.41,40.987,2227,mult_3=CK3 mult_8=8VH adder_2=0Q7 adder_3=0EM adder_5=0M0
sc_cfg1332,-10311.8868,-9681.8865,19.139307,18.329843,4.2293,18.46,37.340,2023,mult_3=8VH mult_5=GPF adder_4=0DL adder_5=073 adder_7=02E
sc_cfg1333,-4111.3388,-3996.7785,11.639316,11.418566,1.8966,18.40,35.941,1953,mult_5=CK3 adder_0=0GK adder_1=0AV adder_6=0EM adder_7=02E
sc_cfg1334,-8400.8373,-8422.3056,15.760426,15.796776,0.2306,17.37,60.592,3488,mult_0=CK3 mult_3=AQ1 mult_4=HGP adder_1=0AV adder_2=0MH adder_3=0Q7 adder_4=0Q7 adder_5=0DL adder_7=073
sc_cfg1335,-1156.4909,-1155.5666,2.916246,2.917061,0.0279,18.71,32.124,1717,mult_0=GPF adder_0=0Q7 adder_2=0GK adder_6=0AV
sc_cfg1336,-11228.9021,-11237.1701,18.667197,18.773263,0.5682,16.97,97.704,5757,mult_0=AQ1 mult_2=GPF mult_3=HGP mult_4=F6B mult_5=DAE mult_7=5FA adder_0=0EM adder_1=0AV adder_3=0EM adder_4=0GK adder_5=0DL adder_6=0M0
sc_cfg1337,-8953.6222,-8959.4276,16.022535,16.027244,0.0294,18.10,57.770,3191,mult_2=F6B mult_3=5FA mult_4=HGP mult_7=HGP mult_8=CK3 adder_0=02E adder_4=073
sc_cfg1338,-11549.3643,-16083.3785,27.314617,31.352408,14.7825,18.58,39.864,2145,mult_2=HGP mult_7=GPF mult_8=AQ1 adder_6=0MH adder_7=0MH
sc_cfg1339,56.1732,62.7872,8.993881,8.999920,0.0671,19.12,12.276,642,adder_0=02E adder_5=02E
sc_cfg1340,0.0000,0.0000,0.000000,0.000000,0.0000,20.45,3.142,154,
sc_cfg1341,-6236.2209,-6231.9159,10.395041,10.392002,0.0292,18.98,18.024,950,mult_6=HGY mult_7=HGY adder_0=0M0
sc_cfg1342,-16121.8511,-16466.8992,25.892468,26.390104,1.9219,16.69,90.031,5396,mult_0=8VH mult_1=5FA mult_2=AQ1 mult_3=8VH mult_5=HGY mult_6=AQ1 mult_7=8VH mult_8=8VH adder_1=0Q7 adder_3=073 adder_6=0DL adder_7=0GK
sc_cfg1343,-2147.6509,-2151.5967,3.811814,3.815349,0.0927,18.77,33.423,1780,mult_1=GPF mult_4=AQ1 adder_2=073 adder_7=0EM
sc_cfg1344,-21436.8316,-30216.9339,36.791607,48.130821,30.8201,15.83,96.481,6094,mult_0=F6B mult_1=AQ1 mult_2=HGP mult_3=8VH mult_4=GPF mult_5=HGY mult_7=8VH mult_8=AQ1 adder_1=0GK adder_2=0MH adder_3=0DL adder_4=0DL adder_5=0MH adder_6=02E adder_7=0AV
sc_cfg1345,-2995.5654,-2981.3422,6.126508,6.106840,0.3210,18.05,53.688,2975,mult_0=HGP mult_4=F6B mult_7=F6B adder_1=0AV adder_2=073 adder_3=0Q7 adder_6=0AV
sc_cfg1346,-20568.9123,-26337.1217,32.945917,41.850929,27.0292,16.99,77.140,4540,mult_1=GPF mult_2=CK3 mult_3=HGY mult_4=HGY mult_5=F6B mult_8=DAE adder_0=0MH adder_1=0Q7 adder_2=0M0 adder_4=0MH adder_5=0GK adder_6=0GK
sc_cfg1347,3913.5959,3915.3776,13.590392,13.599146,0.0644,19.92,11.959,600,adder_7=0MH
sc_cfg1348,-10304.1141,-7665.8853,23.158917,21.441012,7.4179,18.07,63.833,3533,mult_6=5FA mult_7=GPF adder_0=073 adder_1=073 adder_3=02E adder_5=0MH adder_7=0Q7
sc_cfg1349,0.9655,1.0640,0.032874,0.032860,0.0435,19.48,21.069,1082,mult_7=5FA
sc_cfg1350,-11035.3349,-11037.3096,18.079674,18.084100,0.0245,18.32,50.757,2770,mult_0=GPF mult_5=CK3 mult_6=HGY mult_8=DAE adder_1=0DL adder_4=073
sc_cfg1351,-2978.4073,-6214.9747,17.976816,16.521994,8.0928,18.54,38.331,2067,mult_2=8VH mult_6=HGP mult_7=8VH adder_1=0GK adder_7=0MH
sc_cfg1352,-8355.5271,-8359.4524,14.727606,14.732947,0.0363,17.71,56.433,3187,mult_1=8VH mult_3=F6B mult_4=DAE mult_5=HGY adder_0=02E adder_1=0EM adder_2=073 adder_4=073
sc_cfg1353,-18075.3165,-16128.0251,29.627600,31.486821,6.2753,18.70,40.791,2182,mult_3=8VH mult_7=CK3 mult_8=F6B adder_1=0M0 adder_6=0MH
sc_cfg1354,-15637.5731,-15610.4789,25.107023,25.071437,0.1417,17.29,73.249,4236,mult_2=CK3 mult_3=AQ1 mult_5=8VH mult_6=HGP adder_0=073 adder_1=0AV adder_2=0GK adder_3=073 adder_5=0AV adder_7=0GK
sc_cfg1355,-14040.2056,-13288.6405,23.598514,22.581793,4.3084,16.35,103.191,6311,mult_0=CK3 mult_1=HGY mult_2=DAE mult_3=AQ1 mult_6=5FA mult_7=8VH mult_8=GPF adder_1=0AV adder_2=0MH adder_4=0AV adder_5=073 adder_6=0GK adder_7=0GK
sc_cfg1356,-3777.2717,-3749.6427,6.323675,6.286535,0.5873,18.58,31.339,1687,mult_0=GPF mult_7=HGY adder_0=02E adder_4=0M0 adder_5=0DL
sc_cfg1357,0.0000,0.0000,0.000000,0.000000,0.0000,19.46,9.723,500,adder_1=0AV
sc_cfg1358,0.0000,0.0000,0.000000,0.000000,0.0000,19.46,13.788,709,adder_1=0AV
sc_cfg1359,-1435.7298,-1395.2245,9.348705,9.345865,0.0304,18.43,36.806,1997,mult_4=AQ1 adder_0=0DL adder_1=02E adder_2=0AV adder_5=0EM
sc_cfg1360,-830.7418,-831.4220,1.542020,1.542632,0.0397,18.42,41.574,2257,mult_3=DAE mult_8=HGY adder_1=0AV adder_2=0AV adder_7=0Q7
sc_cfg1361,-2137.0493,-2144.0616,3.798559,3.807996,0.2484,19.22,21.614,1124,mult_7=GPF adder_5=073
sc_cfg1362,-26096.7945,-28112.4071,41.956866,50.274687,19.8247,15.12,120.852,7995,mult_0=HGY mult_1=AQ1 mult_2=HGP mult_3=HGP mult_4=AQ1 mult_5=8VH mult_6=5FA mult_7=5FA mult_8=DAE adder_0=0AV adder_1=02E adder_2=073 adder_3=02E adder_4=073 adder_5=0MH adder_6=0MH adder_7=0AV
sc_cfg1363,-9508.2569,-9478.5577,17.842197,17.811758,0.1706,18.44,31.261,1696,mult_2=8VH mult_5=HGP adder_0=0GK adder_1=02E adder_2=0EM
sc_cfg1364,-4094.9608,-4098.9134,7.266380,7.269139,0.0380,17.21,86.992,5054,mult_1=DAE mult_3=5FA mult_5=AQ1 mult_6=HGP mult_8=AQ1 adder_0=0Q7 adder_1=073 adder_2=0Q7 adder_3=073 adder_4=0EM adder_5=0DL adder_6=073
sc_cfg1365,15.0226,15.3144,0.129205,0.129400,0.1506,19.48,8.595,441,adder_5=0M0
sc_cfg1366,-6614.9265,-6632.9284,11.718773,11.747932,0.2488,19.57,6.783,347,mult_4=HGY
sc_cfg1367,-9524.7215,-9506.8362,15.809810,15.787634,0.1403,16.62,88.719,5338,mult_0=DAE mult_1=5FA mult_2=GPF mult_7=F6B mult_8=AQ1 adder_0=0GK adder_1=0GK adder_2=0EM adder_3=0MH adder_5=0M0 adder_6=073 adder_7=0AV
sc_cfg1368,-3335.3807,-3324.9001,5.653524,5.638006,0.2745,18.23,46.726,2563,mult_1=HGP mult_6=5FA adder_2=0DL adder_3=0AV adder_4=073 adder_7=0GK
sc_cfg1369,-26354.1001,-24250.3792,42.369172,43.242960,2.0623,15.90,84.896,5340,mult_0=HGP mult_2=HGP mult_3=CK3 mult_4=HGY mult_6=HGY mult_7=F6B mult_8=HGY adder_0=0M0 adder_1=073 adder_2=0DL adder_3=0GK adder_4=0EM adder_5=02E adder_6=0MH adder_7=0AV
sc_cfg1370,-0.1306,-0.1177,0.014963,0.014957,0.0434,19.42,9.024,465,adder_7=0Q7
sc_cfg1371,-5852.4587,-5889.7616,13.654594,13.723918,0.5077,16.35,79.352,4854,mult_1=AQ1 mult_4=AQ1 mult_5=F6B mult_6=CK3 mult_7=HGY adder_0=02E adder_1=0EM adder_2=0EM adder_3=0DL adder_4=0M0 adder_5=0GK adder_6=0DL adder_7=02E
sc_cfg1372,-10339.0866,-8398.5340,20.504900,18.367214,10.4252,17.83,54.919,3079,mult_1=5FA mult_5=8VH mult_6=HGY mult_7=AQ1 adder_1=073 adder_4=02E adder_6=02E adder_7=0Q7
sc_cfg1373,15.0226,15.3144,0.129205,0.129400,0.1506,19.36,8.607,445,adder_5=0M0
sc_cfg1374,-5824.1938,-5819.9486,13.677906,13.673375,0.0331,18.19,35.859,1971,mult_4=HGY mult_7=AQ1 adder_0=02E adder_1=0Q7 adder_2=02E adder_6=0Q7
sc_cfg1375,14.7386,15.0658,0.466089,0.466463,0.0803,18.68,41.252,2209,mult_2=5FA adder_2=0Q7 adder_4=0EM adder_5=0AV adder_6=0DL
sc_cfg1376,-20259.6784,-19095.0002,32.307175,31.530786,2.4031,16.37,88.344,5398,mult_0=DAE mult_4=CK3 mult_5=8VH mult_6=8VH mult_7=8VH mult_8=CK3 adder_0=0AV adder_1=0M0 adder_2=0M0 adder_3=02E adder_5=02E adder_6=0GK adder_7=0M0
sc_cfg1377,-11551.8088,-11537.4656,19.637404,19.625426,0.0610,17.19,68.079,3961,mult_2=CK3 mult_3=AQ1 mult_4=HGP mult_6=F6B mult_8=HGP adder_0=0GK adder_1=0M0 adder_2=073 adder_3=0M0 adder_7=0GK
sc_cfg1378,-10719.1576,-10794.2213,18.604742,18.716506,0.6007,17.69,59.351,3354,mult_3=8VH mult_5=HGP mult_6=F6B adder_1=0AV adder_2=0M0 adder_3=0M0 adder_4=0M0 adder_5=0GK adder_6=0Q7
sc_cfg1379,-13263.7642,-12803.8355,24.440518,23.714363,2.9711,16.37,80.887,4941,mult_0=8VH mult_1=8VH mult_2=AQ1 mult_5=8VH mult_6=HGY mult_7=HGY mult_8=F6B adder_0=073 adder_1=0DL adder_4=073 adder_5=02E adder_6=02E adder_7=073
sc_cfg1380,-15927.0574,-13337.4356,27.738818,28.596092,3.0905,17.59,60.520,3441,mult_2=8VH mult_3=DAE mult_5=CK3 mult_6=DAE adder_1=0M0 adder_2=0DL adder_3=073 adder_5=0MH adder_6=02E
sc_cfg1381,-15573.5272,-15389.8554,24.849430,24.583357,1.0707,16.22,97.718,6025,mult_0=DAE mult_1=HGP mult_4=AQ1 mult_5=HGY mult_6=HGY mult_7=CK3 mult_8=HGY adder_0=0Q7 adder_1=073 adder_3=0M0 adder_4=0Q7 adder_5=0DL adder_6=0AV adder_7=0AV
sc_cfg1382,-3444.2409,-3543.8751,10.739986,10.817965,0.7261,17.85,53.172,2978,mult_1=HGY mult_4=DAE mult_5=DAE adder_1=02E adder_3=0M0 adder_4=0GK adder_5=0Q7 adder_6=0M0
sc_cfg1383,-4919.1785,-4315.1319,14.909178,14.240774,4.4832,17.12,66.939,3910,mult_3=DAE mult_4=GPF mult_8=HGP adder_0=0M0 adder_2=02E adder_3=0AV adder_4=0DL adder_5=0AV adder_6=073 adder_7=02E
sc_cfg1384,-6891.1554,-6871.4356,11.818916,11.791529,0.2317,16.65,108.402,6512,mult_0=AQ1 mult_2=5FA mult_3=HGY mult_4=DAE mult_5=AQ1 mult_6=5FA mult_7=5FA mult_8=GPF adder_0=0DL adder_3=0DL adder_6=0M0 adder_7=0M0
sc_cfg1385,-13223.6788,-13227.7545,22.525654,22.535308,0.0429,17.77,59.995,3377,mult_1=HGY mult_5=CK3 mult_8=5FA adder_0=0EM adder_1=0MH adder_2=0GK adder_3=0AV adder_6=0GK
sc_cfg1386,-6879.6905,-6878.4440,11.780518,11.782775,0.0192,19.10,26.463,1386,mult_0=HGY mult_5=GPF mult_7=DAE
sc_cfg1387,-15957.4105,-15978.7367,26.362486,26.399562,0.1406,15.16,137.971,9099,mult_0=DAE mult_1=5FA mult_2=CK3 mult_3=HGY mult_4=HGY mult_5=5FA mult_6=F6B mult_7=5FA mult_8=AQ1 adder_0=073 adder_1=0DL adder_2=0EM adder_3=0AV adder_4=0M0 adder_5=0EM adder_6=0GK adder_7=0Q7
sc_cfg1388,-16729.9724,-16749.6922,28.511081,28.553833,0.1499,17.82,56.756,3186,mult_2=DAE mult_4=5FA mult_6=8VH adder_1=0MH adder_2=0MH adder_3=02E adder_6=073 adder_7=073
sc_cfg1389,-11248.6607,-11245.5003,18.382515,18.377349,0.0281,16.41,108.069,6587,mult_0=5FA mult_2=AQ1 mult_5=HGY mult_6=GPF mult_7=5FA mult_8=HGP adder_0=0AV adder_2=0DL adder_3=0AV adder_4=0Q7 adder_5=0EM adder_6=0M0 adder_7=0DL
sc_cfg1390,-23434.4409,-13629.9276,38.368953,31.512771,17.8691,17.10,76.203,4455,mult_1=CK3 mult_3=CK3 mult_4=AQ1 mult_7=5FA mult_8=HGY adder_1=0DL adder_2=0MH adder_3=0AV adder_4=02E adder_5=073 adder_6=0MH
sc_cfg1391,-11049.2857,-10769.8139,18.210099,17.834965,2.0600,17.51,61.939,3537,mult_0=F6B mult_2=DAE mult_3=HGP mult_6=8VH adder_0=0M0 adder_3=0DL adder_4=0DL adder_6=0GK adder_7=0Q7
sc_cfg1392,-15680.7462,-17537.5400,27.330287,30.796189,12.6815,15.36,123.612,8050,mult_0=AQ1 mult_1=5FA mult_2=HGP mult_3=HGY mult_4=8VH mult_5=DAE mult_6=F6B mult_7=GPF mult_8=DAE adder_0=0AV adder_1=0GK adder_2=0MH adder_3=0M0 adder_4=0Q7 adder_5=02E adder_6=0GK adder_7=0AV
sc_cfg1393,-12470.2845,-10090.1957,22.107012,19.331974,12.5528,17.54,58.847,3355,mult_0=HGP mult_4=HGP mult_6=F6B mult_8=GPF adder_0=02E adder_1=0M0 adder_3=0EM adder_6=02E adder_7=02E
sc_cfg1394,-25139.7492,-24310.8770,40.806596,39.538722,3.1070,16.38,99.747,6088,mult_0=CK3 mult_2=5FA mult_3=GPF mult_4=CK3 mult_5=8VH mult_6=GPF mult_8=F6B adder_0=073 adder_1=0M0 adder_4=0EM adder_5=0Q7 adder_6=02E adder_7=0GK
sc_cfg1395,-5928.6659,-5349.3639,19.931430,19.793091,0.6941,18.37,51.738,2817,mult_0=AQ1 mult_1=AQ1 mult_8=5FA adder_4=0Q7 adder_5=0MH adder_6=0GK
sc_cfg1396,-2386.2731,-2377.1441,4.140000,4.127927,0.2916,18.65,32.510,1744,mult_6=AQ1 mult_7=HGP mult_8=DAE adder_1=0Q7
sc_cfg1397,-6742.4008,-6744.1180,11.593112,11.597171,0.0350,18.51,43.239,2336,mult_1=AQ1 mult_5=CK3 mult_8=F6B adder_1=0AV adder_4=0M0
sc_cfg1398,-5261.5095,-5258.8210,9.121762,9.124647,0.0316,18.62,43.057,2313,mult_2=CK3 mult_5=AQ1 mult_8=GPF adder_0=0Q7 adder_6=0GK
sc_cfg1399,-892.1024,-893.1766,1.579797,1.580999,0.0761,19.24,18.641,969,mult_8=HGP adder_4=0Q7
sc_cfg1400,-14694.5167,-14755.9105,23.746140,23.838268,0.3880,16.71,98.947,5922,mult_1=AQ1 mult_2=CK3 mult_3=5FA mult_5=8VH mult_6=8VH mult_7=AQ1 mult_8=F6B adder_1=0M0 adder_3=0GK adder_4=0DL adder_5=0AV adder_6=0Q7
sc_cfg1401,-8157.1706,-13722.6398,20.681127,26.418342,27.7413,17.20,60.133,3496,mult_0=8VH mult_1=HGY mult_3=CK3 mult_5=F6B adder_1=0DL adder_2=02E adder_3=02E adder_4=0MH adder_5=0Q7 adder_7=02E
sc_cfg1402,-12899.5207,-16004.4841,31.604605,31.269275,1.0610,16.94,75.354,4448,mult_2=DAE mult_3=5FA mult_6=8VH mult_7=HGY adder_0=073 adder_1=0AV adder_2=0DL adder_3=073 adder_4=0Q7 adder_6=0MH adder_7=0MH
sc_cfg1403,-13393.0634,-13772.3926,21.834670,22.443034,2.7862,16.76,86.174,5141,mult_2=DAE mult_3=DAE mult_4=GPF mult_6=HGP mult_7=CK3 mult_8=GPF adder_1=0EM adder_2=0GK adder_3=0M0 adder_4=0M0 adder_5=0GK adder_6=073
sc_cfg1404,-29061.2875,-29097.7052,45.964100,46.026642,0.1361,15.13,118.500,7834,mult_0=5FA mult_1=F6B mult_2=HGY mult_3=8VH mult_4=CK3 mult_5=GPF mult_6=HGP mult_7=HGP mult_8=5FA adder_0=0GK adder_1=073 adder_2=0MH adder_3=0Q7 adder_4=0DL adder_5=0M0 adder_6=0M0 adder_7=0DL
sc_cfg1405,-1629.3728,-1621.4992,5.355337,5.342575,0.2383,18.53,39.378,2125,mult_6=F6B mult_7=GPF adder_2=073 adder_3=0Q7 adder_6=0Q7
sc_cfg1406,-66.8427,-65.7012,0.650999,0.649690,0.2011,18.20,47.002,2582,mult_0=AQ1 mult_8=5FA adder_0=0EM adder_1=0DL adder_4=0DL adder_7=0Q7
sc_cfg1407,-4622.4654,-4620.7691,8.514244,8.520735,0.0762,18.71,25.086,1340,mult_2=8VH adder_0=0M0 adder_2=0GK adder_6=0GK
sc_cfg1408,-28552.6900,-20627.2996,45.443455,36.589841,19.4827,17.42,53.588,3076,mult_3=GPF mult_5=8VH mult_6=AQ1 mult_7=HGY adder_2=0MH adder_4=02E adder_5=0MH adder_6=0DL adder_7=0MH
sc_cfg1409,-278.0918,-277.1432,0.679676,0.679000,0.0995,19.20,20.430,1064,mult_0=DAE adder_7=0DL
sc_cfg1410,-893.3876,-891.8181,1.581266,1.579391,0.1186,19.56,11.557,591,mult_0=8VH
sc_cfg1411,-4078.9094,-4075.4574,7.220585,7.220521,0.0009,19.47,15.095,775,mult_2=CK3
sc_cfg1412,-22486.9680,-27082.6666,36.302769,43.198549,18.9952,16.53,88.754,5369,mult_0=HGP mult_1=HGY mult_2=HGY mult_4=HGY mult_5=GPF mult_7=F6B mult_8=HGP adder_0=073 adder_2=073 adder_3=0Q7 adder_4=0MH adder_6=0EM adder_7=0M0
sc_cfg1413,-3392.4053,-3399.2784,5.705832,5.715157,0.1634,18.17,47.282,2602,mult_1=CK3 mult_8=8VH adder_0=0MH adder_1=0AV adder_4=073 adder_5=073 adder_6=0AV
sc_cfg1414,-6464.0068,-6477.8192,12.198106,12.209870,0.0964,18.71,33.294,1779,mult_1=F6B mult_3=CK3 mult_6=F6B adder_1=0M0
sc_cfg1415,-6628.3145,-7158.4083,11.278502,12.066994,6.9911,17.70,69.245,3912,mult_0=8VH mult_1=HGY mult_2=CK3 mult_3=DAE mult_5=AQ1 mult_6=5FA adder_0=0Q7 adder_4=0GK adder_6=0GK
sc_cfg1416,-876.8026,-875.2291,1.560012,1.558114,0.1217,19.52,14.711,754,mult_0=HGY adder_6=073
sc_cfg1417,-13844.4390,-12678.1395,27.738165,27.301401,1.5746,17.74,69.719,3931,mult_0=HGY mult_4=DAE mult_5=5FA mult_6=HGP mult_7=DAE adder_1=0GK adder_3=0Q7 adder_5=0EM adder_6=0MH
sc_cfg1418,3491.0437,3496.7777,11.273883,11.269682,0.0373,18.66,29.127,1561,mult_6=F6B adder_2=0DL adder_3=02E adder_7=0Q7
sc_cfg1419,-5776.4742,-8188.4545,23.300946,23.083609,0.9327,17.31,63.369,3660,mult_2=CK3 mult_3=CK3 mult_5=HGY mult_7=GPF adder_1=02E adder_2=073 adder_3=0M0 adder_4=073 adder_6=02E adder_7=0MH
sc_cfg1420,-12834.9695,-12815.8121,21.020885,20.994005,0.1279,17.42,57.529,3302,mult_3=8VH mult_6=CK3 mult_7=HGY mult_8=8VH adder_0=02E adder_1=0EM adder_4=0AV adder_5=0AV adder_7=0M0
sc_cfg1421,-876.2000,-874.6065,1.559209,1.557270,0.1243,19.26,17.013,883,mult_0=F6B adder_2=073
sc_cfg1422,-9943.8340,-9948.1921,16.500882,16.507173,0.0381,19.22,19.599,1020,mult_5=GPF mult_6=HGP
sc_cfg1423,-975.6048,-950.8490,6.852840,6.855018,0.0318,18.42,39.924,2168,mult_6=5FA mult_7=HGP adder_0=0MH adder_2=0EM adder_5=0GK
sc_cfg1424,-1944.5327,-1946.3919,4.071146,4.076864,0.1405,18.77,35.979,1917,mult_1=8VH mult_5=5FA adder_4=0M0 adder_6=0GK
sc_cfg1425,17.5299,17.7734,0.130361,0.130279,0.0633,19.20,21.318,1110,adder_5=0M0 adder_6=0Q7
sc_cfg1426,-9372.1335,-9344.0758,15.456606,15.415384,0.2667,17.73,59.621,3363,mult_2=5FA mult_3=8VH mult_7=HGY mult_8=HGP adder_0=073 adder_2=073 adder_6=0AV adder_7=0GK
sc_cfg1427,226.6533,-562.1260,8.576229,8.984186,4.7568,18.53,41.500,2239,mult_1=F6B mult_3=DAE mult_5=AQ1 mult_8=8VH adder_4=02E
sc_cfg1428,-8987.7016,-9435.3206,17.168616,17.604459,2.5386,16.65,98.208,5899,mult_0=AQ1 mult_2=5FA mult_3=CK3 mult_6=AQ1 mult_7=CK3 mult_8=AQ1 adder_2=0DL adder_3=0MH adder_4=0Q7 adder_5=02E adder_6=0EM adder_7=0EM
sc_cfg1429,-236.4790,-226.9737,7.022236,7.044846,0.3220,18.40,31.063,1688,mult_0=HGY mult_3=F6B adder_0=0MH adder_1=073 adder_7=0DL
sc_cfg1430,-29546.9206,-30997.4145,46.630943,48.808556,4.6699,15.12,111.734,7392,mult_0=F6B mult_1=F6B mult_2=GPF mult_3=CK3 mult_4=HGY mult_5=8VH mult_6=HGY mult_7=F6B mult_8=8VH adder_0=0EM adder_1=0AV adder_2=02E adder_3=0M0 adder_4=0Q7 adder_5=0EM adder_6=0AV adder_7=0GK
sc_cfg1431,-8285.7379,-6355.5317,16.579986,14.332742,13.5540,18.19,43.973,2418,mult_1=DAE mult_4=HGP adder_0=02E adder_1=073 adder_4=0GK adder_5=0EM adder_6=02E
sc_cfg1432,-9292.3675,-9227.3639,15.689306,15.601212,0.5615,16.69,81.314,4871,mult_0=AQ1 mult_1=HGY mult_4=5FA mult_5=8VH mult_7=8VH adder_0=02E adder_1=073 adder_2=0EM adder_3=073 adder_5=0DL adder_6=0EM adder_7=0Q7
sc_cfg1433,-11897.0951,-11914.0266,19.852050,19.884062,0.1613,18.29,43.212,2363,mult_0=AQ1 mult_2=AQ1 mult_5=8VH adder_1=0EM adder_2=0MH adder_5=0EM
sc_cfg1434,-4899.1006,-4894.4181,8.370697,8.367518,0.0380,18.99,27.852,1467,mult_0=F6B mult_2=GPF adder_0=0M0
sc_cfg1435,-20281.2919,-20487.1415,32.452009,32.761110,0.9525,15.79,112.807,7144,mult_0=5FA mult_1=CK3 mult_2=GPF mult_3=CK3 mult_4=8VH mult_5=DAE mult_8=F6B adder_0=0MH adder_1=02E adder_2=0AV adder_3=0GK adder_4=0AV adder_5=0GK adder_6=0AV adder_7=0M0
sc_cfg1436,-10786.9684,-10786.3428,17.778625,17.777768,0.0048,17.83,61.181,3430,mult_0=F6B mult_1=CK3 mult_4=F6B mult_5=GPF mult_8=8VH adder_1=0AV adder_3=0M0 adder_4=0Q7
sc_cfg1437,-24454.3965,-18974.3502,39.629651,32.591264,17.7604,15.46,111.101,7187,mult_0=HGP mult_1=8VH mult_2=5FA mult_3=HGP mult_4=CK3 mult_6=CK3 mult_7=GPF mult_8=F6B adder_0=0DL adder_1=0M0 adder_2=0M0 adder_3=0EM adder_4=02E adder_5=0AV adder_6=0DL adder_7=02E
sc_cfg1438,-16443.0331,-16467.2814,26.966339,26.996585,0.1122,16.58,78.586,4741,mult_1=CK3 mult_2=F6B mult_3=HGY mult_4=HGY mult_6=5FA mult_7=HGY mult_8=AQ1 adder_0=0MH adder_1=0Q7 adder_2=0GK adder_5=0Q7 adder_7=073
sc_cfg1439,-9928.3902,-10112.3080,19.654545,19.707411,0.2690,16.38,95.641,5840,mult_0=CK3 mult_1=5FA mult_2=CK3 mult_3=DAE mult_4=DAE mult_5=HGP mult_6=DAE adder_0=0MH adder_1=0EM adder_3=0Q7 adder_5=02E adder_6=073 adder_7=0GK
sc_cfg1440,-1727.1671,-1733.0833,9.786660,9.800446,0.1409,18.63,28.786,1545,mult_4=F6B mult_7=HGP adder_4=02E adder_5=0Q7
sc_cfg1441,-14094.7639,-9199.4496,28.909801,25.230822,12.7257,18.21,38.077,2091,mult_3=8VH mult_6=F6B adder_1=0M0 adder_2=073 adder_4=02E adder_5=0MH
sc_cfg1442,-12616.3589,-10301.5800,29.144491,24.067743,17.4192,17.21,70.119,4075,mult_1=GPF mult_2=AQ1 mult_5=8VH mult_7=F6B mult_8=F6B adder_1=02E adder_2=02E adder_3=02E adder_4=0Q7 adder_7=0MH
sc_cfg1443,-2163.8351,-2167.8068,3.832995,3.836563,0.0931,19.38,8.768,453,mult_1=HGY
sc_cfg1444,-20175.5743,-22134.8903,39.167988,39.600238,1.1036,16.46,105.433,6407,mult_0=CK3 mult_2=5FA mult_4=CK3 mult_5=DAE mult_6=AQ1 mult_7=5FA mult_8=8VH adder_0=0M0 adder_2=0EM adder_3=0MH adder_4=0DL adder_6=0MH adder_7=0MH
sc_cfg1445,-3667.5718,-3716.0406,9.296505,9.337272,0.4385,17.98,51.510,2864,mult_0=F6B mult_4=DAE mult_7=AQ1 mult_8=HGP adder_3=0MH adder_4=0GK adder_7=073
sc_cfg1446,-5141.1546,-5126.3661,9.284589,9.265155,0.2093,17.68,56.458,3194,mult_1=DAE mult_4=F6B mult_6=HGY adder_0=0M0 adder_1=0EM adder_5=073 adder_6=0M0 adder_7=0M0
sc_cfg1447,-16098.3441,-16107.4435,25.789336,25.801425,0.0469,16.85,76.260,4526,mult_1=GPF mult_2=F6B mult_3=CK3 mult_6=HGY adder_1=0MH adder_2=073 adder_3=0AV adder_4=0AV adder_5=0EM adder_6=0AV adder_7=073
sc_cfg1448,1540.4855,-922.5811,14.078040,13.251768,5.8692,16.90,86.725,5130,mult_1=DAE mult_2=GPF mult_4=F6B mult_5=5FA mult_6=DAE adder_0=0DL adder_1=0DL adder_2=0M0 adder_3=0Q7 adder_6=0EM adder_7=0MH
sc_cfg1449,-23565.6224,-17922.5303,42.248711,35.445211,16.1035,16.66,88.455,5308,mult_0=5FA mult_1=F6B mult_2=HGY mult_3=F6B mult_4=HGP mult_6=AQ1 mult_8=8VH adder_1=073 adder_2=0Q7 adder_5=0MH adder_6=0DL adder_7=0MH
sc_cfg1450,-11495.7513,-11516.2139,18.938562,18.967691,0.1538,18.01,48.906,2715,mult_0=F6B mult_4=HGY mult_6=HGY adder_0=0M0 adder_1=0EM adder_4=0M0 adder_6=0Q7
sc_cfg1451,163.0036,169.8022,3.295501,3.294025,0.0448,19.37,12.987,670,adder_0=02E
sc_cfg1452,-18208.1584,-18215.0712,29.580157,29.597324,0.0580,18.22,47.655,2615,mult_2=HGY mult_4=8VH mult_5=GPF mult_6=F6B mult_7=8VH adder_2=0DL
sc_cfg1453,-13235.6516,-13355.4352,22.924916,23.096083,0.7466,17.56,65.406,3725,mult_0=F6B mult_2=CK3 mult_5=GPF mult_7=HGY mult_8=HGY adder_0=0GK adder_1=02E adder_5=0GK adder_6=0M0
sc_cfg1454,95.2874,90.0074,0.201934,0.198357,1.7710,18.23,39.473,2165,adder_2=0AV adder_3=073 adder_4=0M0 adder_5=073 adder_7=073
sc_cfg1455,-4299.2916,-4296.3789,7.519760,7.519589,0.0023,19.20,17.135,892,mult_0=DAE mult_2=HGY
sc_cfg1456,-13270.8691,-13733.5490,23.146459,23.900867,3.2593,17.63,59.873,3396,mult_1=HGP mult_2=HGP mult_4=CK3 mult_8=GPF adder_0=0M0 adder_3=0EM adder_4=0EM adder_5=0GK adder_6=02E
sc_cfg1457,-8958.3378,-8969.0816,15.058151,15.076261,0.1203,18.57,44.915,2419,mult_1=GPF mult_4=CK3 mult_6=AQ1 adder_0=0DL adder_6=0M0
sc_cfg1458,1434.7028,1420.8460,8.883931,8.892489,0.0963,19.45,12.223,629,adder_4=02E
sc_cfg1459,-21000.1143,-21018.6085,33.437965,33.462785,0.0742,17.94,60.204,3355,mult_0=HGP mult_1=GPF mult_3=HGY mult_4=CK3 mult_7=F6B mult_8=5FA adder_3=0MH
sc_cfg1460,-6865.7851,-6863.2218,12.194563,12.188403,0.0505,19.15,21.502,1123,mult_3=HGP mult_4=F6B
sc_cfg1461,-12666.6543,-25553.5130,24.946267,45.427243,82.1004,15.49,111.206,7177,mult_0=AQ1 mult_1=F6B mult_2=AQ1 mult_4=GPF mult_5=GPF mult_6=HGP mult_7=AQ1 mult_8=HGY adder_0=0MH adder_1=0DL adder_2=073 adder_3=0GK adder_4=073 adder_5=0GK adder_6=0MH adder_7=02E
sc_cfg1462,-6223.4177,-6223.5849,10.859935,10.860142,0.0019,18.56,46.821,2523,mult_0=5FA mult_2=8VH mult_5=F6B mult_8=HGY adder_3=0AV
sc_cfg1463,-12791.8618,-12800.0301,20.946805,20.960794,0.0668,17.75,55.842,3146,mult_0=F6B mult_3=HGP mult_5=GPF adder_0=0AV adder_1=0Q7 adder_2=0DL adder_3=0EM adder_5=0M0
sc_cfg1464,-1173.6866,-1173.7711,2.274887,2.273947,0.0413,19.37,9.515,491,adder_7=0GK
sc_cfg1465,-9.8981,-5.0542,2.019617,2.019685,0.0034,18.35,57.382,3127,mult_4=5FA mult_8=DAE adder_0=0M0 adder_4=0GK adder_5=0EM adder_6=0EM
sc_cfg1466,-12353.6402,-13333.9908,23.105943,24.355099,5.4062,17.04,51.959,3049,mult_2=HGY mult_4=HGY adder_0=073 adder_1=02E adder_2=0Q7 adder_3=0GK adder_4=02E adder_5=0M0 adder_6=02E adder_7=0M0
sc_cfg1467,-4088.9541,-4092.9911,7.248587,7.256456,0.1086,19.12,17.675,924,mult_6=GPF adder_1=0DL
sc_cfg1468,-692.0402,-686.2103,3.545093,3.538134,0.1963,18.36,41.497,2260,mult_3=5FA mult_8=F6B adder_0=02E adder_5=0EM adder_7=073
sc_cfg1469,-2195.7317,-2187.7457,9.443396,9.415858,0.2916,18.42,46.348,2516,mult_4=5FA mult_7=F6B mult_8=8VH adder_1=0Q7 adder_6=02E
sc_cfg1470,-14163.9705,-14062.9410,25.049817,24.933475,0.4644,16.58,77.625,4681,mult_0=AQ1 mult_1=HGY mult_3=F6B mult_5=HGY mult_6=HGP mult_7=8VH mult_8=HGY adder_1=02E adder_4=073 adder_5=073 adder_6=0DL adder_7=0M0
sc_cfg1471,-7062.9426,-8535.0411,20.911356,22.275275,6.5224,17.98,52.942,2944,mult_1=5FA mult_7=HGP mult_8=HGY adder_0=0GK adder_2=0M0 adder_4=0M0 adder_5=0MH
sc_cfg1472,-6730.7663,-6149.6684,16.771841,16.364365,2.4295,16.56,91.010,5497,mult_1=DAE mult_4=GPF mult_7=DAE mult_8=AQ1 adder_0=0Q7 adder_1=02E adder_2=073 adder_3=0EM adder_4=0EM adder_5=0EM adder_6=073 adder_7=02E
sc_cfg1473,-11797.3026,-11805.6737,19.522585,19.536535,0.0715,18.37,50.023,2722,mult_3=CK3 mult_5=8VH adder_0=0DL adder_5=0AV adder_6=0Q7 adder_7=0DL
sc_cfg1474,-16853.7062,-16874.6911,27.306714,27.343246,0.1338,17.95,52.065,2901,mult_2=8VH mult_4=HGY mult_5=HGP adder_1=0EM adder_3=0GK adder_4=0AV adder_6=0AV adder_7=0Q7
sc_cfg1475,-15073.3289,-15121.6779,25.943336,26.046966,0.3994,16.52,105.602,6392,mult_1=AQ1 mult_3=GPF mult_4=GPF mult_5=DAE mult_7=GPF mult_8=DAE adder_0=0GK adder_1=0M0 adder_3=0EM adder_4=0Q7 adder_5=0Q7 adder_6=02E adder_7=0AV
sc_cfg1476,-8648.1536,-8616.1860,16.590151,16.556117,0.2051,16.34,90.141,5515,mult_0=HGY mult_1=CK3 mult_2=AQ1 mult_4=AQ1 mult_5=AQ1 mult_6=GPF mult_8=DAE adder_0=02E adder_1=02E adder_2=0Q7 adder_3=073 adder_4=073 adder_7=073
sc_cfg1477,256.2387,-1843.3509,16.124770,15.286327,5.1997,17.90,86.938,4856,mult_3=F6B mult_5=HGP mult_6=5FA adder_0=0MH adder_1=0Q7 adder_6=073 adder_7=0MH
sc_cfg1478,-5660.0784,-5659.8343,10.635115,10.632688,0.0228,19.00,25.198,1326,mult_3=GPF adder_0=02E adder_4=0M0
sc_cfg1479,15.2459,15.1712,0.071284,0.071211,0.1025,19.25,36.849,1914,mult_5=5FA adder_4=073
sc_cfg1480,-17383.6066,-17405.9838,28.016105,28.050213,0.1217,17.43,212.941,12220,mult_2=5FA mult_4=HGY mult_5=CK3 mult_6=HGP mult_7=AQ1 mult_8=8VH adder_0=0DL adder_2=0MH adder_3=0AV
sc_cfg1481,-2782.4857,-2788.4113,8.469071,8.473691,0.0546,19.48,29.958,1538,mult_1=F6B adder_3=0MH
sc_cfg1482,-12354.6753,-12350.9875,20.166788,20.161128,0.0281,17.28,88.037,5094,mult_1=HGY mult_2=DAE mult_3=HGY mult_6=HGY mult_8=5FA adder_0=0EM adder_2=073 adder_5=0GK adder_6=0Q7 adder_7=0Q7
sc_cfg1483,-1398.6550,-1359.2864,9.326432,9.324627,0.0194,19.20,21.379,1113,mult_6=DAE adder_1=02E
sc_cfg1484,-6760.1166,-6766.5240,11.617245,11.625164,0.0682,18.71,50.365,2692,mult_3=8VH mult_5=5FA mult_8=CK3 adder_4=0AV adder_6=0EM
sc_cfg1485,-8570.8513,-8580.5929,15.909531,15.919172,0.0606,18.30,57.870,3162,mult_1=F6B mult_3=HGP mult_6=5FA adder_3=0MH adder_4=073 adder_5=0Q7 adder_6=0M0
sc_cfg1486,3.4636,3.4399,0.037619,0.037663,0.1172,19.42,18.388,947,mult_8=5FA
sc_cfg1487,-9124.6756,-9098.4019,17.828421,17.799512,0.1621,17.68,59.235,3350,mult_1=DAE mult_3=HGY mult_5=DAE mult_6=GPF adder_0=0GK adder_1=0AV adder_2=02E adder_7=0DL
sc_cfg1488,-16496.3856,-20400.4588,26.396722,33.025352,25.1116,17.50,72.712,4155,mult_0=F6B mult_2=HGY mult_3=GPF mult_6=GPF mult_8=AQ1 adder_0=0M0 adder_2=0EM adder_3=0Q7 adder_4=0MH
sc_cfg1489,-2475.0525,-2457.7907,9.527005,9.492456,0.3626,19.13,34.613,1809,mult_1=DAE mult_7=GPF adder_2=0DL adder_6=02E
sc_cfg1490,-9316.9218,-9421.2912,17.850310,17.986676,0.7639,16.46,124.604,7571,mult_0=5FA mult_1=DAE mult_2=5FA mult_4=5FA mult_5=CK3 mult_6=GPF mult_8=8VH adder_1=0Q7 adder_2=073 adder_3=0Q7 adder_4=02E adder_6=0AV adder_7=073
sc_cfg1491,-1489.7815,-1451.3454,9.409525,9.407591,0.0206,18.81,19.593,1042,adder_1=02E adder_2=0M0 adder_4=0GK
sc_cfg1492,-5567.9686,-5550.0702,11.529325,11.505272,0.2086,19.42,8.052,415,adder_4=0MH
sc_cfg1493,-1263.5770,-1259.6367,2.942233,2.938606,0.1233,19.22,27.601,1436,mult_1=DAE mult_7=F6B
sc_cfg1494,-876.8026,-875.2291,1.560012,1.558114,0.1217,19.20,21.247,1106,mult_0=HGP adder_6=073
sc_cfg1495,-3952.0339,-4050.0990,10.694208,10.739107,0.4198,18.05,60.313,3342,mult_0=HGY mult_1=CK3 mult_4=AQ1 mult_8=HGY adder_0=02E adder_1=0Q7 adder_4=0M0 adder_6=02E
sc_cfg1496,-8178.2855,-8119.8967,17.433622,17.364555,0.3962,18.03,59.173,3283,mult_1=8VH mult_7=8VH adder_0=073 adder_1=0MH adder_2=02E adder_3=0Q7 adder_4=073 adder_7=0EM
sc_cfg1497,-12224.5700,-12262.2464,21.235160,21.294005,0.2771,17.87,63.967,3579,mult_0=8VH mult_3=AQ1 mult_4=CK3 mult_6=5FA adder_0=0Q7 adder_1=0MH adder_3=0DL adder_5=0GK
sc_cfg1498,-9139.9458,-9103.7446,17.666659,17.642707,0.1356,16.53,93.997,5686,mult_0=DAE mult_1=AQ1 mult_3=AQ1 mult_4=DAE mult_5=8VH mult_6=CK3 mult_8=HGP adder_0=073 adder_1=0Q7 adder_2=02E adder_3=0AV adder_4=0AV adder_6=0GK
sc_cfg1499,-9152.4454,-7211.3305,17.899565,15.491248,13.4546,16.35,109.258,6684,mult_0=F6B mult_1=AQ1 mult_2=F6B mult_3=5FA mult_4=HGY mult_6=5FA mult_7=HGP mult_8=5FA adder_2=0EM adder_4=0GK adder_5=0EM adder_6=0GK adder_7=02E
sc_cfg1500,-4463.6186,-4455.5478,10.347427,10.346653,0.0075,19.18,25.606,1335,mult_2=5FA adder_1=0MH
sc_cfg1501,-26511.5596,-25437.9344,42.364669,43.939705,3.7178,16.54,105.326,6370,mult_1=CK3 mult_2=HGP mult_3=AQ1 mult_4=DAE mult_5=HGY mult_6=CK3 mult_7=F6B mult_8=8VH adder_1=0M0 adder_2=0Q7 adder_3=0AV adder_4=0AV adder_5=0AV adder_6=0MH
sc_cfg1502,-14643.7576,-14668.8215,24.536083,24.580922,0.1827,18.22,54.612,2998,mult_1=CK3 mult_2=HGP mult_4=DAE mult_6=DAE mult_8=F6B adder_2=0MH adder_4=0DL
sc_cfg1503,-6216.7064,-6222.1920,10.859527,10.867399,0.0725,18.37,54.573,2971,mult_5=F6B mult_6=HGY mult_8=GPF adder_1=0Q7 adder_4=0M0 adder_5=0AV adder_6=0DL
sc_cfg1504,-9790.8946,-12260.1837,24.423998,23.076904,5.5155,15.82,113.296,7163,mult_0=8VH mult_1=F6B mult_2=HGY mult_3=5FA mult_4=F6B mult_5=CK3 mult_6=5FA mult_8=HGY adder_1=0EM adder_2=0M0 adder_3=0EM adder_4=0EM adder_5=0GK adder_6=0EM adder_7=0MH
sc_cfg1505,-24273.7963,-17535.2936,42.215300,34.998248,17.0958,16.23,92.293,5688,mult_0=F6B mult_2=5FA mult_3=GPF mult_4=DAE mult_5=HGY mult_6=AQ1 mult_7=HGY adder_0=0GK adder_2=0EM adder_3=0MH adder_4=073 adder_5=0MH adder_6=0DL adder_7=0MH
sc_cfg1506,16.4431,16.4495,0.129774,0.129912,0.1066,19.46,9.405,483,adder_2=0M0
sc_cfg1507,-8743.9740,-8759.5068,14.781779,14.806316,0.1660,17.43,60.886,3494,mult_0=DAE mult_3=CK3 mult_7=HGP adder_0=02E adder_1=0DL adder_2=073 adder_4=0AV adder_6=0M0 adder_7=073
sc_cfg1508,-106.8304,-107.0149,8.370929,8.380528,0.1147,19.36,7.839,405,adder_5=02E
sc_cfg1509,-23544.1228,-23547.8773,37.257672,37.264359,0.0179,16.80,90.106,5364,mult_1=CK3 mult_2=8VH mult_3=CK3 mult_5=GPF mult_6=8VH mult_7=5FA mult_8=CK3 adder_0=0GK adder_1=073 adder_3=0DL adder_5=073 adder_7=0GK
sc_cfg1510,-12294.4495,-12308.9715,20.184139,20.207952,0.1180,17.93,44.670,2492,mult_0=HGY mult_2=GPF mult_4=HGP mult_8=8VH adder_2=0GK adder_3=0Q7 adder_6=0DL
sc_cfg1511,-6280.4981,-10653.2614,28.772582,29.078546,1.0634,15.51,112.007,7222,mult_1=CK3 mult_2=HGY mult_3=DAE mult_4=5FA mult_5=AQ1 mult_6=CK3 mult_7=CK3 mult_8=F6B adder_0=0M0 adder_1=0MH adder_2=0DL adder_3=0EM adder_4=02E adder_5=0M0 adder_6=0MH adder_7=0DL
sc_cfg1512,-28549.9941,-20644.4405,45.461802,35.282382,22.3911,15.59,110.806,7105,mult_0=5FA mult_1=HGY mult_2=AQ1 mult_3=GPF mult_4=HGP mult_5=5FA mult_6=HGY mult_7=8VH adder_0=0DL adder_1=0MH adder_2=0AV adder_3=02E adder_4=0M0 adder_5=0AV adder_6=0EM adder_7=0MH
sc_cfg1513,-7371.1383,-8366.9439,14.325946,16.008350,11.7438,16.62,76.563,4606,mult_0=F6B mult_1=HGY mult_6=DAE mult_8=GPF adder_0=0Q7 adder_1=02E adder_2=0DL adder_3=0Q7 adder_4=02E adder_5=0AV adder_6=0M0 adder_7=073
sc_cfg1514,-2038.6028,-2031.3434,3.902711,3.893882,0.2262,19.26,22.093,1147,mult_0=F6B mult_7=F6B
sc_cfg1515,-11364.8417,-11382.6457,19.632070,19.766971,0.6871,17.76,70.337,3961,mult_3=5FA mult_4=GPF mult_5=F6B mult_7=AQ1 mult_8=F6B adder_0=02E adder_3=02E adder_5=0GK
sc_cfg1516,-1589.8003,-1586.4321,3.562579,3.556823,0.1616,17.83,49.300,2766,mult_6=AQ1 mult_8=HGP adder_1=0EM adder_2=0GK adder_5=073 adder_6=0Q7 adder_7=0GK
sc_cfg1517,-6201.4898,-4581.3282,13.066775,11.312402,13.4262,18.64,45.554,2444,mult_2=HGY mult_5=5FA adder_3=0M0 adder_4=0GK adder_6=02E
sc_cfg1518,-9460.0655,-9480.8920,15.840367,15.863326,0.1449,18.00,55.352,3075,mult_1=GPF mult_3=HGY mult_8=CK3 adder_0=0Q7 adder_2=0GK adder_6=0GK adder_7=0AV
sc_cfg1519,-316.9050,-325.7573,4.435351,4.417710,0.3977,18.20,45.130,2479,mult_0=F6B mult_2=F6B adder_0=0AV adder_2=0M0 adder_6=0M0 adder_7=0M0
sc_cfg1520,-2751.0814,-2753.0249,6.344966,6.339264,0.0899,19.29,21.235,1101,mult_2=AQ1 adder_3=02E
sc_cfg1521,-17747.8160,-17723.6655,28.244071,28.211059,0.1169,16.65,90.745,5450,mult_0=8VH mult_1=CK3 mult_2=HGP mult_3=GPF mult_6=HGY mult_8=CK3 adder_1=073 adder_2=0DL adder_3=0DL adder_4=0M0 adder_6=0EM adder_7=0AV
sc_cfg1522,-13146.6343,-14727.6431,22.232194,24.532434,10.3464,18.13,43.075,2376,mult_1=CK3 mult_5=HGY adder_3=0Q7 adder_4=0MH adder_5=0M0 adder_7=0GK
sc_cfg1523,17.1875,17.2116,0.051437,0.051501,0.1235,19.37,14.087,727,adder_2=073
sc_cfg1524,-14098.9286,-14037.6939,23.088270,22.999415,0.3849,15.73,108.134,6875,mult_0=GPF mult_1=8VH mult_3=AQ1 mult_4=F6B mult_5=HGY mult_6=AQ1 mult_7=8VH mult_8=AQ1 adder_1=0Q7 adder_2=0M0 adder_3=02E adder_4=0EM adder_5=0M0 adder_6=0M0 adder_7=0Q7
sc_cfg1525,-13869.4626,-13864.4636,22.282917,22.277968,0.0222,17.18,72.452,4217,mult_0=F6B mult_3=5FA mult_5=HGY mult_6=CK3 mult_7=8VH mult_8=HGY adder_1=0M0 adder_3=0AV adder_4=0EM adder_7=0EM
sc_cfg1526,-3118.7493,-3108.8116,5.230883,5.218489,0.2369,18.19,46.575,2561,mult_0=F6B mult_1=5FA mult_7=HGY adder_1=0Q7 adder_6=0EM adder_7=0DL
sc_cfg1527,-869.6173,-870.7336,1.551111,1.552356,0.0803,18.82,43.151,2293,mult_2=5FA mult_5=5FA mult_8=HGP adder_1=0Q7
sc_cfg1528,-5880.0272,-5878.0198,11.011557,11.008909,0.0241,16.35,129.854,7941,mult_0=HGY mult_1=CK3 mult_2=5FA mult_3=F6B mult_4=5FA mult_5=DAE mult_6=F6B mult_7=8VH mult_8=5FA adder_0=0AV adder_3=0DL adder_4=0EM adder_6=0AV
sc_cfg1529,-6589.5761,-6555.9689,13.123966,13.085741,0.2913,17.90,61.036,3410,mult_2=GPF mult_3=AQ1 mult_5=DAE mult_8=HGP adder_0=0GK adder_1=0GK adder_3=0MH adder_6=0DL
sc_cfg1530,-4060.8298,-4064.4910,7.200733,7.207536,0.0945,19.24,23.411,1217,mult_2=DAE mult_6=CK3
sc_cfg1531,-10471.7423,-10046.8592,19.163208,18.577915,3.0543,17.25,74.193,4302,mult_0=HGY mult_1=GPF mult_4=CK3 mult_7=GPF mult_8=CK3 adder_0=02E adder_2=0GK adder_4=0EM adder_5=0AV adder_7=02E
sc_cfg1532,-6862.2676,-6716.8303,14.111108,13.932302,1.2671,17.82,76.557,4297,mult_0=F6B mult_1=5FA mult_6=HGY mult_8=8VH adder_0=0Q7 adder_2=073 adder_3=02E adder_6=02E
sc_cfg1533,-5860.6176,-5863.9464,9.744221,9.750747,0.0670,18.44,46.706,2532,mult_0=8VH mult_6=GPF mult_8=GPF adder_2=0EM adder_3=0EM
sc_cfg1534,-18711.2768,-18514.9277,31.155345,30.982523,0.5547,17.41,63.557,3650,mult_0=DAE mult_1=HGY mult_2=HGY mult_4=CK3 mult_5=8VH adder_0=02E adder_1=0DL adder_2=0AV adder_3=0M0 adder_5=02E
sc_cfg1535,-13422.7133,-15143.9372,24.155525,31.132880,28.8851,18.05,57.419,3182,mult_0=AQ1 mult_1=F6B mult_4=8VH mult_5=AQ1 mult_6=GPF adder_5=0MH adder_7=02E
sc_cfg1536,-2517.6130,-9074.0508,18.705060,21.603565,15.4958,16.77,85.874,5122,mult_1=HGP mult_2=DAE mult_3=F6B mult_6=CK3 mult_7=HGY adder_0=0Q7 adder_1=0MH adder_2=0EM adder_3=0DL adder_4=0AV adder_5=02E adder_7=0MH
sc_cfg1537,-12076.7508,-12042.2029,21.739707,21.695553,0.2031,18.32,56.269,3072,mult_1=HGY mult_3=CK3 mult_5=HGY mult_8=5FA adder_2=02E adder_6=0Q7 adder_7=0AV
sc_cfg1538,-6931.4384,-4957.4209,14.915055,12.831297,13.9708,16.96,82.849,4885,mult_1=GPF mult_5=F6B mult_6=AQ1 mult_7=HGP mult_8=5FA adder_0=02E adder_1=0Q7 adder_3=02E adder_4=0Q7 adder_6=0GK adder_7=02E
sc_cfg1539,-955.1834,-955.2767,1.687754,1.687646,0.0064,18.73,30.179,1612,mult_0=8VH mult_1=DAE adder_1=0M0 adder_3=073
sc_cfg1540,-5211.2874,-5213.3802,9.095759,9.101531,0.0635,17.79,52.325,2941,mult_0=HGP mult_2=HGP mult_3=DAE adder_2=0GK adder_3=0DL adder_4=0Q7 adder_5=0DL
sc_cfg1541,-9798.6586,-9793.3083,18.092927,18.078604,0.0792,17.07,89.497,5243,mult_0=HGY mult_1=CK3 mult_3=DAE mult_4=GPF mult_6=5FA mult_7=AQ1 mult_8=F6B adder_1=073 adder_2=02E adder_5=0AV adder_7=0M0
sc_cfg1542,-6227.3231,-6222.6123,10.837080,10.829938,0.0659,17.74,52.265,2946,mult_1=GPF mult_4=DAE mult_6=HGY mult_8=HGY adder_0=02E adder_1=0Q7 adder_2=073 adder_4=073
sc_cfg1543,-119.5522,-119.2971,0.306950,0.306978,0.0089,19.44,15.486,797,mult_7=DAE
sc_cfg1544,-14547.3866,-11854.2576,27.120948,27.062489,0.2156,17.93,70.019,3906,mult_0=DAE mult_1=8VH mult_3=AQ1 mult_5=5FA adder_0=0MH adder_1=0Q7 adder_3=0MH adder_6=0MH
sc_cfg1545,-8290.6141,-8304.4854,14.027823,14.049266,0.1529,18.62,41.516,2230,mult_5=GPF mult_7=HGP adder_1=0GK adder_2=0M0 adder_6=073
sc_cfg1546,-15715.4134,-21129.3225,26.249428,34.266308,30.5412,17.49,66.143,3781,mult_1=8VH mult_3=HGP mult_4=CK3 mult_8=HGY adder_1=0M0 adder_3=0DL adder_4=0MH adder_5=0EM adder_7=0Q7
sc_cfg1547,-12867.5500,-12459.9556,22.615601,22.210472,1.7914,17.78,69.962,3934,mult_0=GPF mult_4=GPF mult_5=CK3 mult_7=F6B adder_0=0EM adder_4=0Q7 adder_5=0M0 adder_7=02E
sc_cfg1548,-9718.9920,-9714.5567,15.626897,15.620557,0.0406,16.11,109.230,6778,mult_0=F6B mult_1=HGY mult_2=HGP mult_4=5FA mult_6=5FA mult_7=GPF mult_8=AQ1 adder_1=0AV adder_2=0Q7 adder_3=0GK adder_4=0AV adder_5=073 adder_6=073 adder_7=0Q7
sc_cfg1549,-5873.6167,-5875.6415,10.404185,10.409019,0.0465,18.01,56.113,3115,mult_2=AQ1 mult_5=8VH mult_7=5FA adder_0=0EM adder_1=0DL adder_6=0EM adder_7=073
sc_cfg1550,-15786.5155,-15872.0514,25.976265,26.095734,0.4599,16.11,102.834,6382,mult_0=F6B mult_1=F6B mult_2=F6B mult_3=HGP mult_4=HGP mult_5=5FA mult_7=HGP adder_0=0M0 adder_1=0M0 adder_2=0DL adder_3=073 adder_4=0AV adder_6=073 adder_7=0EM
sc_cfg1551,-16264.6336,-16268.2941,26.234433,26.243949,0.0363,16.63,90.915,5467,mult_0=HGP mult_1=HGP mult_4=CK3 mult_5=HGY mult_6=AQ1 mult_7=DAE mult_8=5FA adder_0=0M0 adder_2=0EM adder_5=0AV adder_6=0M0 adder_7=0GK
sc_cfg1552,-19111.4633,-19026.8705,32.036761,35.849974,11.9026,17.43,84.760,4863,mult_1=F6B mult_4=HGY mult_5=5FA mult_6=F6B mult_7=5FA mult_8=CK3 adder_1=0M0 adder_3=0Q7 adder_4=0MH adder_5=0MH adder_6=0AV
sc_cfg1553,-476.3818,-479.3104,2.307909,2.311718,0.1651,18.45,36.967,2003,mult_5=DAE mult_8=DAE adder_0=0DL adder_3=0GK adder_4=0Q7
sc_cfg1554,-3538.2224,-3492.8262,11.039859,10.999142,0.3688,18.31,34.110,1863,mult_2=GPF adder_0=0DL adder_1=0AV adder_2=02E adder_3=073
sc_cfg1555,-7281.6803,-7306.2418,15.019743,15.047913,0.1876,18.22,43.645,2395,mult_0=8VH mult_2=F6B adder_0=0M0 adder_1=0AV adder_2=0MH adder_6=0Q7
sc_cfg1556,-15575.6001,-15531.1813,26.230613,26.171279,0.2262,17.72,59.473,3356,mult_2=GPF mult_5=8VH mult_6=CK3 mult_7=8VH adder_0=0Q7 adder_1=02E adder_4=0M0 adder_5=0M0
sc_cfg1557,-10790.3802,-10787.5877,18.676645,18.686912,0.0550,16.64,103.006,6189,mult_3=5FA mult_4=5FA mult_5=5FA mult_6=8VH mult_7=HGP adder_0=0Q7 adder_1=0MH adder_2=0DL adder_3=0MH adder_4=0AV adder_5=073 adder_7=0DL
sc_cfg1558,-2166.9061,-2184.1191,3.864643,3.886661,0.5697,17.76,58.522,3295,mult_1=HGY mult_3=AQ1 adder_0=0Q7 adder_1=0M0 adder_3=073 adder_4=0DL adder_5=0Q7 adder_7=0AV
sc_cfg1559,-4017.1871,-4013.0264,7.147586,7.147186,0.0056,18.60,42.880,2306,mult_1=5FA mult_2=HGY mult_3=DAE adder_0=0EM adder_3=0Q7
sc_cfg1560,-12901.6648,-10357.7360,23.955108,24.615018,2.7548,18.66,39.028,2091,mult_0=GPF mult_1=CK3 mult_7=AQ1 adder_3=0DL adder_6=0MH
sc_cfg1561,-8192.6314,-8312.8341,16.258201,16.412412,0.9485,18.09,54.807,3029,mult_1=DAE mult_5=HGY mult_7=GPF mult_8=8VH adder_2=0DL adder_3=0GK adder_4=02E adder_7=0AV
sc_cfg1562,-7870.1373,-7878.4382,13.336762,13.352189,0.1157,18.52,37.678,2035,mult_0=CK3 mult_1=F6B mult_5=HGP adder_3=073 adder_4=0AV
sc_cfg1563,-1678.3779,-1692.0409,3.564957,3.585858,0.5863,16.66,83.394,5007,mult_0=8VH mult_3=AQ1 mult_5=DAE mult_6=DAE mult_7=AQ1 mult_8=HGP adder_0=0Q7 adder_1=0Q7 adder_2=0GK adder_3=073 adder_4=0DL adder_5=0EM
sc_cfg1564,-3699.1820,-3624.4412,7.318744,7.225289,1.2769,18.45,54.151,2935,mult_1=5FA mult_4=5FA mult_5=F6B mult_7=HGY adder_0=0GK adder_6=0DL
sc_cfg1565,2063.8241,2056.7485,8.466469,8.457611,0.1046,19.79,9.206,465,adder_7=02E
sc_cfg1566,-4842.4571,-4878.1111,8.314134,8.366963,0.6354,17.48,65.819,3765,mult_0=HGP mult_2=GPF mult_3=DAE mult_7=AQ1 adder_1=0Q7 adder_2=0M0 adder_3=0M0 adder_6=0DL adder_7=0EM
sc_cfg1567,-6591.3920,-6590.3570,11.630127,11.623482,0.0571,18.44,39.737,2155,mult_3=8VH mult_7=5FA adder_1=0GK adder_2=0GK adder_7=0M0
sc_cfg1568,-5867.6486,-5868.1302,10.386036,10.388825,0.0269,19.18,23.853,1244,mult_3=5FA mult_5=8VH
sc_cfg1569,-293.9263,-299.4777,2.138622,2.145242,0.3095,19.13,14.715,769,adder_3=0GK adder_4=0EM
sc_cfg1570,-21296.4923,-24578.7797,34.387685,39.362753,14.4676,17.06,76.711,4496,mult_3=GPF mult_5=HGP mult_6=CK3 mult_7=8VH mult_8=CK3 adder_2=0M0 adder_3=0M0 adder_4=0MH adder_5=0M0 adder_7=0DL
sc_cfg1571,-16652.3786,-16157.8573,27.979158,27.426415,1.9756,17.92,56.247,3138,mult_1=HGY mult_2=HGP mult_4=CK3 mult_8=5FA adder_3=02E adder_4=0GK adder_5=0AV adder_6=02E
sc_cfg1572,3231.1462,1811.8510,13.400077,12.669178,5.4544,18.76,32.195,1716,mult_3=DAE mult_7=HGP adder_2=0Q7 adder_7=0MH
sc_cfg1573,-15858.8160,-15884.2556,25.419295,25.456345,0.1458,16.76,83.604,4987,mult_0=HGY mult_1=CK3 mult_3=AQ1 mult_4=HGP mult_6=HGP mult_7=8VH adder_1=0EM adder_2=0Q7 adder_4=073 adder_5=0EM adder_6=0Q7 adder_7=0M0
sc_cfg1574,-13929.2770,-13938.1906,23.556611,23.577306,0.0879,17.46,63.496,3637,mult_4=CK3 mult_6=DAE mult_7=8VH mult_8=CK3 adder_0=073 adder_1=0MH adder_2=0DL adder_6=0DL adder_7=0EM
sc_cfg1575,-9671.3309,-9682.5236,16.023576,16.038029,0.0902,17.45,69.935,4008,mult_1=F6B mult_3=8VH mult_4=AQ1 mult_7=GPF adder_0=0AV adder_1=0GK adder_2=0DL adder_3=0Q7 adder_7=0EM
sc_cfg1576,-7506.2100,-7525.0095,12.941163,12.972284,0.2405,18.60,49.581,2665,mult_1=5FA mult_4=GPF mult_6=AQ1 mult_8=8VH adder_5=0Q7
sc_cfg1577,23.0118,22.9882,0.043580,0.043540,0.0906,19.25,23.663,1229,mult_6=5FA adder_6=0EM
sc_cfg1578,-18287.2518,-22189.0259,30.063536,35.804814,19.0971,15.93,106.526,6686,mult_0=8VH mult_1=HGP mult_2=5FA mult_4=8VH mult_5=5FA mult_6=HGY mult_8=CK3 adder_0=0DL adder_1=0GK adder_2=0MH adder_3=0EM adder_4=0DL adder_5=0MH adder_6=073 adder_7=073
sc_cfg1579,-661.1499,-4707.6749,16.558287,15.825398,4.4261,18.92,24.106,1274,mult_3=CK3 adder_3=02E adder_7=0MH
sc_cfg1580,-6671.6915,-6688.1077,11.803631,11.830113,0.2244,18.47,38.872,2105,mult_1=AQ1 mult_4=HGY adder_3=0EM adder_5=0Q7 adder_7=0DL
sc_cfg1581,-3494.5988,-3562.4004,6.137524,6.224007,1.4091,17.54,69.547,3965,mult_1=CK3 mult_5=AQ1 mult_7=DAE mult_8=GPF adder_0=073 adder_3=073 adder_4=0GK adder_6=0EM adder_7=0DL
sc_cfg1582,-17588.5102,-20257.9657,31.091999,34.794425,11.9080,16.83,75.811,4505,mult_0=HGY mult_2=GPF mult_4=AQ1 mult_5=CK3 mult_7=AQ1 mult_8=HGY adder_0=0GK adder_1=0MH adder_2=0MH adder_3=0MH adder_6=02E adder_7=0AV
sc_cfg1583,-2250.8905,-2268.6197,4.225543,4.248636,0.5465,18.57,39.797,2143,mult_0=HGY mult_4=DAE mult_7=DAE mult_8=GPF adder_5=0GK
sc_cfg1584,-13132.0886,-13119.5671,22.311808,22.296923,0.0667,17.71,67.210,3794,mult_2=5FA mult_3=HGP mult_4=GPF mult_6=F6B mult_8=GPF adder_0=02E adder_1=073 adder_7=0GK
sc_cfg1585,-11231.9062,-11763.9929,20.471496,22.038663,7.6554,16.80,88.677,5278,mult_0=8VH mult_1=GPF mult_2=F6B mult_5=AQ1 mult_7=HGY mult_8=GPF adder_0=0Q7 adder_1=0GK adder_3=0AV adder_4=0MH adder_5=02E adder_7=0GK
sc_cfg1586,-17026.0206,-16545.1165,27.564074,26.909332,2.3753,18.19,53.419,2936,mult_0=AQ1 mult_2=HGP mult_4=GPF mult_5=GPF adder_1=0GK adder_3=0M0 adder_4=0GK
sc_cfg1587,-24251.3321,-18510.3469,41.775133,31.547191,24.4833,16.72,84.158,5032,mult_0=CK3 mult_3=8VH mult_4=CK3 mult_6=GPF mult_7=8VH mult_8=8VH adder_1=0AV adder_2=0DL adder_3=0DL adder_5=073 adder_6=0GK adder_7=0MH
sc_cfg1588,-12465.5289,-12486.3293,20.674968,20.705510,0.1477,18.30,38.179,2087,mult_2=CK3 mult_5=8VH adder_0=073 adder_1=0DL adder_3=02E adder_6=073
sc_cfg1589,-2318.3458,-2322.9234,4.569013,4.571828,0.0616,18.20,42.368,2328,mult_1=AQ1 mult_7=HGY adder_3=0M0 adder_5=0GK adder_6=0AV adder_7=0AV
sc_cfg1590,-15097.2140,-13898.8543,26.515994,25.112809,5.2918,16.30,87.468,5365,mult_0=DAE mult_1=AQ1 mult_3=HGY mult_7=5FA mult_8=DAE adder_0=0MH adder_1=0DL adder_2=0MH adder_3=02E adder_4=073 adder_5=0GK adder_6=0GK adder_7=0AV
sc_cfg1591,-20970.8113,-21121.4526,33.614088,33.839079,0.6693,17.61,69.970,3973,mult_1=CK3 mult_3=8VH mult_5=GPF mult_8=GPF adder_0=0Q7 adder_2=0MH adder_4=0GK adder_6=0AV adder_7=0AV
sc_cfg1592,-18960.4186,-18973.3626,30.318370,30.340390,0.0726,16.89,77.464,4586,mult_2=8VH mult_3=8VH mult_5=CK3 mult_7=GPF mult_8=HGY adder_0=0GK adder_1=02E adder_3=0Q7 adder_4=0Q7 adder_5=073 adder_6=0M0 adder_7=0M0
sc_cfg1593,-6828.8616,-6825.8999,12.146597,12.139818,0.0558,18.59,40.965,2204,mult_2=5FA mult_3=HGY mult_4=F6B adder_1=0Q7 adder_5=0M0
sc_cfg1594,-3230.8792,-3227.4998,9.796745,9.797600,0.0087,18.34,41.844,2282,mult_1=CK3 mult_4=F6B mult_8=8VH adder_0=0M0 adder_2=02E adder_4=0Q7
sc_cfg1595,-5865.6101,-5870.1453,10.383481,10.389143,0.0545,19.30,17.324,898,mult_3=CK3 adder_7=0Q7
sc_cfg1596,-332.0603,-334.6694,2.243577,2.241465,0.0941,18.11,58.539,3233,mult_0=5FA mult_7=AQ1 adder_0=0AV adder_1=0Q7 adder_3=0DL adder_4=0GK adder_6=073
sc_cfg1597,-1971.0978,-1956.3211,9.305737,9.180466,1.3462,17.44,69.801,4002,mult_0=8VH mult_6=5FA mult_7=HGP adder_1=0GK adder_2=0Q7 adder_3=0GK adder_4=0GK adder_6=0AV adder_7=02E
sc_cfg1598,-13817.9468,-14403.8352,23.509634,24.366099,3.6430,16.65,88.601,5323,mult_0=GPF mult_1=HGY mult_2=GPF mult_6=CK3 mult_7=8VH mult_8=HGP adder_0=0GK adder_2=0M0 adder_4=0Q7 adder_5=0M0 adder_6=02E adder_7=0EM
sc_cfg1599,-5622.0217,-5612.7466,11.824218,11.822397,0.0154,19.54,20.316,1040,mult_0=8VH adder_1=0MH adder_2=0GK
sc_cfg1600,-7242.0749,-7311.3681,12.662511,12.745105,0.6523,18.02,48.799,2708,mult_0=8VH mult_3=CK3 adder_2=0GK adder_3=0Q7 adder_4=0GK adder_6=0AV adder_7=0AV
sc_cfg1601,-2113.2512,-11875.2884,24.654223,29.308552,18.8784,17.58,62.329,3545,mult_1=CK3 mult_3=F6B mult_4=F6B mult_8=HGP adder_0=0EM adder_1=02E adder_3=0MH adder_4=0DL adder_5=073 adder_6=0MH
sc_cfg1602,-19004.9940,-19035.6332,30.453723,30.498575,0.1473,17.34,68.419,3946,mult_1=HGP mult_4=8VH mult_5=8VH mult_6=HGY mult_8=5FA adder_0=0GK adder_2=02E adder_3=0M0 adder_6=0EM adder_7=073
sc_cfg1603,1903.6764,-1954.6500,14.066260,13.601539,3.3038,19.42,14.558,749,mult_3=HGP adder_7=0MH
sc_cfg1604,12.2710,17.0645,0.128235,0.130002,1.3783,18.86,25.472,1351,mult_0=AQ1 mult_7=AQ1 adder_5=0M0
sc_cfg1605,-21938.7229,-20736.2313,35.830611,37.534568,4.7556,16.31,96.347,5906,mult_0=HGY mult_3=HGP mult_4=HGY mult_5=5FA mult_6=DAE mult_7=DAE mult_8=AQ1 adder_0=0EM adder_1=02E adder_2=0DL adder_3=0AV adder_5=0MH adder_7=0Q7
sc_cfg1606,-6166.2284,-6278.1308,20.204654,20.242278,0.1862,18.38,41.196,2241,mult_0=CK3 mult_4=DAE adder_2=0M0 adder_3=0Q7 adder_5=0MH
sc_cfg1607,-5866.7508,-5867.3287,10.384636,10.387642,0.0289,19.26,12.577,653,mult_5=CK3
sc_cfg1608,-9226.5544,-9200.1511,15.249208,15.210125,0.2563,18.39,45.060,2451,mult_0=5FA mult_3=HGY mult_7=GPF adder_0=073 adder_7=0GK
sc_cfg1609,-13392.8450,-13311.4705,21.851380,21.736686,0.5249,18.01,64.699,3592,mult_0=DAE mult_4=GPF mult_6=8VH mult_7=CK3 adder_1=0DL adder_4=0Q7 adder_5=0DL adder_6=0GK
sc_cfg1610,-5985.1857,-5984.6336,13.448697,13.444003,0.0349,18.97,28.752,1515,mult_4=CK3 adder_1=0EM adder_2=02E adder_7=073
sc_cfg1611,-6615.9235,-6633.9347,11.720090,11.749266,0.2489,19.47,17.382,893,mult_4=HGP adder_6=0EM
sc_cfg1612,1462.2480,1461.0397,8.900199,8.912341,0.1364,18.56,54.793,2953,mult_1=5FA mult_6=5FA adder_0=073 adder_2=0EM adder_4=02E
sc_cfg1613,-5842.4078,-5842.9426,10.352439,10.355378,0.0284,18.50,52.364,2831,mult_2=5FA mult_4=AQ1 mult_5=CK3 adder_3=0AV adder_7=0Q7
sc_cfg1614,-2997.1008,-3001.5531,5.046125,5.051325,0.1030,18.55,43.299,2334,mult_1=CK3 mult_6=DAE mult_8=HGP adder_0=0M0 adder_3=073
sc_cfg1615,-3143.5279,-3147.5974,5.281523,5.286494,0.0941,17.70,77.908,4402,mult_0=DAE mult_1=GPF mult_3=DAE mult_5=DAE mult_6=DAE mult_7=AQ1 mult_8=GPF adder_3=0Q7
sc_cfg1616,-9053.6531,-9358.8361,17.972382,18.075188,0.5720,16.47,99.762,6057,mult_0=8VH mult_1=HGP mult_2=F6B mult_4=DAE mult_5=HGP mult_7=5FA mult_8=F6B adder_0=0MH adder_1=0M0 adder_2=0Q7 adder_3=0DL adder_5=02E adder_7=0Q7
sc_cfg1617,-25755.8510,-24137.2361,41.212143,42.799987,3.8529,16.61,83.968,5057,mult_1=HGY mult_2=8VH mult_4=AQ1 mult_5=8VH mult_6=HGP mult_8=DAE adder_0=02E adder_1=0MH adder_2=0GK adder_5=0DL adder_6=0MH adder_7=0DL
sc_cfg1618,-3007.5247,-5298.2713,14.578186,14.843932,1.8229,18.11,44.479,2456,mult_2=F6B mult_6=HGP mult_7=HGY mult_8=GPF adder_1=0Q7 adder_7=0MH
sc_cfg1619,-9328.5778,-8628.3529,15.820983,14.892800,5.8668,16.58,104.478,6301,mult_0=GPF mult_2=DAE mult_3=F6B mult_4=5FA mult_5=HGP mult_6=DAE mult_7=5FA adder_0=0DL adder_1=0AV adder_3=0DL adder_6=0GK adder_7=0GK
sc_cfg1620,3.4806,3.5335,0.037766,0.037732,0.0893,19.01,27.042,1422,mult_0=5FA adder_2=0AV
sc_cfg1621,-6143.3969,-6139.7905,10.263810,10.261781,0.0198,18.42,31.671,1719,mult_6=8VH mult_7=HGY adder_3=0M0 adder_5=073
sc_cfg1622,-265.0155,-265.3806,2.212627,2.216451,0.1728,18.81,17.558,934,mult_4=AQ1 adder_2=0GK
sc_cfg1623,-13435.5099,-13215.9165,29.278924,24.221367,17.2737,15.97,96.230,6024,mult_1=AQ1 mult_2=AQ1 mult_3=F6B mult_4=8VH mult_6=8VH mult_7=HGP mult_8=GPF adder_0=0Q7 adder_1=0AV adder_3=0DL adder_4=0Q7 adder_5=0DL adder_6=0GK adder_7=0MH
sc_cfg1624,-2163.3212,-2167.1289,3.832622,3.836112,0.0911,18.82,12.167,646,mult_1=HGY adder_0=0M0
sc_cfg1625,-276.6012,-272.9532,2.176527,2.179979,0.1586,19.02,13.885,730,adder_2=073 adder_6=0GK
sc_cfg1626,-12210.8993,-13380.4263,27.114236,24.236381,10.6138,16.63,85.785,5159,mult_1=8VH mult_3=HGY mult_4=DAE mult_6=5FA mult_7=GPF mult_8=HGY adder_0=0M0 adder_1=0MH adder_2=0M0 adder_3=0M0 adder_4=0EM adder_5=0DL adder_7=0MH
sc_cfg1627,-17179.5403,-19272.0778,27.608082,30.721369,11.2767,16.48,78.383,4755,mult_1=8VH mult_3=CK3 mult_6=DAE mult_7=GPF adder_0=073 adder_1=02E adder_2=0EM adder_3=0MH adder_4=02E adder_5=073 adder_6=073 adder_7=0DL
sc_cfg1628,-4077.0832,-4080.8634,7.218386,7.225692,0.1012,19.51,10.429,535,mult_6=8VH
sc_cfg1629,-969.0439,-970.4103,1.801538,1.802673,0.0630,18.28,31.003,1696,mult_8=HGY adder_2=0EM adder_3=0DL adder_5=0DL adder_7=0EM
sc_cfg1630,-15686.9267,-16040.9977,26.502638,27.058236,2.0964,17.91,49.986,2791,mult_4=5FA mult_5=HGP adder_0=0AV adder_1=0MH adder_2=0MH adder_3=0Q7 adder_5=0GK
sc_cfg1631,-16277.8663,-16208.1989,27.209548,26.929030,1.0310,16.41,102.415,6240,mult_0=8VH mult_2=HGY mult_3=5FA mult_4=CK3 mult_6=5FA mult_7=GPF mult_8=F6B adder_0=02E adder_2=0AV adder_3=0M0 adder_4=02E adder_5=0DL adder_7=073
sc_cfg1632,-12505.8811,-12403.2328,22.496245,22.522714,0.1177,16.34,102.187,6252,mult_0=AQ1 mult_1=5FA mult_4=DAE mult_5=GPF mult_6=F6B mult_7=CK3 mult_8=F6B adder_0=0AV adder_1=0EM adder_2=0MH adder_3=0DL adder_5=073 adder_7=02E
sc_cfg1633,-11206.2241,-10199.3592,21.491092,20.583102,4.2250,16.28,98.681,6062,mult_2=F6B mult_3=8VH mult_4=5FA mult_5=HGP mult_6=F6B mult_7=CK3 adder_1=02E adder_2=0M0 adder_3=0EM adder_4=0GK adder_5=0GK adder_6=0EM adder_7=0GK
sc_cfg1634,-2431.4936,-2427.9190,5.402513,5.391062,0.2120,19.18,18.632,971,mult_3=F6B adder_7=0GK
sc_cfg1635,-12837.8744,-12848.6999,20.977411,20.997754,0.0970,17.24,82.247,4771,mult_0=5FA mult_1=F6B mult_2=HGY mult_3=5FA mult_4=8VH mult_7=DAE mult_8=HGY adder_0=0AV adder_3=0AV adder_7=0M0
sc_cfg1636,16.2534,16.3723,0.227266,0.226977,0.1273,19.46,12.974,667,mult_2=DAE
sc_cfg1637,-8030.3018,-8023.1528,13.492961,13.486463,0.0482,18.57,40.578,2185,mult_5=GPF mult_7=CK3 adder_2=0EM adder_3=0Q7 adder_5=0AV
sc_cfg1638,-26237.8211,-26198.7291,41.535907,41.489839,0.1109,16.24,98.739,6081,mult_0=CK3 mult_2=CK3 mult_3=HGP mult_4=HGP mult_5=HGY mult_7=8VH mult_8=GPF adder_0=0GK adder_1=0M0 adder_3=0M0 adder_4=0DL adder_5=0DL adder_6=0DL adder_7=0EM
sc_cfg1639,-5052.0189,-5044.7712,10.956051,10.956291,0.0022,19.21,19.659,1023,mult_2=HGY mult_4=DAE adder_1=0MH
sc_cfg1640,-6130.5054,-6135.4082,10.959792,10.961501,0.0156,19.38,22.682,1170,mult_3=GPF adder_2=0GK
sc_cfg1641,-10578.9610,-10575.5217,17.990665,17.988436,0.0124,17.88,52.666,2946,mult_0=HGY mult_2=8VH mult_5=8VH mult_6=F6B adder_1=0DL adder_2=0GK adder_3=0AV adder_4=0Q7
sc_cfg1642,-5786.2833,-5786.0763,9.641141,9.642733,0.0165,17.91,68.493,3825,mult_0=GPF mult_6=8VH mult_7=5FA mult_8=8VH adder_0=0AV adder_1=073 adder_4=0M0 adder_5=0M0
sc_cfg1643,-6564.1386,-9032.2238,18.075841,19.688717,8.9228,16.58,77.915,4698,mult_0=8VH mult_1=GPF mult_2=F6B mult_3=CK3 adder_0=0MH adder_1=073 adder_2=02E adder_3=02E adder_4=02E adder_5=073 adder_6=0GK adder_7=0AV
sc_cfg1644,-6944.9548,-6863.1531,13.763232,13.745393,0.1296,16.65,82.422,4950,mult_1=CK3 mult_4=AQ1 mult_5=DAE mult_7=HGP mult_8=F6B adder_0=073 adder_2=0GK adder_3=0EM adder_4=0AV adder_5=02E adder_6=0GK adder_7=0AV
sc_cfg1645,-7269.0587,-7249.3472,12.496936,12.475862,0.1686,16.82,94.759,5635,mult_0=GPF mult_2=HGY mult_3=F6B mult_4=5FA mult_5=DAE mult_6=DAE mult_7=F6B adder_0=0AV adder_2=0DL adder_3=0AV adder_5=0M0 adder_7=0Q7
sc_cfg1646,-21071.1215,-20900.0127,33.603101,33.350224,0.7525,17.02,76.988,4524,mult_1=8VH mult_3=HGP mult_4=CK3 mult_6=8VH mult_7=HGP adder_0=073 adder_1=0AV adder_2=0M0 adder_3=0MH adder_4=0DL adder_5=0EM adder_6=0GK
sc_cfg1647,-7507.1645,-7517.6342,12.749491,12.763922,0.1132,18.62,48.981,2630,mult_1=8VH mult_5=F6B mult_6=GPF mult_7=5FA adder_1=0DL
sc_cfg1648,-22248.0374,-19890.7071,37.718048,36.522028,3.1709,17.89,54.178,3029,mult_1=HGP mult_3=AQ1 mult_4=GPF mult_6=HGY adder_1=0AV adder_3=0GK adder_4=0M0 adder_6=0MH
sc_cfg1649,-2457.2605,-2466.7816,4.715154,4.728881,0.2911,19.36,13.226,683,mult_1=HGY adder_3=0GK
sc_cfg1650,-6635.6320,-6652.5322,11.754629,11.783048,0.2418,19.42,16.466,848,mult_4=8VH adder_0=0DL
sc_cfg1651,-16904.5577,-16928.2856,28.149582,28.188729,0.1391,18.27,54.934,3006,mult_1=AQ1 mult_3=8VH mult_6=HGP adder_0=0AV adder_2=0MH adder_3=073 adder_6=0AV
sc_cfg1652,-11577.3404,-11583.4474,20.225112,20.237479,0.0611,18.41,55.863,3034,mult_1=5FA mult_4=DAE mult_6=CK3 adder_2=0MH adder_4=0AV adder_7=0M0
sc_cfg1653,-23680.3682,-23166.3851,38.183557,41.121274,7.6937,16.06,110.296,6866,mult_0=F6B mult_2=AQ1 mult_3=CK3 mult_4=CK3 mult_5=DAE mult_6=CK3 mult_7=CK3 mult_8=DAE adder_0=0MH adder_1=0AV adder_2=0M0 adder_3=0AV adder_4=0EM adder_5=0MH adder_6=073
sc_cfg1654,-4386.2482,-4392.3237,7.640393,7.650793,0.1361,18.62,38.043,2043,mult_0=DAE mult_1=DAE mult_6=HGY adder_1=073 adder_2=0Q7
sc_cfg1655,-13175.0209,-13184.3835,21.444322,21.456353,0.0561,18.13,58.975,3254,mult_0=HGP mult_2=AQ1 mult_3=5FA mult_4=8VH mult_7=GPF adder_2=0AV adder_3=0MH
sc_cfg1656,-21145.0382,-20736.7808,34.266383,37.070472,8.1832,15.21,132.164,8692,mult_0=CK3 mult_1=GPF mult_2=GPF mult_3=AQ1 mult_4=5FA mult_5=HGY mult_6=5FA mult_7=HGY mult_8=5FA adder_0=0AV adder_1=0M0 adder_2=0DL adder_3=0AV adder_4=0DL adder_5=0MH adder_6=0M0 adder_7=073
sc_cfg1657,-9011.1942,-8638.2506,17.276275,16.755743,3.0130,17.93,60.940,3399,mult_0=GPF mult_2=GPF mult_3=8VH mult_4=DAE adder_0=0GK adder_3=073 adder_4=0AV adder_7=02E
sc_cfg1658,-3978.2714,-3970.3367,6.504800,6.493931,0.1671,18.88,36.913,1955,mult_0=GPF mult_7=GPF mult_8=GPF adder_2=0DL
sc_cfg1659,-12034.4257,-16096.5228,20.369002,26.973782,32.4256,17.28,82.327,4763,mult_0=DAE mult_2=F6B mult_3=HGY mult_4=5FA mult_6=GPF mult_8=HGP adder_2=0AV adder_3=0Q7 adder_4=0MH adder_5=0AV
sc_cfg1660,-13647.5097,-13892.5142,23.051004,23.415065,1.5794,16.76,84.638,5051,mult_0=HGY mult_2=F6B mult_5=CK3 mult_7=F6B mult_8=F6B adder_1=073 adder_2=0MH adder_3=0GK adder_4=0AV adder_5=0DL adder_6=073 adder_7=073
sc_cfg1661,-6.2283,-6.2870,0.049948,0.049947,0.0012,19.29,25.942,1345,mult_4=5FA adder_6=0AV
sc_cfg1662,-10040.3489,-9830.3200,16.640300,16.350996,1.7386,18.74,27.705,1478,mult_3=8VH mult_6=CK3 adder_3=0DL adder_5=0DL
sc_cfg1663,-1369.5617,-1370.8123,3.128170,3.134327,0.1968,18.73,30.539,1630,mult_5=AQ1 mult_8=CK3 adder_2=0GK adder_7=0DL
sc_cfg1664,-4043.4310,-4047.1989,7.173904,7.181267,0.1026,18.75,33.328,1777,mult_6=HGP adder_1=073 adder_3=0EM adder_4=0Q7
sc_cfg1665,-14662.0050,-15444.1486,25.742607,26.803662,4.1218,15.80,126.239,7988,mult_0=HGY mult_1=CK3 mult_2=CK3 mult_3=5FA mult_4=8VH mult_5=5FA mult_7=5FA mult_8=8VH adder_0=0GK adder_1=02E adder_2=0MH adder_4=0GK adder_5=073 adder_6=0M0 adder_7=0DL
sc_cfg1666,-22436.3440,-20649.7221,36.275650,37.573733,3.5784,16.45,83.802,5095,mult_0=F6B mult_2=AQ1 mult_3=CK3 mult_5=HGY mult_7=AQ1 mult_8=8VH adder_0=073 adder_1=073 adder_3=0Q7 adder_4=073 adder_5=0EM adder_6=0MH adder_7=0DL
sc_cfg1667,-7164.5113,-7010.8607,21.737878,21.709192,0.1320,18.40,41.600,2260,mult_0=5FA adder_2=0Q7 adder_3=0DL adder_4=0DL adder_5=0DL adder_6=0MH
sc_cfg1668,-15708.3672,-20751.2932,29.021131,33.341572,14.8872,17.55,68.670,3912,mult_3=DAE mult_4=5FA mult_6=8VH mult_8=F6B adder_0=0M0 adder_1=0DL adder_3=0MH adder_4=0MH adder_5=0GK adder_6=0MH
sc_cfg1669,524.4891,524.7566,4.399829,4.394249,0.1268,18.51,53.253,2877,mult_1=5FA mult_3=5FA mult_6=F6B mult_7=AQ1 adder_0=0EM
sc_cfg1670,-10887.2828,-10916.0753,17.902928,17.945933,0.2402,17.67,53.095,3004,mult_1=GPF mult_4=8VH mult_7=HGY adder_0=0Q7 adder_1=0DL adder_4=0M0 adder_5=073 adder_7=0AV
sc_cfg1671,-5784.0068,-8218.0560,12.341008,15.684807,27.0950,17.45,67.119,3845,mult_1=F6B mult_2=F6B mult_3=DAE mult_5=DAE mult_7=HGY adder_0=0Q7 adder_1=0AV adder_3=0AV adder_4=0MH
sc_cfg1672,-12272.7710,-12206.1085,20.100825,20.011279,0.4455,15.76,99.937,6340,mult_0=HGY mult_2=HGP mult_3=5FA mult_4=AQ1 mult_5=8VH mult_7=F6B mult_8=AQ1 adder_0=0GK adder_1=0EM adder_2=0GK adder_3=073 adder_4=0DL adder_5=0Q7 adder_6=0DL adder_7=0DL
sc_cfg1673,-1694.9401,-1534.3972,5.591160,5.471757,2.1356,18.40,44.630,2425,mult_0=HGP mult_2=F6B mult_6=5FA mult_8=HGY adder_6=0GK adder_7=0DL
sc_cfg1674,-5228.3004,-7154.3596,23.816035,25.110551,5.4355,16.62,84.751,5100,mult_1=CK3 mult_2=5FA mult_5=HGP mult_6=8VH mult_7=DAE mult_8=CK3 adder_0=0GK adder_1=0DL adder_2=02E adder_4=0GK adder_5=0MH adder_7=0AV
sc_cfg1675,-6319.1494,-6314.1607,11.448388,11.442547,0.0510,18.06,53.764,2978,mult_3=F6B mult_4=F6B mult_6=HGY adder_0=0EM adder_2=0AV adder_6=073 adder_7=0EM
sc_cfg1676,-353.6206,-379.5446,8.522061,8.505619,0.1929,18.78,37.276,1985,mult_0=DAE mult_4=5FA adder_6=02E adder_7=0AV
sc_cfg1677,-9545.4469,-9565.5060,16.462260,16.488001,0.1564,17.78,74.471,4188,mult_0=DAE mult_1=AQ1 mult_4=GPF mult_6=AQ1 mult_7=5FA adder_0=073 adder_3=02E adder_5=0M0 adder_7=0AV
sc_cfg1678,-14912.2213,-14972.5326,24.225055,24.313150,0.3637,18.51,42.712,2308,mult_0=F6B mult_3=HGY mult_4=GPF mult_8=CK3 adder_0=02E adder_4=0M0
sc_cfg1679,-11301.6445,-11307.6009,18.675968,18.691927,0.0855,18.37,42.033,2288,mult_2=HGP mult_4=CK3 adder_2=073 adder_3=073 adder_6=0M0 adder_7=0GK
sc_cfg1680,-14544.3884,-14939.4597,24.506718,25.640317,4.6257,16.72,80.721,4828,mult_0=8VH mult_1=F6B mult_2=CK3 mult_3=CK3 mult_5=AQ1 mult_7=F6B adder_2=073 adder_3=0DL adder_4=0M0 adder_5=0GK adder_6=02E adder_7=02E
sc_cfg1681,-9124.4099,-9099.5027,15.058171,15.027188,0.2058,18.26,38.876,2130,mult_0=HGY mult_5=HGP mult_7=HGY adder_0=0EM adder_2=0DL adder_6=0M0 adder_7=0Q7
sc_cfg1682,-6714.4562,-6506.9282,11.674816,11.407224,2.2920,18.20,54.880,3015,mult_1=F6B mult_3=5FA mult_6=CK3 mult_7=HGP adder_0=02E adder_4=0Q7 adder_5=0DL
sc_cfg1683,-6100.2602,-6101.3168,10.710130,10.713741,0.0337,18.38,46.987,2557,mult_0=DAE mult_3=DAE mult_4=DAE mult_5=HGY adder_0=0EM adder_5=0AV
sc_cfg1684,15.0226,15.3144,0.129205,0.129400,0.1506,19.68,9.108,463,adder_5=0M0
sc_cfg1685,-9965.7559,-10583.7432,18.053893,18.834356,4.3230,17.70,62.742,3544,mult_0=CK3 mult_1=GPF mult_4=DAE mult_6=AQ1 adder_1=0MH adder_2=073 adder_3=02E adder_6=0GK adder_7=0Q7
sc_cfg1686,-14492.8501,-16038.3044,23.351381,25.638569,9.7947,16.50,90.319,5472,mult_0=HGP mult_1=GPF mult_2=HGP mult_4=DAE mult_5=CK3 mult_7=CK3 mult_8=GPF adder_0=073 adder_1=0DL adder_2=073 adder_3=0M0 adder_4=0GK adder_5=0EM
sc_cfg1687,1535.6644,1544.7839,9.221521,9.127139,1.0235,18.65,32.694,1753,mult_8=CK3 adder_0=0MH adder_1=0M0 adder_4=02E adder_7=0DL
sc_cfg1688,-1877.7926,-7297.2484,18.111729,18.729276,3.4097,16.53,96.476,5838,mult_0=HGP mult_2=HGP mult_3=5FA mult_4=DAE mult_6=AQ1 mult_7=F6B adder_0=0MH adder_1=0Q7 adder_2=0EM adder_4=0MH adder_5=0AV adder_6=0DL adder_7=0MH
sc_cfg1689,-22320.7061,-22340.9344,35.594292,35.627976,0.0946,16.25,101.225,6229,mult_1=AQ1 mult_2=HGY mult_3=F6B mult_4=8VH mult_5=8VH mult_6=HGP mult_7=AQ1 mult_8=5FA adder_0=0M0 adder_1=0GK adder_2=0EM adder_3=0M0 adder_5=0AV adder_6=0EM
sc_cfg1690,-13490.6031,-13499.8740,21.966623,21.981592,0.0681,16.41,99.059,6036,mult_0=8VH mult_1=5FA mult_3=HGP mult_4=AQ1 mult_5=CK3 mult_6=DAE mult_8=CK3 adder_0=0AV adder_1=0AV adder_2=0M0 adder_5=0M0 adder_6=0M0 adder_7=0M0
sc_cfg1691,-16389.3323,-13354.2256,27.026933,25.284082,6.4486,16.44,86.213,5245,mult_0=F6B mult_2=5FA mult_3=HGY mult_5=F6B mult_6=DAE mult_7=HGY mult_8=HGP adder_0=0M0 adder_1=0MH adder_2=0M0 adder_3=02E adder_4=02E adder_5=0M0
sc_cfg1692,-18154.2678,-17441.1953,30.780271,33.583370,9.1068,17.25,69.479,4027,mult_1=5FA mult_3=8VH mult_5=HGP mult_7=GPF adder_0=0MH adder_2=0DL adder_4=0GK adder_5=0MH adder_6=0M0 adder_7=0M0
sc_cfg1693,-10502.6416,-10574.1983,20.457041,20.636444,0.8770,16.97,79.090,4662,mult_0=DAE mult_1=HGP mult_2=F6B mult_3=AQ1 mult_5=CK3 mult_6=CK3 adder_1=0EM adder_2=0DL adder_3=0MH adder_4=0GK adder_5=073 adder_6=02E
sc_cfg1694,-16851.5888,-16868.5781,27.309101,27.336900,0.1018,19.01,29.094,1531,mult_2=GPF mult_3=HGY mult_4=8VH adder_6=0GK
sc_cfg1695,-13131.4902,-13138.5739,21.907144,21.925494,0.0838,18.56,43.740,2356,mult_2=DAE mult_3=F6B mult_5=CK3 adder_2=0MH adder_4=0M0
sc_cfg1696,-13955.1112,-13991.0693,22.668947,22.722195,0.2349,17.22,70.316,4083,mult_1=HGP mult_2=AQ1 mult_4=HGY mult_6=8VH mult_8=GPF adder_0=0EM adder_1=0GK adder_2=0Q7 adder_3=0M0 adder_5=0EM
sc_cfg1697,-5544.2781,-6311.5587,19.888907,20.635277,3.7527,18.50,37.477,2025,mult_7=F6B mult_8=AQ1 adder_0=02E adder_2=0AV adder_5=0MH
sc_cfg1698,-7155.4967,-7157.5237,12.383968,12.377156,0.0550,16.69,112.359,6730,mult_1=DAE mult_2=5FA mult_3=GPF mult_4=5FA mult_5=5FA mult_8=HGP adder_0=0AV adder_1=0Q7 adder_2=0GK adder_3=0DL adder_4=0Q7 adder_6=0DL
sc_cfg1699,-246.7449,-255.1029,0.667316,0.674228,1.0359,17.99,62.139,3454,mult_0=DAE mult_5=AQ1 mult_7=AQ1 adder_1=0M0 adder_3=0M0 adder_4=0EM adder_5=0DL adder_6=0EM
