config,me_truth,me_analytical,rms_pct_truth,rms_pct_analytical,inaccuracy_pct,analytical_us,simulation_ms,speedup,approximate_units
sc_cfg2,-14440.4608,-12493.6144,32.027413,29.931692,6.5435,25.99,84.588,3254,mult_0=DAE mult_1=DAE mult_2=F6B mult_4=HGY mult_5=F6B mult_6=GPF mult_8=HGY adder_3=02E adder_5=0MH adder_7=0MH
sc_cfg3,2069.5451,2062.7002,8.468606,8.461025,0.0895,28.84,36.805,1276,mult_4=AQ1 adder_1=0EM adder_2=0AV adder_3=0Q7 adder_7=02E
sc_cfg4,-9677.1236,-9687.9754,16.084839,16.104563,0.1226,19.21,25.612,1334,mult_4=HGP mult_7=GPF mult_8=HGP
sc_cfg5,-15575.8557,-15569.1785,25.200900,25.196983,0.0155,35.68,96.901,2716,mult_0=GPF mult_1=F6B mult_2=8VH mult_5=HGP mult_6=HGY mult_8=GPF adder_0=0GK adder_1=073 adder_2=0AV adder_3=0DL adder_4=073 adder_5=0M0 adder_6=0DL
sc_cfg6,-6190.9743,-6055.4287,15.029634,15.014628,0.0998,34.23,53.460,1562,mult_1=GPF mult_7=DAE adder_0=0MH adder_1=02E adder_2=0DL adder_4=0DL adder_5=0DL adder_6=02E
sc_cfg7,-184.9661,-188.1683,9.424866,9.420293,0.0485,35.52,94.279,2654,mult_0=5FA mult_2=F6B mult_4=5FA mult_5=AQ1 mult_7=GPF adder_1=02E adder_2=0DL adder_3=0GK adder_4=073 adder_5=0GK adder_6=073 adder_7=073
sc_cfg8,-13831.5319,-14014.9468,22.405977,22.664919,1.1557,34.90,106.661,3056,mult_0=GPF mult_1=5FA mult_4=AQ1 mult_5=CK3 mult_6=GPF mult_7=F6B mult_8=GPF adder_0=02E adder_1=0AV adder_2=0DL adder_3=073 adder_4=0Q7 adder_5=0EM adder_6=0GK
sc_cfg9,-12944.8529,-12948.1297,20.927809,20.930875,0.0146,25.84,61.475,2379,mult_0=CK3 mult_1=GPF mult_2=CK3 mult_3=CK3 mult_5=DAE adder_1=0GK adder_5=0Q7 adder_7=0Q7
sc_cfg10,-15961.6668,-15956.8688,25.469196,25.459899,0.0365,33.83,61.817,1827,mult_2=HGY mult_3=8VH mult_7=HGY mult_8=F6B adder_0=0M0 adder_1=0Q7 adder_3=0GK adder_4=0MH adder_5=0AV adder_6=0Q7
sc_cfg11,-16984.4747,-16972.5764,27.919208,27.901148,0.0647,31.95,112.937,3535,mult_0=F6B mult_1=CK3 mult_2=5FA mult_3=DAE mult_4=DAE mult_5=HGP mult_6=GPF mult_7=AQ1 mult_8=CK3 adder_0=0Q7 adder_1=0DL adder_2=0GK adder_3=0AV adder_4=0MH adder_5=0Q7
sc_cfg12,-96.3816,-124.0618,8.738467,8.731797,0.0763,27.01,40.504,1500,mult_1=5FA mult_4=AQ1 adder_2=073 adder_5=0GK adder_6=02E
sc_cfg13,-10556.0140,-10578.9279,18.992940,19.030394,0.1972,28.57,57.883,2026,mult_0=GPF mult_3=CK3 mult_5=DAE mult_6=CK3 adder_0=0M0 adder_1=0EM adder_2=0GK adder_5=02E
sc_cfg14,-17203.4333,-17388.6746,27.551600,27.849039,1.0796,38.05,92.917,2442,mult_1=5FA mult_3=HGP mult_5=AQ1 mult_6=5FA mult_7=F6B adder_0=0MH adder_1=02E adder_2=0EM adder_3=0MH adder_4=0MH adder_5=0Q7 adder_6=0GK adder_7=073
sc_cfg15,-18526.6197,-18545.0347,29.844686,29.877584,0.1102,37.56,99.904,2660,mult_1=DAE mult_2=DAE mult_4=CK3 mult_5=HGP mult_6=CK3 mult_7=F6B mult_8=8VH adder_0=0DL adder_1=0DL adder_2=0GK adder_3=0Q7 adder_4=0GK adder_5=02E adder_6=0M0 adder_7=0M0
sc_cfg16,-4295.9114,-4147.5172,11.156410,10.901239,2.2872,29.39,42.851,1458,mult_2=CK3 mult_7=GPF adder_3=073 adder_4=0DL adder_5=0Q7 adder_7=02E
sc_cfg17,-11723.5313,-11727.3115,19.078816,19.085010,0.0325,26.15,64.326,2460,mult_0=GPF mult_3=5FA mult_5=HGY mult_6=HGP mult_8=F6B adder_0=0AV adder_2=0Q7 adder_6=0AV
sc_cfg18,-2358.9752,-2266.9520,9.149160,9.004575,1.5803,26.25,56.288,2144,mult_1=CK3 mult_5=AQ1 mult_6=AQ1 mult_7=HGY adder_3=0EM adder_5=0AV adder_7=02E
sc_cfg19,-4135.5053,-4134.7541,7.635537,7.636712,0.0154,28.46,67.485,2371,mult_3=DAE mult_4=AQ1 mult_6=CK3 mult_7=5FA adder_1=0DL adder_3=0DL adder_6=0GK adder_7=073
sc_cfg20,-11909.7684,-11971.5365,20.138240,20.219140,0.4017,36.64,134.149,3661,mult_0=DAE mult_1=CK3 mult_2=HGY mult_3=AQ1 mult_4=5FA mult_5=AQ1 mult_6=AQ1 mult_7=GPF mult_8=5FA adder_0=0AV adder_1=0M0 adder_2=0EM adder_3=0GK adder_4=0MH adder_5=0DL adder_6=0EM adder_7=0GK
sc_cfg21,-7511.7912,-7528.5555,14.622566,14.654110,0.2157,28.83,51.965,1802,mult_3=DAE mult_4=DAE mult_7=DAE adder_0=073 adder_2=0MH adder_3=073 adder_6=0AV
sc_cfg22,-18074.3636,-18789.9477,31.833840,36.904682,15.9291,30.12,91.289,3031,mult_0=AQ1 mult_1=8VH mult_2=AQ1 mult_3=HGY mult_5=F6B mult_6=GPF mult_7=GPF mult_8=DAE adder_0=0M0 adder_3=0AV adder_5=0M0 adder_6=0MH adder_7=02E
sc_cfg23,-23606.8258,-23522.9479,37.586538,37.465534,0.3219,34.81,106.600,3062,mult_0=HGY mult_1=F6B mult_2=5FA mult_3=CK3 mult_4=CK3 mult_6=8VH mult_7=CK3 mult_8=5FA adder_0=0GK adder_1=0MH adder_2=073 adder_3=073 adder_5=0GK adder_6=0EM adder_7=0DL
sc_cfg24,-5265.9047,-5270.7270,9.158620,9.169240,0.1160,30.81,60.746,1972,mult_1=DAE mult_4=DAE mult_6=HGP mult_8=8VH adder_1=0EM adder_2=0GK adder_3=0Q7 adder_4=073 adder_5=0DL
sc_cfg25,-18411.8118,-18512.4432,30.416665,30.562773,0.4804,35.49,80.246,2261,mult_0=CK3 mult_2=HGP mult_3=HGY mult_4=HGP mult_5=AQ1 mult_7=DAE adder_1=0Q7 adder_2=0AV adder_3=0MH adder_4=0M0 adder_5=0M0 adder_6=0GK adder_7=073
sc_cfg26,-13385.8107,-13363.8773,23.146018,23.118726,0.1179,30.71,50.360,1640,mult_2=HGY mult_5=CK3 mult_6=8VH adder_0=0M0 adder_1=02E adder_2=0AV adder_3=0AV adder_7=073
sc_cfg27,-293.2968,-298.8787,2.138059,2.144712,0.3112,27.08,28.114,1038,adder_3=0GK adder_5=0AV adder_6=0Q7
sc_cfg28,-7111.9689,-7073.1638,14.721066,14.685466,0.2418,26.45,36.920,1396,mult_0=GPF mult_6=HGP adder_0=02E adder_1=02E adder_6=0AV
sc_cfg29,-1802.9855,-1802.9203,3.016593,3.016428,0.0055,23.95,24.623,1028,mult_0=HGP mult_8=HGY adder_2=0Q7 adder_3=0DL
sc_cfg30,-13372.6771,-13699.5203,22.761714,23.223205,2.0275,37.28,110.036,2951,mult_0=F6B mult_1=HGP mult_2=AQ1 mult_3=HGY mult_4=5FA mult_5=DAE mult_7=HGP mult_8=AQ1 adder_0=0MH adder_1=0AV adder_2=0Q7 adder_3=0M0 adder_4=02E adder_5=0EM adder_6=02E adder_7=0M0
sc_cfg31,2570.3261,-139.6276,13.549097,12.736799,5.9952,29.07,42.719,1470,mult_2=CK3 mult_6=DAE adder_2=0Q7 adder_4=0EM adder_6=0EM adder_7=0MH
sc_cfg32,-5284.6931,-5276.7437,9.728247,9.702188,0.2679,26.08,53.262,2042,mult_0=GPF mult_4=F6B mult_5=F6B mult_7=HGY adder_2=0AV adder_6=0DL adder_7=0M0
sc_cfg33,-16069.6881,-16060.3866,27.226187,27.219053,0.0262,30.63,80.445,2626,mult_0=HGY mult_1=DAE mult_2=8VH mult_4=8VH mult_7=CK3 mult_8=CK3 adder_1=0AV adder_3=073 adder_5=02E adder_6=0AV adder_7=0AV
sc_cfg34,-23820.3589,-23836.4599,37.738234,37.761684,0.0621,32.23,99.655,3092,mult_0=CK3 mult_1=8VH mult_2=HGY mult_3=HGY mult_4=HGY mult_5=DAE mult_6=HGP mult_7=AQ1 mult_8=DAE adder_0=0Q7 adder_1=0EM adder_2=0Q7 adder_4=0GK adder_5=0M0 adder_7=0Q7
sc_cfg35,-17021.3908,-17034.3943,27.189231,27.212509,0.0856,30.35,95.481,3146,mult_0=HGP mult_1=F6B mult_2=HGP mult_3=5FA mult_5=GPF mult_6=HGY mult_7=DAE mult_8=HGY adder_0=02E adder_1=0Q7 adder_4=0AV adder_5=0Q7 adder_7=073
sc_cfg36,-13045.2200,-13021.9385,21.347081,21.314193,0.1541,30.90,78.310,2534,mult_1=AQ1 mult_2=AQ1 mult_3=CK3 mult_5=8VH mult_8=8VH adder_1=0M0 adder_2=073 adder_4=0Q7 adder_5=0DL adder_7=0GK
sc_cfg37,-14526.4390,-14558.3900,26.321275,26.357618,0.1381,25.57,76.398,2988,mult_0=GPF mult_1=CK3 mult_2=F6B mult_4=8VH mult_5=AQ1 mult_6=HGP mult_7=DAE adder_1=02E adder_2=0Q7 adder_5=0MH
sc_cfg38,-6546.7400,-6562.0085,11.640151,11.662780,0.1944,31.05,74.880,2412,mult_2=5FA mult_3=5FA mult_4=HGP adder_0=0M0 adder_2=0EM adder_3=073 adder_5=0DL adder_7=073
sc_cfg39,-4078.0611,-4081.8469,7.219784,7.227169,0.1023,19.42,24.789,1277,mult_5=5FA mult_6=8VH
sc_cfg40,-2297.6804,-2297.6041,5.528733,5.520292,0.1527,28.30,38.954,1376,mult_5=F6B mult_8=HGY adder_0=0GK adder_1=073 adder_2=0EM adder_3=0Q7
sc_cfg41,-10681.5984,-10703.5580,17.767015,17.797820,0.1734,21.72,22.365,1030,mult_4=HGY mult_6=GPF adder_0=0M0
sc_cfg42,-4077.0832,-4080.8634,7.218386,7.225692,0.1012,19.62,12.996,662,mult_6=8VH
sc_cfg43,-2983.1909,-2972.6644,5.024045,5.009243,0.2946,29.09,40.919,1407,mult_7=HGY mult_8=HGY adder_1=0Q7 adder_4=0AV adder_5=073 adder_6=0M0
sc_cfg44,-17974.1651,-17987.0282,28.795389,28.813550,0.0631,23.74,60.110,2532,mult_1=GPF mult_3=8VH mult_5=GPF mult_6=8VH adder_5=0AV adder_7=0EM
sc_cfg45,-24034.5179,-23559.5810,39.046174,38.394219,1.6697,26.24,63.808,2432,mult_3=GPF mult_4=HGP mult_6=8VH mult_7=HGY mult_8=F6B adder_1=0MH adder_4=0EM adder_6=02E
sc_cfg46,-6209.6933,-6208.0517,10.837974,10.841342,0.0311,23.99,44.066,1837,mult_2=HGP mult_3=F6B mult_8=8VH adder_1=0AV adder_5=0M0
sc_cfg47,1436.1858,1422.7836,8.887262,8.896340,0.1021,24.70,14.678,594,adder_0=0Q7 adder_4=02E
sc_cfg48,-14315.5238,-11071.7193,25.927438,23.676500,8.6817,37.59,118.809,3161,mult_0=DAE mult_1=DAE mult_2=F6B mult_3=DAE mult_4=HGY mult_5=5FA mult_6=GPF mult_7=CK3 adder_0=073 adder_1=02E adder_2=02E adder_3=0M0 adder_4=02E adder_5=0M0 adder_6=02E adder_7=073
sc_cfg49,-4969.7312,-4974.6241,8.466736,8.475259,0.1007,19.45,18.804,967,mult_6=HGP mult_8=GPF
sc_cfg50,-18731.7218,-19031.4104,32.024676,32.077872,0.1661,38.54,95.075,2467,mult_1=HGP mult_2=GPF mult_3=AQ1 mult_4=DAE mult_5=8VH mult_7=8VH adder_0=073 adder_1=0EM adder_2=0M0 adder_3=0DL adder_4=0DL adder_5=0MH adder_6=0DL adder_7=02E
sc_cfg51,-13869.8427,-13555.5193,23.932369,23.586415,1.4456,33.76,75.948,2250,mult_1=F6B mult_3=GPF mult_5=GPF mult_7=CK3 mult_8=HGY adder_0=0DL adder_1=0AV adder_2=0M0 adder_4=0EM adder_5=0AV adder_7=02E
sc_cfg52,-9808.4793,-9827.7165,16.163906,16.194375,0.1885,26.47,54.587,2062,mult_0=DAE mult_1=F6B mult_2=HGP mult_6=GPF adder_1=0EM adder_5=0GK adder_7=073
sc_cfg53,-5893.5876,-5898.4780,10.425628,10.434458,0.0847,29.32,46.688,1593,mult_4=DAE mult_5=GPF adder_0=0EM adder_3=073 adder_6=0Q7 adder_7=073
sc_cfg54,-10691.9387,-12638.2009,25.086615,23.199819,7.5211,26.43,60.025,2271,mult_0=GPF mult_3=CK3 mult_6=HGP mult_7=CK3 mult_8=GPF adder_4=073 adder_5=0M0 adder_7=0MH
sc_cfg55,1.1728,1.1594,0.015106,0.015109,0.0214,24.39,21.479,880,adder_0=0AV adder_2=0Q7
sc_cfg56,-17054.0776,-17058.7073,28.623870,28.640293,0.0574,34.06,70.010,2056,mult_2=CK3 mult_3=GPF mult_7=DAE adder_0=02E adder_2=0MH adder_3=0GK adder_4=0DL adder_5=0M0 adder_6=0Q7
sc_cfg57,-9015.3529,-8800.9106,18.033156,17.743967,1.6037,25.69,66.607,2592,mult_0=GPF mult_4=HGP mult_5=F6B mult_6=F6B mult_7=GPF mult_8=HGY adder_0=0EM adder_3=0Q7 adder_7=02E
sc_cfg58,-6740.3175,-6737.1161,14.509085,14.523654,0.1004,28.50,52.386,1838,mult_0=F6B mult_5=GPF mult_7=CK3 adder_0=073 adder_2=0Q7 adder_3=0M0 adder_4=02E
sc_cfg59,-5838.6445,-5843.0459,10.348468,10.353991,0.0534,21.89,19.913,910,mult_3=CK3 adder_3=0M0
sc_cfg60,-12815.8467,-14114.5191,22.456591,24.504816,9.1208,32.98,101.083,3065,mult_0=GPF mult_3=AQ1 mult_4=GPF mult_5=F6B mult_6=HGP mult_7=AQ1 mult_8=8VH adder_0=0AV adder_2=0DL adder_4=073 adder_5=0Q7 adder_6=02E adder_7=0DL
sc_cfg61,-10538.1413,-10535.0616,17.579027,17.579477,0.0026,33.75,63.560,1883,mult_0=DAE mult_2=GPF mult_3=CK3 adder_0=02E adder_1=02E adder_2=0AV adder_3=0Q7 adder_4=0DL adder_5=0AV
sc_cfg62,-5846.5323,-5849.8343,9.724463,9.730935,0.0666,24.70,40.682,1647,mult_0=F6B mult_6=GPF mult_8=HGP adder_2=073 adder_5=0AV
sc_cfg63,-2751.0814,-2753.0249,6.344966,6.339264,0.0899,22.22,7.710,347,adder_3=02E
sc_cfg64,-12371.9470,-12384.0573,21.316381,21.342668,0.1233,30.62,99.554,3251,mult_0=5FA mult_2=GPF mult_4=CK3 mult_5=5FA mult_6=AQ1 mult_7=AQ1 mult_8=8VH adder_1=0MH adder_2=0DL adder_3=0EM adder_4=0M0 adder_6=0AV
sc_cfg65,-6715.4132,-6718.2728,11.310034,11.317282,0.0641,33.45,79.456,2376,mult_0=DAE mult_1=DAE mult_4=5FA mult_6=HGY mult_7=HGP adder_1=0DL adder_2=0GK adder_3=0Q7 adder_4=0DL adder_6=073 adder_7=0EM
sc_cfg66,-7460.2485,-7406.7076,18.806765,18.759083,0.2535,31.61,53.177,1683,mult_1=HGY mult_5=DAE mult_8=F6B adder_1=02E adder_2=02E adder_5=02E adder_6=0Q7 adder_7=073
sc_cfg67,-7945.6190,-7955.4688,15.673952,15.699084,0.1603,31.03,73.145,2357,mult_1=F6B mult_2=8VH mult_6=HGY mult_7=F6B mult_8=DAE adder_1=0M0 adder_2=0AV adder_3=073 adder_4=073 adder_5=02E
sc_cfg68,-131.4250,-149.3880,8.490168,8.485258,0.0578,22.45,25.000,1113,mult_0=5FA adder_6=02E
sc_cfg69,-15800.7840,-15783.4760,25.233036,25.209912,0.0916,27.05,50.098,1852,mult_2=HGY mult_3=HGP mult_4=5FA mult_7=HGP adder_1=0MH adder_4=0MH adder_7=0GK
sc_cfg70,-16305.4786,-16322.9050,26.608722,26.632031,0.0876,27.04,47.650,1762,mult_2=AQ1 mult_3=8VH mult_4=GPF adder_0=0DL adder_4=02E adder_5=0Q7
sc_cfg71,24.5121,24.4933,0.045403,0.045367,0.0790,19.41,26.615,1371,mult_6=5FA mult_7=AQ1
sc_cfg72,-6033.7447,-6005.2468,14.011426,13.992552,0.1347,33.93,55.718,1642,mult_4=DAE mult_5=HGP adder_0=0GK adder_1=0DL adder_2=0AV adder_5=02E adder_6=0M0 adder_7=0Q7
sc_cfg73,-1878.7396,-1844.9208,9.193141,9.105599,0.9523,24.51,31.847,1299,mult_3=AQ1 mult_6=GPF adder_3=0DL adder_7=02E
sc_cfg74,-11586.5569,-11532.3250,19.068014,18.996455,0.3753,27.56,98.954,3591,mult_0=CK3 mult_1=AQ1 mult_3=AQ1 mult_4=5FA mult_5=GPF mult_6=GPF mult_7=AQ1 mult_8=DAE adder_0=0AV adder_1=0EM adder_5=0GK adder_6=0GK
sc_cfg75,-18982.5683,-19057.3269,31.673617,31.726731,0.1677,30.36,85.663,2822,mult_0=5FA mult_2=HGP mult_4=HGY mult_5=HGP mult_6=DAE mult_7=HGY mult_8=GPF adder_0=0DL adder_1=0M0 adder_2=0EM adder_5=0GK adder_6=02E
sc_cfg76,-13101.2486,-13106.1713,22.579287,22.602178,0.1014,26.95,39.058,1449,mult_3=DAE mult_4=GPF adder_1=0DL adder_3=0EM adder_5=0MH
sc_cfg77,-24519.6228,-24547.2445,39.636159,39.679028,0.1082,35.84,72.851,2033,mult_2=DAE mult_3=8VH mult_5=HGP mult_6=CK3 adder_0=0EM adder_1=0MH adder_2=0GK adder_3=0DL adder_5=0MH adder_6=0EM adder_7=0AV
sc_cfg78,-0.5014,-0.4958,0.004206,0.004193,0.3120,22.61,9.416,416,adder_5=0EM
sc_cfg79,-2169.5490,-2161.2862,3.841215,3.830512,0.2786,19.62,10.761,549,mult_7=CK3
sc_cfg80,-7297.5721,-5598.7608,22.266126,23.488463,5.4897,32.77,99.827,3047,mult_1=8VH mult_2=5FA mult_3=DAE mult_5=DAE mult_6=AQ1 mult_8=F6B adder_1=0DL adder_2=073 adder_3=0EM adder_4=0DL adder_6=0MH adder_7=02E
sc_cfg81,-2646.7796,-2649.4701,5.474755,5.477813,0.0559,29.06,63.944,2201,mult_0=GPF mult_4=DAE mult_6=5FA mult_8=HGP adder_1=0GK adder_2=0GK adder_5=0GK adder_6=0M0
sc_cfg82,-18901.5965,-18622.5916,30.983914,30.642889,1.1007,37.42,111.392,2977,mult_0=DAE mult_1=CK3 mult_2=HGY mult_3=HGP mult_4=F6B mult_5=F6B mult_6=8VH mult_7=CK3 mult_8=AQ1 adder_0=0AV adder_1=02E adder_2=0AV adder_3=02E adder_4=073 adder_5=02E adder_6=0GK adder_7=073
sc_cfg83,-6671.1313,-6643.2353,11.155104,11.119472,0.3194,21.91,38.621,1762,mult_2=HGY mult_4=DAE mult_7=F6B mult_8=GPF adder_7=0GK
sc_cfg84,-684.6659,-670.2640,9.640492,9.610754,0.3085,28.57,72.430,2535,mult_1=5FA mult_5=F6B mult_7=F6B mult_8=GPF adder_0=0Q7 adder_1=0GK adder_2=02E adder_6=0Q7
sc_cfg85,-3891.7971,-3771.4442,11.265602,11.045383,1.9548,26.59,42.988,1617,mult_3=HGY mult_6=5FA adder_3=0EM adder_5=073 adder_7=02E
sc_cfg86,1689.1640,1738.5595,12.473880,12.497822,0.1919,29.32,49.557,1690,mult_1=GPF mult_2=DAE adder_2=02E adder_4=02E adder_5=0DL adder_7=073
sc_cfg87,-24970.7223,-24992.2174,39.624428,39.657535,0.0836,21.35,41.136,1927,mult_1=HGY mult_2=GPF mult_3=8VH mult_4=HGY mult_5=GPF adder_4=0MH
sc_cfg88,-8913.0927,-8895.2785,14.913085,14.891337,0.1458,35.20,103.839,2950,mult_0=HGY mult_2=5FA mult_3=DAE mult_5=CK3 mult_7=HGP mult_8=5FA adder_1=0GK adder_2=0Q7 adder_3=0Q7 adder_4=0AV adder_5=0Q7 adder_6=0AV adder_7=0M0
sc_cfg89,-11017.9519,-5105.7656,32.225752,28.712030,10.9035,24.24,54.177,2235,mult_0=DAE mult_2=HGY mult_3=AQ1 mult_6=8VH mult_7=5FA adder_5=0MH adder_7=0MH
sc_cfg90,-2773.6674,-2665.1597,12.449632,12.246399,1.6324,29.03,30.537,1052,mult_8=HGY adder_0=02E adder_1=0MH adder_2=0EM adder_7=02E
sc_cfg91,-6939.4735,-6822.5620,15.415076,15.125368,1.8794,35.61,96.152,2700,mult_0=HGP mult_1=5FA mult_3=AQ1 mult_4=8VH mult_6=F6B mult_7=HGY adder_0=0Q7 adder_1=073 adder_2=0DL adder_3=0Q7 adder_4=073 adder_6=0M0 adder_7=02E
sc_cfg92,58.3713,58.3741,0.163745,0.164017,0.1659,28.91,40.155,1389,mult_1=AQ1 adder_1=073 adder_3=0AV adder_6=0M0 adder_7=0AV
sc_cfg93,3.1820,3.1592,0.015940,0.015933,0.0465,21.86,17.307,792,mult_0=AQ1 adder_2=0Q7
sc_cfg94,-22620.9713,-22649.7309,36.777302,36.818371,0.1117,32.62,100.619,3085,mult_0=5FA mult_2=F6B mult_3=8VH mult_4=CK3 mult_5=GPF mult_6=DAE mult_8=HGY adder_0=0MH adder_1=0AV adder_2=0MH adder_3=02E adder_4=0MH adder_5=0EM
sc_cfg95,-11019.9142,-11028.4488,19.204395,19.209857,0.0284,25.88,70.325,2717,mult_2=F6B mult_3=CK3 mult_5=GPF mult_6=DAE mult_7=5FA adder_0=02E adder_1=0Q7 adder_4=0Q7
sc_cfg96,-13594.5442,-13581.1595,22.950711,22.930218,0.0893,34.10,47.679,1398,mult_2=CK3 mult_5=HGY adder_0=0M0 adder_2=0DL adder_3=0M0 adder_4=0MH adder_5=0Q7 adder_6=0DL
sc_cfg97,-3646.3802,-3641.2447,7.274255,7.271730,0.0347,28.94,68.483,2366,mult_1=5FA mult_3=F6B mult_5=5FA mult_7=8VH adder_2=0GK adder_4=0AV adder_5=073 adder_6=0Q7
sc_cfg98,-13179.3455,-13185.7179,23.814658,23.850997,0.1526,33.96,66.125,1947,mult_0=8VH mult_3=F6B mult_5=CK3 mult_8=GPF adder_0=0MH adder_1=0M0 adder_4=0GK adder_5=0MH adder_6=0EM adder_7=0Q7
sc_cfg99,-10082.3918,-10082.2170,16.841155,16.843101,0.0116,31.67,59.326,1873,mult_3=DAE mult_5=8VH mult_6=8VH adder_1=0DL adder_3=0M0 adder_4=0EM adder_6=0GK adder_7=0Q7
sc_cfg100,-23892.6736,-13998.9173,38.417820,30.658910,20.1961,36.13,81.866,2266,mult_0=HGP mult_2=HGP mult_3=HGY mult_5=HGP mult_7=F6B mult_8=GPF adder_1=0DL adder_2=0M0 adder_3=0AV adder_4=02E adder_5=0EM adder_6=0MH adder_7=0EM
sc_cfg101,-8162.5032,-8162.3081,16.182932,16.175490,0.0460,29.68,39.137,1318,mult_2=F6B mult_8=AQ1 adder_1=0Q7 adder_2=0MH adder_6=0GK adder_7=0GK
sc_cfg102,-17965.7361,-17583.6937,29.832449,29.295679,1.7993,36.51,80.642,2209,mult_2=8VH mult_5=GPF mult_6=HGP mult_7=8VH mult_8=CK3 adder_1=02E adder_2=0GK adder_3=0M0 adder_4=02E adder_5=073 adder_6=0DL adder_7=073
sc_cfg103,-4969.7312,-4974.6241,8.466736,8.475259,0.1007,19.47,16.916,869,mult_6=8VH mult_8=8VH
sc_cfg104,-11986.4041,-11994.9130,20.023664,20.038947,0.0763,33.14,76.561,2310,mult_1=GPF mult_2=CK3 mult_3=F6B mult_5=F6B mult_6=HGY adder_0=0AV adder_1=0MH adder_2=0AV adder_3=0Q7 adder_4=0Q7 adder_7=0EM
sc_cfg105,-3729.1854,-3729.3073,9.231179,9.227054,0.0447,21.35,48.232,2259,mult_1=GPF mult_2=5FA mult_3=DAE mult_8=AQ1 adder_3=0MH
sc_cfg106,-4078.2542,-4081.9133,7.220351,7.227436,0.0981,21.26,59.899,2818,mult_0=5FA mult_4=5FA mult_6=CK3 mult_7=5FA adder_7=0Q7
sc_cfg107,-12433.8665,-12436.0060,20.601940,20.611268,0.0453,26.47,33.882,1280,mult_4=HGP mult_5=HGP adder_0=0Q7 adder_1=073 adder_6=0M0
sc_cfg108,1226.8432,-2795.1552,14.524606,13.966232,3.8443,35.52,102.740,2892,mult_0=HGP mult_4=5FA mult_5=HGP mult_7=DAE mult_8=5FA adder_0=0Q7 adder_2=0Q7 adder_3=0M0 adder_4=0DL adder_5=0AV adder_6=073 adder_7=0MH
sc_cfg109,-19647.8121,-18212.9157,33.082509,35.079145,6.0353,35.32,87.160,2468,mult_1=HGP mult_2=HGP mult_3=DAE mult_4=8VH mult_7=DAE mult_8=F6B adder_0=0M0 adder_1=0Q7 adder_2=0AV adder_3=0DL adder_4=0Q7 adder_5=02E adder_6=0MH
sc_cfg110,29.8946,30.0192,0.135907,0.135706,0.1476,27.33,22.946,840,adder_1=0M0 adder_6=0Q7 adder_7=0Q7
sc_cfg111,-3229.3042,-6780.3001,18.636446,17.266239,7.3523,29.95,107.943,3604,mult_0=HGY mult_1=DAE mult_2=AQ1 mult_3=HGP mult_4=5FA mult_5=5FA mult_6=8VH mult_8=5FA adder_0=0Q7 adder_3=0DL adder_5=0AV adder_6=0EM adder_7=0MH
sc_cfg112,-23501.0958,-23546.0425,37.455453,37.525730,0.1876,35.11,87.516,2493,mult_2=HGP mult_3=CK3 mult_4=HGP mult_5=CK3 mult_6=AQ1 mult_8=GPF adder_0=073 adder_1=0EM adder_2=0AV adder_3=0GK adder_4=0Q7 adder_5=073 adder_7=073
sc_cfg113,-12174.3067,-12176.3295,21.058094,21.053772,0.0205,26.23,77.108,2940,mult_0=5FA mult_4=8VH mult_5=DAE mult_7=DAE mult_8=5FA adder_3=0DL adder_4=0MH adder_7=0M0
sc_cfg114,-22012.5370,-24099.2504,35.991210,39.065005,8.5404,35.04,107.959,3081,mult_0=CK3 mult_1=HGY mult_2=8VH mult_3=HGP mult_4=CK3 mult_6=GPF mult_8=DAE adder_0=02E adder_1=0AV adder_2=0DL adder_3=0AV adder_5=0EM adder_6=02E adder_7=0DL
sc_cfg115,-6558.1451,-6723.0112,15.650269,15.844017,1.2380,28.83,60.849,2110,mult_2=DAE mult_3=8VH mult_6=F6B mult_7=DAE adder_3=0EM adder_4=02E adder_5=0EM adder_7=02E
sc_cfg116,6.4489,53.2744,10.893928,10.898879,0.0454,26.25,39.616,1509,mult_3=5FA mult_7=AQ1 adder_0=0MH adder_1=02E adder_3=0Q7
sc_cfg117,-26678.5376,-26657.1746,42.242107,42.217652,0.0579,30.14,93.504,3102,mult_1=F6B mult_2=HGP mult_3=8VH mult_4=8VH mult_5=CK3 mult_6=5FA mult_7=8VH mult_8=F6B adder_0=0EM adder_1=02E adder_3=0AV adder_5=0GK adder_6=0DL
sc_cfg118,-13176.8672,-13195.8378,21.414252,21.440440,0.1223,28.34,73.689,2601,mult_0=HGP mult_2=5FA mult_4=8VH mult_6=HGY mult_8=F6B adder_1=0M0 adder_2=0AV adder_3=02E adder_6=0AV
sc_cfg119,-5184.6066,-5190.0468,8.767727,8.777049,0.1063,21.27,49.756,2339,mult_0=DAE mult_6=GPF mult_7=AQ1 mult_8=GPF adder_3=0EM
sc_cfg120,-17687.0253,-18676.2436,29.260844,32.109162,9.7342,35.11,119.316,3398,mult_0=DAE mult_1=F6B mult_3=GPF mult_4=5FA mult_5=DAE mult_6=DAE mult_7=HGY mult_8=HGP adder_1=0Q7 adder_2=0EM adder_3=0AV adder_4=0MH adder_5=0GK adder_6=0MH adder_7=073
sc_cfg121,-3168.5882,-3153.2292,6.186138,6.163865,0.3600,19.17,28.578,1491,mult_0=AQ1 mult_4=F6B mult_7=CK3
sc_cfg122,-2163.8351,-2167.8068,3.832995,3.836563,0.0931,19.67,12.877,655,mult_1=GPF
sc_cfg123,-313.9472,-233.0500,9.333337,9.199668,1.4322,28.85,56.258,1950,mult_0=CK3 mult_1=8VH mult_2=F6B mult_4=AQ1 adder_2=073 adder_4=0DL adder_5=0M0 adder_7=02E
sc_cfg124,-6757.9537,-6759.6099,11.613780,11.617639,0.0332,22.16,23.655,1067,mult_5=CK3 mult_8=8VH adder_5=0Q7
sc_cfg125,-301.3370,-302.2629,2.286200,2.287328,0.0493,29.07,35.602,1225,mult_7=DAE adder_2=0GK adder_3=0DL adder_6=0EM adder_7=0M0
sc_cfg126,-21762.3478,-21781.0464,34.749837,34.781917,0.0923,34.85,99.807,2864,mult_0=8VH mult_1=DAE mult_2=AQ1 mult_3=HGY mult_4=HGY mult_5=8VH mult_7=F6B mult_8=HGP adder_0=0EM adder_1=0GK adder_2=0MH adder_3=0EM adder_4=0M0 adder_6=0Q7 adder_7=0Q7
sc_cfg127,-6970.7770,-6986.1687,13.985694,14.016796,0.2224,21.83,30.252,1386,mult_1=AQ1 mult_6=5FA adder_2=0MH
sc_cfg128,-894.1302,-892.5754,1.582253,1.580396,0.1174,22.32,16.055,719,mult_0=HGY adder_6=0AV
sc_cfg129,519.5993,519.6208,4.398346,4.392421,0.1347,24.90,30.379,1220,mult_6=F6B adder_5=0EM adder_6=0Q7
sc_cfg130,-13467.8589,-13382.3961,23.119320,23.016668,0.4440,35.86,75.161,2096,mult_0=HGY mult_2=DAE mult_4=GPF mult_7=F6B adder_1=073 adder_2=0M0 adder_3=0GK adder_4=0MH adder_5=0AV adder_6=0M0 adder_7=0GK
sc_cfg131,-7499.5913,-7516.1064,12.405660,12.430239,0.1981,26.13,61.171,2341,mult_1=HGP mult_3=AQ1 mult_4=DAE mult_6=GPF mult_8=8VH adder_4=073 adder_5=0GK adder_7=0EM
sc_cfg132,-9410.6772,-9375.2662,23.154338,23.149313,0.0217,29.58,33.616,1136,mult_2=GPF adder_1=073 adder_3=0M0 adder_4=0EM adder_5=0MH
sc_cfg133,24.0053,23.9945,0.044623,0.044600,0.0526,19.63,18.838,960,mult_6=5FA
sc_cfg134,-722.5244,-720.0414,1.424858,1.422622,0.1569,26.56,47.789,1799,mult_0=GPF mult_4=5FA adder_0=0DL adder_5=0AV adder_7=0AV
sc_cfg135,-4997.9127,-5021.0622,11.835964,11.857119,0.1787,29.57,37.237,1259,mult_1=HGY mult_6=8VH adder_0=0GK adder_3=0EM adder_5=02E adder_6=0DL
sc_cfg136,-7949.2081,-7930.1155,13.340662,13.312008,0.2148,24.28,36.089,1486,mult_0=HGY mult_3=CK3 mult_4=AQ1 adder_1=0EM adder_7=0GK
sc_cfg137,-12852.0257,-12862.9652,21.041632,21.056174,0.0691,32.56,100.352,3082,mult_0=DAE mult_1=8VH mult_2=5FA mult_4=CK3 mult_6=CK3 mult_8=5FA adder_0=0EM adder_1=0AV adder_2=0GK adder_3=0EM adder_5=0AV adder_7=0M0
sc_cfg138,16.5773,16.5891,0.051709,0.051744,0.0669,22.80,10.873,477,adder_6=073
sc_cfg139,-7004.6813,-7008.8615,12.132093,12.141044,0.0738,29.25,46.721,1598,mult_0=HGY mult_5=HGP mult_7=DAE adder_2=0Q7 adder_3=0GK adder_4=0AV adder_6=073
sc_cfg140,-9779.9803,-10061.8225,17.476383,17.924800,2.5658,27.20,50.325,1850,mult_3=CK3 mult_5=DAE mult_7=CK3 adder_1=0EM adder_4=0MH adder_6=0GK
sc_cfg141,-6427.0131,-6416.2651,10.668291,10.656986,0.1060,21.62,32.128,1486,mult_0=DAE mult_2=HGP mult_7=HGP adder_0=0M0
sc_cfg142,-4077.0832,-4080.8634,7.218386,7.225692,0.1012,19.66,14.159,720,mult_6=8VH
sc_cfg143,-8481.8041,-8476.7668,15.682035,15.674454,0.0483,23.82,44.186,1855,mult_5=HGY mult_6=8VH mult_7=5FA adder_0=0MH adder_1=0DL
sc_cfg144,-739.7841,-745.6546,3.267228,3.276406,0.2809,27.27,24.238,889,adder_2=0GK adder_3=0GK adder_5=0DL
sc_cfg145,-8109.0614,-8116.9728,13.130905,13.143645,0.0970,33.55,90.979,2712,mult_0=CK3 mult_1=HGP mult_4=5FA mult_6=GPF mult_8=CK3 adder_0=0Q7 adder_1=0M0 adder_3=073 adder_4=0M0 adder_5=0Q7 adder_7=0DL
sc_cfg146,-27816.0766,-27013.2356,44.278150,46.560747,5.1551,37.62,100.654,2676,mult_0=8VH mult_1=AQ1 mult_2=F6B mult_3=CK3 mult_5=CK3 mult_6=HGY mult_7=HGY mult_8=HGP adder_0=0DL adder_1=0DL adder_2=0AV adder_3=073 adder_4=0GK adder_5=0Q7 adder_6=0MH adder_7=0DL
sc_cfg147,-2321.3395,-2331.2349,9.450245,9.409676,0.4293,27.29,25.677,941,mult_1=8VH adder_1=0Q7 adder_2=0DL adder_6=02E
sc_cfg148,-792.7643,-792.4822,1.594549,1.596204,0.1038,31.35,51.706,1649,mult_0=CK3 mult_8=5FA adder_0=0M0 adder_1=0DL adder_2=0DL adder_4=073 adder_5=0EM
sc_cfg149,2617.2316,2579.4760,9.890201,9.788336,1.0300,22.25,24.388,1096,mult_2=F6B mult_8=AQ1 adder_7=02E
sc_cfg150,-17967.5262,-17963.0979,30.337398,30.328707,0.0286,23.78,48.589,2044,mult_0=AQ1 mult_2=8VH mult_3=GPF mult_4=HGY mult_8=HGP adder_5=02E adder_6=0EM
sc_cfg151,-6502.0537,-6467.8050,13.974549,13.947976,0.1902,21.17,43.998,2078,mult_0=AQ1 mult_1=AQ1 mult_6=8VH mult_7=DAE mult_8=HGY adder_1=02E
sc_cfg152,-5984.9920,-5995.9139,11.144375,11.160514,0.1448,32.01,47.551,1486,mult_3=HGP mult_7=AQ1 adder_0=0GK adder_2=0GK adder_4=0M0 adder_5=073 adder_6=0GK
sc_cfg153,-13012.1732,-13001.7909,21.028874,21.015420,0.0640,30.76,70.285,2285,mult_1=HGP mult_2=HGP mult_3=DAE mult_5=CK3 mult_8=F6B adder_0=0AV adder_1=0M0 adder_3=0M0 adder_5=0DL adder_6=0M0
sc_cfg154,-13985.0331,-14012.8022,22.850284,22.891993,0.1825,30.70,73.752,2402,mult_0=HGY mult_3=GPF mult_4=8VH mult_6=5FA mult_8=HGY adder_1=073 adder_2=0DL adder_3=0Q7 adder_5=0EM adder_6=073
sc_cfg155,-5369.2631,-5354.1429,9.341062,9.311652,0.3148,31.71,53.125,1675,mult_0=AQ1 mult_2=HGP mult_8=HGP adder_1=0AV adder_4=0M0 adder_5=0GK adder_6=0EM adder_7=0GK
sc_cfg156,-1449.0906,-1411.1479,23.743258,23.333267,1.7268,33.88,83.892,2476,mult_0=AQ1 mult_2=AQ1 mult_3=5FA mult_4=CK3 mult_7=5FA adder_0=0DL adder_2=02E adder_3=0MH adder_5=0MH adder_6=0Q7 adder_7=02E
sc_cfg157,-21158.9230,-21264.9834,34.986421,34.888805,0.2790,30.12,89.778,2980,mult_0=F6B mult_1=DAE mult_2=CK3 mult_3=HGY mult_4=HGY mult_5=AQ1 mult_6=HGY mult_7=F6B mult_8=8VH adder_0=0AV adder_1=0EM adder_4=073 adder_5=0DL adder_7=02E
sc_cfg158,-18277.3345,-18069.9260,30.603736,30.352861,0.8198,33.28,98.190,2950,mult_0=5FA mult_1=8VH mult_2=HGP mult_3=GPF mult_4=HGP mult_5=F6B mult_8=CK3 adder_0=0AV adder_1=0EM adder_2=0M0 adder_4=0DL adder_5=0GK adder_7=02E
sc_cfg159,-4337.1215,-4333.6951,7.195298,7.189569,0.0796,24.32,42.981,1768,mult_1=CK3 mult_5=AQ1 mult_7=GPF adder_5=0EM adder_6=0DL
sc_cfg160,-893.3876,-891.8181,1.581266,1.579391,0.1186,19.64,13.609,693,mult_0=GPF
sc_cfg161,-24226.0382,-21088.3143,42.838089,35.912755,16.1663,37.61,118.771,3158,mult_0=5FA mult_1=CK3 mult_2=HGP mult_3=F6B mult_4=F6B mult_5=5FA mult_6=CK3 mult_7=HGY mult_8=HGY adder_0=0EM adder_1=0DL adder_2=0MH adder_3=0GK adder_4=073 adder_5=0DL adder_6=0EM adder_7=0MH
sc_cfg162,-15293.0541,-15297.9405,24.671002,24.680186,0.0372,34.96,102.897,2943,mult_0=5FA mult_1=DAE mult_2=AQ1 mult_3=HGY mult_5=CK3 mult_7=8VH mult_8=8VH adder_0=0EM adder_1=0GK adder_2=073 adder_3=073 adder_5=0AV adder_6=0EM adder_7=0AV
sc_cfg163,-9117.8445,-9119.8213,15.052430,15.056335,0.0259,21.39,36.854,1723,mult_0=GPF mult_1=HGY mult_5=HGP mult_8=DAE adder_3=0M0
sc_cfg164,-3377.3653,-3378.7490,10.443362,10.436121,0.0693,33.71,59.975,1779,mult_0=8VH mult_6=HGY mult_7=5FA adder_0=0DL adder_2=0M0 adder_3=0M0 adder_4=0GK adder_5=02E adder_6=0Q7
sc_cfg165,-225.4339,-230.9308,2.122809,2.129431,0.3119,28.87,38.393,1330,mult_0=5FA adder_0=073 adder_1=0Q7 adder_3=0GK adder_4=0M0
sc_cfg166,3145.1847,2135.6122,23.106485,23.356016,1.0799,38.06,96.461,2535,mult_0=AQ1 mult_1=HGP mult_2=F6B mult_3=HGY mult_4=F6B mult_5=DAE mult_7=AQ1 mult_8=HGY adder_0=0MH adder_1=073 adder_2=02E adder_3=0DL adder_4=0M0 adder_5=0MH adder_6=02E adder_7=0M0
sc_cfg167,-10902.7046,-10902.5338,18.963742,18.956356,0.0389,26.92,55.735,2070,mult_0=F6B mult_1=GPF mult_5=8VH mult_8=AQ1 adder_3=0MH adder_5=0DL adder_7=073
sc_cfg168,-1097.8613,-1093.8264,2.862109,2.848274,0.4834,24.05,48.608,2021,mult_0=GPF mult_2=DAE mult_4=AQ1 mult_5=AQ1 adder_4=0GK adder_5=0M0
sc_cfg169,-6380.0541,-6358.8974,10.742475,10.716130,0.2452,26.81,38.255,1427,mult_6=8VH mult_7=F6B adder_1=0M0 adder_4=0M0 adder_7=0GK
sc_cfg170,-7186.7497,-7206.9580,21.728234,21.713434,0.0681,26.64,46.465,1744,mult_3=5FA mult_5=AQ1 adder_2=0M0 adder_5=0EM adder_6=0MH
sc_cfg171,-22018.4209,-22129.6163,36.231278,36.401668,0.4703,37.67,103.428,2745,mult_0=HGP mult_1=HGP mult_2=CK3 mult_3=HGY mult_5=AQ1 mult_6=HGY mult_7=AQ1 mult_8=GPF adder_0=0M0 adder_1=0GK adder_2=0MH adder_3=0MH adder_4=0GK adder_5=0EM adder_6=0M0 adder_7=0DL
sc_cfg172,-10428.2207,-10444.9298,17.936087,17.965084,0.1617,26.07,64.275,2466,mult_0=DAE mult_1=DAE mult_2=CK3 mult_4=GPF mult_6=F6B adder_3=0M0 adder_4=0EM adder_5=0Q7
sc_cfg173,-18364.4318,-18386.4389,29.670023,29.706523,0.1230,23.88,40.041,1676,mult_3=HGP mult_4=CK3 mult_5=HGP adder_0=0DL adder_3=0Q7
sc_cfg174,534.3844,575.2178,8.925816,8.930394,0.0513,22.26,12.585,565,adder_2=02E
sc_cfg175,-2029.8959,-2037.6281,3.897089,3.904972,0.2023,19.42,22.069,1136,mult_0=F6B mult_1=F6B
sc_cfg176,-18950.8522,-18956.8502,30.350652,30.366323,0.0516,18.74,48.311,2578,mult_2=CK3 mult_4=CK3 mult_5=CK3 mult_7=HGP mult_8=DAE
sc_cfg177,-11794.4730,-12268.0032,21.753177,22.212494,2.1115,36.04,107.102,2972,mult_2=GPF mult_3=5FA mult_5=AQ1 mult_6=GPF mult_7=AQ1 mult_8=GPF adder_0=02E adder_1=0EM adder_3=0AV adder_4=0MH adder_5=0Q7 adder_6=0GK adder_7=02E
sc_cfg178,-4446.5163,-4438.3232,10.330063,10.329364,0.0068,25.12,13.091,521,adder_1=0MH adder_5=073
sc_cfg179,-19614.3920,-19517.0059,32.441346,32.220717,0.6801,35.11,95.210,2712,mult_0=8VH mult_1=HGY mult_2=8VH mult_4=8VH mult_5=F6B mult_6=GPF mult_7=8VH mult_8=HGY adder_0=0MH adder_1=073 adder_2=0AV adder_3=0GK adder_4=0M0 adder_5=0Q7 adder_7=02E
sc_cfg180,1528.3138,1538.3409,6.492811,6.503049,0.1577,22.02,16.456,747,mult_3=DAE adder_0=0MH
sc_cfg181,27.1546,27.3706,0.058916,0.059153,0.4012,21.67,50.060,2310,mult_1=5FA mult_2=5FA mult_8=AQ1 adder_2=0EM
sc_cfg182,0.4965,0.4912,0.003594,0.003589,0.1235,19.63,13.842,705,mult_1=AQ1
sc_cfg183,-11996.2855,-11979.1551,19.858578,19.835033,0.1186,33.67,78.451,2330,mult_2=HGP mult_4=CK3 mult_5=5FA mult_8=8VH adder_0=0DL adder_3=073 adder_4=073 adder_5=0GK adder_6=0GK adder_7=0AV
sc_cfg184,-10200.1348,-10196.4218,16.692161,16.688093,0.0244,21.63,29.952,1385,mult_1=GPF mult_5=HGY mult_7=8VH adder_1=0AV
sc_cfg185,-4937.9673,-4935.6288,8.422354,8.423417,0.0126,27.02,35.089,1299,mult_2=HGY mult_8=GPF adder_1=073 adder_4=0EM adder_6=0Q7
sc_cfg186,-2012.6686,-6025.5515,17.397084,16.564037,4.7884,26.97,39.827,1477,mult_3=8VH mult_6=CK3 adder_4=0Q7 adder_6=0M0 adder_7=0MH
sc_cfg187,-10432.4823,-10442.3126,17.280255,17.298519,0.1057,30.39,97.360,3203,mult_0=HGY mult_1=5FA mult_2=AQ1 mult_3=AQ1 mult_4=CK3 mult_7=CK3 mult_8=F6B adder_0=0DL adder_1=0Q7 adder_2=0GK adder_3=0DL adder_5=0Q7
sc_cfg188,15.5452,15.6480,0.138884,0.139043,0.1144,22.03,23.827,1082,mult_3=5FA adder_2=0M0
sc_cfg189,-6616.3109,-6620.2487,14.145769,14.156355,0.0748,31.09,73.591,2367,mult_0=AQ1 mult_1=AQ1 mult_3=GPF mult_5=DAE mult_8=HGP adder_2=0DL adder_3=0EM adder_4=0M0 adder_5=02E adder_6=0AV
sc_cfg190,-7690.1359,-7680.2286,13.871196,13.860070,0.0802,26.60,44.313,1666,mult_5=8VH mult_6=F6B mult_7=8VH adder_0=0GK adder_2=0Q7 adder_6=0EM
sc_cfg191,-3003.6791,-3004.6100,6.976054,6.971235,0.0691,26.33,43.111,1637,mult_0=5FA mult_2=DAE adder_0=0DL adder_2=0GK adder_3=02E
sc_cfg192,-10634.4623,-10610.5979,19.785776,19.759368,0.1335,31.16,71.480,2294,mult_0=HGP mult_3=GPF mult_5=F6B mult_7=GPF adder_0=0M0 adder_1=0MH adder_2=02E adder_3=0M0 adder_6=0M0
sc_cfg193,-12170.7297,-12174.9584,19.793504,19.798636,0.0259,25.96,72.024,2774,mult_1=CK3 mult_2=HGY mult_3=GPF mult_4=DAE mult_6=DAE mult_7=DAE adder_0=0EM adder_2=073 adder_5=073
sc_cfg194,-213.0984,-212.4734,0.438625,0.438043,0.1327,24.10,39.422,1636,mult_4=5FA mult_8=DAE adder_0=0EM adder_2=0M0
sc_cfg195,-12782.5956,-12791.6619,21.984068,22.006879,0.1038,26.44,49.223,1862,mult_2=DAE mult_4=8VH mult_8=F6B adder_1=0MH adder_3=0Q7 adder_6=0GK
sc_cfg196,-4493.2443,-4471.9640,13.525188,13.513876,0.0836,38.07,90.962,2389,mult_3=DAE mult_4=GPF mult_6=F6B mult_8=5FA adder_0=073 adder_1=0GK adder_2=073 adder_3=0EM adder_4=0Q7 adder_5=02E adder_6=0Q7 adder_7=0DL
sc_cfg197,-13014.2541,-13023.7995,23.222240,23.232017,0.0421,35.82,81.363,2272,mult_1=5FA mult_4=HGP mult_6=AQ1 mult_7=5FA adder_0=0M0 adder_1=0M0 adder_2=0MH adder_3=0Q7 adder_4=0MH adder_6=073 adder_7=0Q7
sc_cfg198,296.7472,337.3816,9.926474,9.910643,0.1595,32.77,89.280,2725,mult_0=8VH mult_1=5FA mult_2=F6B mult_3=AQ1 mult_4=AQ1 mult_6=AQ1 adder_0=0Q7 adder_1=0M0 adder_2=02E adder_5=073 adder_6=0EM adder_7=0M0
sc_cfg199,3909.9908,524.7160,13.883878,13.542698,2.4574,26.60,51.974,1954,mult_0=5FA mult_1=F6B mult_2=HGP adder_1=0EM adder_6=02E adder_7=0MH
sc_cfg200,-5607.8890,-5618.9055,9.077104,9.093817,0.1841,30.32,95.136,3138,mult_0=DAE mult_1=HGP mult_3=AQ1 mult_4=DAE mult_5=DAE mult_7=GPF mult_8=HGP adder_1=0M0 adder_3=0M0 adder_4=0AV adder_6=0DL adder_7=0DL
sc_cfg201,-1786.0356,-1785.5789,2.956346,2.955856,0.0166,19.56,18.155,928,mult_0=HGP mult_8=HGP
sc_cfg202,1.9997,2.0007,0.004596,0.004600,0.0888,22.28,13.547,608,adder_1=0EM
sc_cfg203,-2163.8351,-2167.8068,3.832995,3.836563,0.0931,19.63,13.615,693,mult_1=CK3
sc_cfg204,-288.5977,-295.1772,2.210635,2.217553,0.3130,22.24,11.774,529,adder_1=0GK
sc_cfg205,-17678.6729,-18657.8952,30.337427,31.922828,5.2259,28.61,71.053,2483,mult_1=GPF mult_3=HGP mult_4=HGY mult_5=F6B mult_6=HGY mult_7=AQ1 adder_0=0MH adder_2=0M0 adder_4=0MH adder_7=02E
sc_cfg206,-26719.3778,-25855.1380,42.887254,45.046787,5.0354,28.35,64.686,2282,mult_1=CK3 mult_2=HGP mult_4=HGY mult_6=HGP mult_7=AQ1 mult_8=HGP adder_0=073 adder_1=0GK adder_2=0MH adder_6=0MH
sc_cfg207,-2809.9722,-2993.2212,8.725308,8.851259,1.4435,28.16,89.852,3191,mult_0=GPF mult_2=F6B mult_4=F6B mult_5=5FA mult_6=F6B mult_7=GPF adder_0=0DL adder_1=073 adder_2=0M0 adder_6=0GK
sc_cfg208,-17879.6742,-17876.7328,33.327091,33.342769,0.0470,28.09,79.034,2813,mult_0=HGY mult_1=AQ1 mult_2=HGP mult_3=HGP mult_5=AQ1 mult_6=8VH mult_8=GPF adder_0=0DL adder_5=0MH adder_6=073 adder_7=0AV
sc_cfg209,-8289.9212,-8273.8647,15.849555,15.830718,0.1189,35.49,97.893,2759,mult_0=5FA mult_2=8VH mult_4=AQ1 mult_5=AQ1 mult_6=HGP mult_8=CK3 adder_1=02E adder_2=0Q7 adder_3=073 adder_4=0GK adder_5=0EM adder_6=0DL adder_7=0EM
sc_cfg210,55.3786,55.8518,0.370861,0.370603,0.0695,22.33,18.953,849,mult_3=DAE adder_4=0AV
sc_cfg211,-3896.3193,-3887.7409,6.370847,6.359027,0.1855,28.92,62.145,2149,mult_0=HGP mult_2=AQ1 mult_7=GPF mult_8=CK3 adder_0=0AV adder_2=073 adder_5=0EM adder_7=073
sc_cfg212,-4020.8965,-4024.0454,7.152625,7.159616,0.0977,23.88,43.018,1801,mult_3=AQ1 mult_5=DAE mult_6=8VH adder_0=0EM adder_3=0EM
sc_cfg213,-25458.6358,-25497.1208,40.351355,40.410659,0.1470,35.59,97.788,2748,mult_0=CK3 mult_1=8VH mult_2=HGP mult_3=CK3 mult_5=HGP mult_8=GPF adder_1=073 adder_2=0MH adder_3=0M0 adder_4=0GK adder_5=0AV adder_6=0EM adder_7=073
sc_cfg214,-22594.9663,-15649.3395,39.367708,28.336379,28.0213,28.52,79.391,2784,mult_0=HGY mult_1=CK3 mult_2=8VH mult_3=5FA mult_4=GPF mult_5=GPF adder_0=073 adder_2=0AV adder_6=073 adder_7=0MH
sc_cfg215,-19129.4146,-19137.4304,30.498296,30.509329,0.0362,37.87,104.309,2754,mult_0=8VH mult_1=GPF mult_3=HGP mult_4=F6B mult_5=HGY mult_6=DAE mult_7=GPF mult_8=HGP adder_0=02E adder_1=0M0 adder_2=0GK adder_3=0EM adder_4=073 adder_5=0M0 adder_6=073 adder_7=0Q7
sc_cfg216,-21862.6387,-21763.6141,35.506790,35.365617,0.3976,33.24,85.400,2569,mult_0=GPF mult_2=CK3 mult_3=DAE mult_4=8VH mult_5=HGY mult_7=AQ1 mult_8=F6B adder_0=0M0 adder_1=0MH adder_2=0EM adder_3=02E adder_4=0DL adder_6=0DL
sc_cfg217,-23031.6665,-30339.5498,37.677840,48.539669,28.8282,37.84,114.455,3024,mult_0=DAE mult_1=GPF mult_2=HGY mult_3=CK3 mult_5=8VH mult_6=5FA mult_7=AQ1 mult_8=DAE adder_0=0Q7 adder_1=0MH adder_2=073 adder_3=0MH adder_4=073 adder_5=0DL adder_6=0MH adder_7=0Q7
sc_cfg218,-8029.9469,-8009.0546,16.380463,16.366370,0.0860,24.93,22.041,884,mult_4=CK3 adder_1=02E adder_5=0AV
sc_cfg219,-2154.3706,-2158.4900,3.820754,3.824554,0.0995,22.00,30.475,1385,mult_1=8VH mult_7=5FA adder_7=073
sc_cfg220,-9412.8644,-9381.1671,23.155301,23.155339,0.0002,29.36,44.598,1519,mult_2=HGP mult_5=5FA adder_1=073 adder_3=0Q7 adder_4=0Q7 adder_5=0MH
sc_cfg221,-6092.4258,-6093.9771,10.902476,10.901571,0.0083,26.80,45.035,1680,mult_1=AQ1 mult_3=HGY mult_6=DAE adder_3=0Q7 adder_5=073 adder_6=0GK
sc_cfg222,-6018.1212,-5589.8604,11.898562,11.431720,3.9235,38.64,100.738,2607,mult_1=5FA mult_2=F6B mult_3=DAE mult_5=GPF adder_0=0DL adder_1=0DL adder_2=0EM adder_3=0GK adder_4=0DL adder_5=0GK adder_6=0GK adder_7=0AV
sc_cfg223,-1391.6937,-1384.7828,10.636992,10.607232,0.2798,28.49,83.046,2915,mult_1=5FA mult_2=5FA mult_3=5FA mult_4=AQ1 mult_5=F6B adder_1=0GK adder_2=02E adder_3=02E adder_6=073
sc_cfg224,-6615.1799,-6633.1914,11.719105,11.748282,0.2490,26.84,41.279,1538,mult_3=AQ1 mult_4=CK3 adder_3=0EM adder_6=0EM adder_7=0AV
sc_cfg225,-9830.0213,-9581.6398,19.552850,19.236718,1.6168,26.21,73.326,2798,mult_2=GPF mult_3=AQ1 mult_4=8VH mult_5=5FA mult_7=5FA adder_2=0MH adder_3=0EM adder_7=02E
sc_cfg226,-15651.1614,-15668.1501,26.399777,26.412290,0.0474,36.07,90.337,2505,mult_0=GPF mult_2=5FA mult_3=5FA mult_4=HGP mult_8=8VH adder_0=02E adder_1=073 adder_2=0M0 adder_3=02E adder_4=0MH adder_5=0GK adder_7=0Q7
sc_cfg227,-12620.4530,-12620.6158,20.342907,20.347569,0.0229,21.70,59.152,2726,mult_0=CK3 mult_1=F6B mult_2=GPF mult_4=AQ1 mult_6=GPF mult_7=8VH adder_2=0GK
sc_cfg228,-11420.0164,-11425.8644,20.004786,20.020140,0.0768,41.74,55.442,1328,mult_1=HGP mult_7=CK3 adder_0=0MH adder_2=0MH adder_3=0GK adder_4=0GK adder_5=073 adder_6=0EM adder_7=0EM
sc_cfg229,-1526.2649,-1529.6738,4.830460,4.837005,0.1355,22.60,16.362,724,mult_3=F6B adder_4=0GK
sc_cfg230,-7810.2561,-7814.8691,13.264736,13.272251,0.0567,33.73,69.178,2051,mult_3=CK3 mult_6=DAE mult_7=F6B mult_8=F6B adder_1=0EM adder_2=0DL adder_4=0M0 adder_5=0AV adder_6=073 adder_7=0M0
sc_cfg231,-11627.3980,-11627.5431,20.756321,20.755314,0.0049,24.08,36.155,1501,mult_2=AQ1 mult_4=HGP mult_6=F6B adder_3=073 adder_4=0MH
sc_cfg232,-12007.5302,-12004.9024,19.558960,19.555175,0.0194,26.76,28.925,1081,mult_3=CK3 mult_7=HGY adder_1=0DL adder_3=0MH adder_5=0DL
sc_cfg233,-17896.1707,-19675.1857,30.406257,32.917961,8.2605,32.54,97.046,2982,mult_1=GPF mult_2=GPF mult_4=CK3 mult_5=HGY mult_6=F6B mult_7=5FA mult_8=HGP adder_0=0MH adder_1=0Q7 adder_2=02E adder_5=0AV adder_6=02E adder_7=0EM
sc_cfg234,-4043.5634,-4047.3375,7.174092,7.181333,0.1009,22.07,16.937,768,mult_6=CK3 adder_3=073
sc_cfg235,-15328.0046,-15337.6807,26.127024,26.140514,0.0516,31.30,66.359,2120,mult_2=8VH mult_3=GPF mult_5=F6B mult_8=HGY adder_2=0GK adder_4=02E adder_5=02E adder_6=0M0 adder_7=0Q7
sc_cfg236,-1039.8921,-1052.1404,5.296867,5.282759,0.2663,32.70,78.137,2390,mult_2=F6B mult_3=5FA mult_4=AQ1 mult_8=F6B adder_0=0Q7 adder_1=073 adder_2=0GK adder_3=073 adder_6=0EM adder_7=0GK
sc_cfg237,-8289.4088,-8244.4774,22.975452,22.976296,0.0037,26.41,39.956,1513,mult_2=CK3 mult_6=F6B mult_8=8VH adder_0=0MH adder_2=0M0 adder_5=0MH
sc_cfg238,-21878.9413,-21906.3701,35.532714,35.574948,0.1189,31.37,65.616,2092,mult_0=GPF mult_3=GPF mult_5=CK3 mult_6=8VH adder_1=0GK adder_2=0MH adder_4=0EM adder_5=0MH adder_6=0EM
sc_cfg239,-22910.3365,-23464.9362,38.862615,38.948732,0.2216,32.85,83.693,2548,mult_3=HGP mult_4=HGP mult_5=GPF mult_6=8VH mult_7=8VH mult_8=F6B adder_0=0MH adder_1=02E adder_3=0DL adder_4=0M0 adder_5=073 adder_7=02E
sc_cfg240,-17744.2979,-18695.7642,29.418316,30.918380,5.0991,33.57,84.128,2506,mult_0=5FA mult_2=HGP mult_3=F6B mult_4=HGP mult_6=GPF adder_1=0GK adder_3=073 adder_4=0GK adder_5=0Q7 adder_6=02E adder_7=0EM
sc_cfg241,-12855.1921,-12844.0165,21.077707,21.067277,0.0495,30.03,91.006,3030,mult_1=5FA mult_2=HGP mult_3=HGP mult_4=F6B mult_6=DAE mult_7=F6B mult_8=8VH adder_0=0AV adder_1=073 adder_3=0AV adder_5=073 adder_6=0AV
sc_cfg242,107.4554,215.3989,23.395180,23.396425,0.0053,34.75,105.541,3037,mult_0=GPF mult_1=HGP mult_2=HGP mult_3=DAE mult_4=DAE mult_5=AQ1 mult_6=DAE mult_7=CK3 adder_0=0DL adder_1=02E adder_2=02E adder_3=0EM adder_4=0GK adder_5=0MH adder_7=0EM
sc_cfg243,605.8725,616.0806,6.187681,6.193217,0.0895,29.09,36.691,1261,mult_2=DAE mult_8=HGY adder_0=0MH adder_1=0EM adder_2=0M0 adder_6=0DL
sc_cfg244,-23538.8499,-23489.0955,37.318500,37.247791,0.1895,32.68,90.381,2765,mult_0=CK3 mult_1=AQ1 mult_2=GPF mult_3=GPF mult_4=8VH mult_6=HGY mult_7=CK3 adder_0=0M0 adder_1=0AV adder_3=073 adder_4=073 adder_5=0Q7 adder_6=0DL
sc_cfg245,-1413.6198,-1374.7519,9.329254,9.327703,0.0166,26.97,27.020,1002,adder_1=02E adder_2=0AV adder_4=0Q7
sc_cfg246,-13225.0103,-13784.9303,23.078813,23.967088,3.8489,35.71,94.341,2642,mult_0=5FA mult_1=CK3 mult_2=8VH mult_4=HGP mult_8=F6B adder_1=0M0 adder_2=0Q7 adder_3=0EM adder_4=0Q7 adder_5=0GK adder_6=02E adder_7=0AV
sc_cfg247,-19975.8619,-19992.3112,31.947215,31.976579,0.0919,37.24,112.324,3016,mult_0=DAE mult_2=AQ1 mult_3=5FA mult_4=HGP mult_5=HGP mult_6=HGP mult_7=CK3 mult_8=HGY adder_0=0GK adder_1=0AV adder_2=0AV adder_3=073 adder_4=0EM adder_5=0GK adder_6=073 adder_7=0GK
sc_cfg248,-18968.5047,-19048.2641,32.829951,32.941425,0.3395,37.17,125.965,3389,mult_0=F6B mult_1=AQ1 mult_2=8VH mult_3=8VH mult_4=5FA mult_5=F6B mult_6=GPF mult_7=F6B mult_8=8VH adder_0=0GK adder_1=0Q7 adder_2=0MH adder_3=0M0 adder_4=0Q7 adder_5=02E adder_6=0DL adder_7=073
sc_cfg249,-17430.0757,-17684.8172,29.055901,29.405109,1.2018,30.33,97.657,3220,mult_0=GPF mult_1=CK3 mult_2=CK3 mult_3=DAE mult_4=GPF mult_6=CK3 mult_7=GPF mult_8=AQ1 adder_1=073 adder_2=0M0 adder_5=073 adder_6=0Q7 adder_7=02E
sc_cfg250,-110.1175,-62.5201,10.941194,10.945909,0.0431,32.29,28.247,875,adder_0=0MH adder_1=02E adder_2=073 adder_4=0DL adder_6=0M0
sc_cfg251,-12493.6058,-12499.2960,20.288146,20.293897,0.0283,27.05,37.048,1370,mult_1=HGY mult_2=HGY mult_3=8VH adder_0=0AV adder_3=0DL adder_4=0GK
sc_cfg252,15.0226,15.3144,0.129205,0.129400,0.1506,22.64,10.019,443,adder_5=0M0
sc_cfg253,-17191.9707,-17235.6159,33.308115,33.526772,0.6565,37.68,96.203,2553,mult_0=AQ1 mult_2=AQ1 mult_4=8VH mult_5=5FA mult_6=8VH adder_0=0GK adder_1=0EM adder_2=073 adder_3=073 adder_4=0DL adder_5=0AV adder_6=0MH adder_7=0AV
sc_cfg254,-18866.3739,-18872.2082,30.114761,30.123732,0.0298,28.44,67.476,2373,mult_0=8VH mult_1=8VH mult_2=CK3 mult_3=HGP mult_4=AQ1 mult_5=HGP adder_0=0GK adder_1=0Q7 adder_4=0Q7 adder_6=0EM
sc_cfg255,-11008.8189,-11040.7215,20.049046,20.095597,0.2322,25.47,65.845,2585,mult_0=HGP mult_1=F6B mult_2=F6B mult_6=5FA mult_7=8VH mult_8=HGY adder_0=0GK adder_2=0MH adder_3=0GK
sc_cfg256,-12772.1078,-12787.8552,22.545613,22.578860,0.1475,21.98,46.371,2110,mult_0=AQ1 mult_4=8VH mult_5=HGY mult_6=5FA adder_5=02E
sc_cfg257,-17511.7123,-17169.9307,33.246868,32.889709,1.0743,26.51,65.324,2464,mult_2=5FA mult_5=HGY mult_6=CK3 mult_8=5FA adder_0=0EM adder_5=0DL adder_6=0MH
sc_cfg258,542.1752,542.3708,4.407044,4.401533,0.1251,24.04,38.596,1606,mult_1=5FA mult_6=F6B adder_2=0M0 adder_3=0Q7
sc_cfg259,-11373.3256,-11316.3620,21.978363,21.920227,0.2645,33.34,82.561,2477,mult_2=CK3 mult_3=5FA mult_6=CK3 mult_7=CK3 mult_8=HGY adder_1=02E adder_2=02E adder_4=02E adder_5=0DL adder_6=0EM adder_7=0AV
sc_cfg260,-5457.2905,-5450.8061,13.441251,13.439304,0.0145,30.27,98.784,3264,mult_0=DAE mult_1=HGY mult_2=CK3 mult_3=F6B mult_4=DAE mult_5=DAE mult_7=F6B mult_8=GPF adder_0=0DL adder_1=02E adder_3=0AV adder_4=073 adder_5=0M0
sc_cfg261,-8329.5746,-8756.9786,16.755684,17.314793,3.3368,30.97,62.752,2026,mult_0=F6B mult_2=CK3 mult_4=F6B mult_5=DAE adder_2=0DL adder_3=02E adder_4=0DL adder_6=02E adder_7=0DL
sc_cfg262,-19583.2333,-19603.8999,31.997399,32.028761,0.0980,35.89,79.054,2202,mult_2=HGY mult_3=8VH mult_4=CK3 mult_6=F6B mult_8=F6B adder_1=0GK adder_2=0EM adder_3=0MH adder_4=0Q7 adder_5=073 adder_6=0Q7 adder_7=0Q7
sc_cfg263,-12273.5935,-12276.7780,20.298997,20.299312,0.0016,33.75,60.557,1794,mult_2=GPF mult_4=AQ1 mult_5=F6B adder_0=0M0 adder_1=0MH adder_2=073 adder_4=0MH adder_5=0DL adder_7=0Q7
sc_cfg264,-7207.9134,-7213.3214,21.754763,21.721426,0.1532,25.16,14.190,564,adder_3=0Q7 adder_6=0MH
sc_cfg265,-3886.3234,-3789.2096,11.250296,11.065889,1.6391,26.62,46.390,1743,mult_5=GPF mult_7=AQ1 mult_8=AQ1 adder_3=0M0 adder_6=0AV adder_7=02E
sc_cfg266,-19372.0520,-20037.6090,32.775505,33.740536,2.9444,28.36,69.653,2456,mult_0=HGP mult_1=CK3 mult_4=DAE mult_5=CK3 mult_7=HGP mult_8=DAE adder_1=02E adder_3=0M0 adder_5=0MH adder_7=0GK
sc_cfg267,3.3297,3.4158,0.040583,0.040564,0.0458,22.48,23.110,1028,mult_0=5FA adder_7=0Q7
sc_cfg268,-21662.0975,-21688.3215,34.720160,34.760495,0.1162,28.40,90.069,3172,mult_0=5FA mult_2=GPF mult_3=F6B mult_4=8VH mult_5=CK3 mult_6=HGP adder_1=0AV adder_4=073 adder_5=0GK adder_7=0AV
sc_cfg269,-91.1439,-107.1667,8.381327,8.392975,0.1390,25.29,19.233,761,adder_3=0DL adder_5=02E
sc_cfg270,-5531.6938,-5512.9315,18.635078,18.599959,0.1885,32.37,95.391,2947,mult_0=5FA mult_1=DAE mult_2=HGY mult_3=F6B mult_4=DAE mult_5=DAE mult_6=CK3 adder_0=0GK adder_1=0MH adder_2=02E adder_3=0MH adder_5=02E adder_7=073
sc_cfg271,-3928.3123,-3919.5458,8.597561,8.578787,0.2184,29.13,35.266,1211,mult_4=F6B adder_0=0GK adder_3=02E adder_4=0AV adder_7=073
sc_cfg272,-12159.0771,-12120.1607,23.548194,23.507752,0.1717,33.30,84.394,2535,mult_0=F6B mult_2=DAE mult_4=HGP mult_6=8VH mult_7=DAE adder_1=02E adder_2=0Q7 adder_3=073 adder_4=0GK adder_5=02E adder_7=073
sc_cfg273,-10683.8675,-10687.5407,18.923875,18.926997,0.0165,24.34,44.226,1817,mult_0=F6B mult_3=GPF mult_5=8VH adder_0=0MH adder_6=073
sc_cfg274,-5849.4046,-5839.0504,10.754959,10.739928,0.1398,21.47,48.194,2245,mult_1=HGP mult_3=5FA mult_6=DAE mult_7=8VH adder_3=02E
sc_cfg275,-16052.6393,-16061.2777,25.756595,25.773213,0.0645,18.81,48.027,2553,mult_0=F6B mult_1=F6B mult_2=GPF mult_5=8VH mult_6=CK3
sc_cfg276,-4764.7184,-4755.1248,10.819081,10.813663,0.0501,26.81,52.531,1960,mult_2=GPF mult_5=F6B mult_8=CK3 adder_0=0MH adder_5=0DL adder_7=0EM
sc_cfg277,-13368.6141,-13315.5956,23.405721,23.336324,0.2965,35.40,87.398,2469,mult_0=HGP mult_1=8VH mult_3=GPF mult_4=AQ1 mult_6=8VH adder_0=0MH adder_1=073 adder_2=02E adder_3=0GK adder_4=0AV adder_6=0AV adder_7=0GK
sc_cfg278,-2114.6801,-2035.2154,13.186286,13.145551,0.3089,26.96,37.521,1392,mult_3=5FA adder_1=02E adder_2=02E adder_7=0GK
sc_cfg279,-8918.2385,-8919.0436,14.612056,14.619657,0.0520,24.11,52.998,2198,mult_2=HGP mult_5=DAE mult_6=GPF mult_8=F6B adder_1=0M0 adder_4=0AV
sc_cfg280,-15751.7635,-16444.2569,26.793278,27.847475,3.9346,31.03,67.939,2190,mult_1=HGY mult_4=HGP mult_5=HGY mult_6=8VH mult_8=5FA adder_0=073 adder_1=0DL adder_5=0DL adder_6=0M0 adder_7=02E
sc_cfg281,-29856.3977,-29883.2768,46.921927,46.962470,0.0864,34.46,124.030,3599,mult_0=AQ1 mult_1=CK3 mult_2=GPF mult_3=5FA mult_4=GPF mult_5=GPF mult_6=AQ1 mult_7=GPF mult_8=AQ1 adder_0=0EM adder_1=0GK adder_2=0EM adder_3=02E adder_4=0MH adder_5=0MH adder_7=0M0
sc_cfg282,-6931.8865,-6453.7120,14.327717,13.821429,3.5336,28.82,74.969,2601,mult_0=GPF mult_1=F6B mult_2=5FA mult_5=CK3 mult_6=DAE adder_0=073 adder_1=0Q7 adder_4=02E adder_6=0GK
sc_cfg283,-8159.4279,-8162.6937,16.019726,16.023074,0.0209,21.95,24.594,1121,mult_1=GPF mult_4=HGP adder_2=02E
sc_cfg284,-1038.1852,-1026.5669,2.726169,2.714527,0.4271,31.81,47.372,1489,mult_7=F6B adder_2=0AV adder_3=073 adder_4=073 adder_6=0Q7 adder_7=0M0
sc_cfg285,-13616.7734,-13647.6655,22.675855,22.724147,0.2130,26.44,51.702,1956,mult_1=DAE mult_3=F6B mult_4=HGP mult_5=CK3 adder_4=0M0 adder_6=0GK adder_7=0AV
sc_cfg286,520.9798,520.9281,4.398401,4.392771,0.1280,22.05,17.909,812,mult_6=F6B adder_7=0EM
sc_cfg287,-8155.0272,-8155.2568,13.497496,13.504126,0.0491,19.23,30.803,1602,mult_2=GPF mult_6=HGY mult_7=5FA
sc_cfg288,-12156.7458,-12175.3028,20.430208,20.459586,0.1438,26.24,64.626,2463,mult_1=HGP mult_2=CK3 mult_4=GPF mult_5=5FA mult_6=F6B adder_1=0DL adder_5=0DL adder_6=073
sc_cfg289,-692.6213,-674.8056,6.429265,6.433245,0.0619,24.25,20.563,848,mult_7=8VH adder_0=0MH adder_1=0Q7
sc_cfg290,-19359.0025,-19282.3890,32.375513,32.285111,0.2792,33.06,89.588,2710,mult_0=AQ1 mult_1=HGY mult_2=5FA mult_5=HGP mult_6=CK3 mult_7=HGY mult_8=GPF adder_0=0DL adder_2=0GK adder_3=0GK adder_4=0MH adder_5=02E adder_7=0M0
sc_cfg291,-1938.6048,-5300.5293,16.618189,15.366331,7.5331,26.22,59.573,2272,mult_0=HGY mult_1=CK3 mult_2=HGY mult_7=8VH mult_8=5FA adder_1=0EM adder_5=0DL adder_7=0MH
sc_cfg292,-14134.4192,-14153.3226,24.075993,24.104180,0.1171,33.28,72.945,2192,mult_2=DAE mult_3=F6B mult_6=HGY mult_8=F6B adder_0=0AV adder_2=0MH adder_3=02E adder_4=0AV adder_5=0Q7 adder_7=0DL
sc_cfg293,-997.3103,-997.7016,1.753709,1.754263,0.0316,19.01,42.853,2254,mult_5=5FA mult_6=DAE mult_7=DAE mult_8=8VH
sc_cfg294,-183.0379,-179.2816,2.085153,2.088460,0.1586,24.52,34.615,1412,mult_0=5FA adder_0=0GK adder_5=0Q7
sc_cfg295,-10520.8003,-10456.2877,19.307504,19.221107,0.4475,32.61,109.825,3368,mult_0=8VH mult_1=8VH mult_2=DAE mult_4=5FA mult_5=GPF mult_7=GPF mult_8=HGP adder_0=073 adder_1=0AV adder_2=02E adder_3=073 adder_5=0AV adder_7=0GK
sc_cfg296,-5865.3057,-5865.8491,10.382721,10.385703,0.0287,22.56,22.867,1014,mult_5=GPF adder_5=0Q7
sc_cfg297,-9943.8340,-9948.1921,16.500882,16.507173,0.0381,19.51,18.763,962,mult_5=HGP mult_6=8VH
sc_cfg298,-4268.5788,-4261.2320,7.776981,7.762987,0.1799,21.37,37.438,1752,mult_0=HGY mult_2=DAE mult_5=F6B mult_7=HGP adder_0=073
sc_cfg299,-15664.5295,-15683.1767,26.239595,26.274508,0.1331,26.83,56.709,2114,mult_2=AQ1 mult_4=8VH mult_6=HGP mult_8=DAE adder_1=0MH adder_4=0AV adder_6=0GK
sc_cfg300,-2256.1109,-2251.5328,3.966339,3.960626,0.1440,31.45,58.037,1846,mult_1=DAE mult_7=CK3 adder_0=0EM adder_2=0M0 adder_4=0EM adder_6=073 adder_7=0Q7
sc_cfg301,-6352.1811,-6299.6659,13.943550,13.882607,0.4371,32.96,86.355,2620,mult_0=8VH mult_2=GPF mult_4=AQ1 mult_5=AQ1 mult_6=AQ1 mult_7=GPF adder_1=0GK adder_2=02E adder_3=0EM adder_4=073 adder_5=0M0 adder_6=0AV
sc_cfg302,-1952.1048,-1944.5511,4.554061,4.543342,0.2354,21.36,45.113,2112,mult_0=HGP mult_1=DAE mult_4=F6B mult_5=DAE adder_0=0EM
sc_cfg303,-19051.3384,-19102.8709,31.017361,31.091440,0.2388,34.95,111.026,3177,mult_0=HGY mult_2=F6B mult_3=HGP mult_4=8VH mult_5=CK3 mult_6=DAE mult_7=AQ1 mult_8=5FA adder_0=02E adder_1=073 adder_2=0M0 adder_3=0M0 adder_5=0DL adder_6=0AV adder_7=073
sc_cfg304,-11849.9736,-11871.7571,23.286961,23.317257,0.1301,24.98,101.060,4046,mult_0=CK3 mult_1=CK3 mult_2=DAE mult_3=5FA mult_4=HGP mult_5=AQ1 mult_6=5FA mult_7=DAE mult_8=8VH adder_2=0MH adder_3=02E adder_5=02E
sc_cfg305,-12863.3849,-12869.6721,20.969975,20.983553,0.0647,19.18,23.892,1245,mult_2=HGY mult_4=GPF mult_7=8VH
sc_cfg306,-2163.8351,-2167.8068,3.832995,3.836563,0.0931,19.64,14.662,747,mult_1=GPF
sc_cfg307,-14036.8281,-14020.5402,28.438692,28.430626,0.0284,28.56,60.288,2111,mult_1=GPF mult_2=AQ1 mult_3=HGY mult_7=GPF adder_2=0EM adder_5=0MH adder_6=073 adder_7=0EM
sc_cfg308,-9628.0947,-9629.8676,16.368557,16.366395,0.0132,28.62,47.934,1675,mult_0=8VH mult_2=DAE mult_5=HGP adder_1=0M0 adder_2=0DL adder_3=02E adder_6=0EM
sc_cfg309,-16.7263,-18.5034,0.464755,0.464680,0.0160,22.42,13.345,595,adder_4=0DL
sc_cfg310,-9394.6153,-9384.9842,15.485826,15.476080,0.0629,21.12,54.852,2597,mult_0=HGY mult_2=DAE mult_3=5FA mult_5=CK3 mult_7=HGP adder_3=0GK
sc_cfg311,-12061.1514,-12078.0970,21.817557,21.841412,0.1093,35.66,84.896,2381,mult_0=HGY mult_1=8VH mult_3=AQ1 mult_4=CK3 mult_8=5FA adder_0=0M0 adder_1=0M0 adder_2=0MH adder_3=0MH adder_4=0DL adder_6=0EM adder_7=0AV
sc_cfg312,-0.1306,-0.1177,0.014963,0.014957,0.0434,22.53,11.956,531,adder_7=0Q7
sc_cfg313,1518.9362,1528.5741,6.481015,6.490105,0.1403,26.59,24.660,927,adder_0=0MH adder_1=0M0 adder_2=0M0
sc_cfg314,-16013.8837,-17239.3693,26.924625,28.757042,6.8057,24.11,49.110,2036,mult_2=8VH mult_3=HGP mult_6=CK3 mult_7=HGY mult_8=F6B adder_4=0M0 adder_6=02E
sc_cfg315,-11364.3307,-11323.8369,20.483176,20.427004,0.2742,30.30,99.637,3288,mult_0=CK3 mult_1=HGP mult_2=DAE mult_3=CK3 mult_4=5FA mult_7=GPF mult_8=CK3 adder_0=0Q7 adder_1=073 adder_2=02E adder_4=0EM adder_6=0AV
sc_cfg316,-7102.5478,-7102.0753,11.680634,11.680925,0.0025,34.89,99.508,2852,mult_0=HGY mult_1=GPF mult_2=DAE mult_6=8VH mult_7=5FA mult_8=AQ1 adder_0=0Q7 adder_1=0AV adder_2=0EM adder_3=0DL adder_4=0DL adder_5=0DL adder_7=0DL
sc_cfg317,-9154.7865,-9166.5025,16.782589,16.788525,0.0354,24.61,38.107,1548,mult_3=DAE mult_4=8VH mult_6=GPF adder_0=0MH adder_4=0M0
sc_cfg318,-2307.1709,-2269.3870,9.769951,9.760869,0.0930,22.07,15.114,685,mult_8=CK3 adder_1=02E
sc_cfg319,-962.8813,-963.0251,1.812934,1.813680,0.0412,31.10,56.255,1809,mult_0=CK3 mult_6=AQ1 mult_7=DAE adder_0=0Q7 adder_2=0M0 adder_3=0DL adder_4=073 adder_7=0DL
sc_cfg320,-1135.5428,-1144.7460,2.810997,2.820269,0.3298,19.50,31.464,1613,mult_1=F6B mult_7=5FA
sc_cfg321,2056.9574,2048.7539,8.477056,8.470963,0.0719,25.00,19.524,781,adder_5=0DL adder_7=02E
sc_cfg322,-9759.0267,-9764.1904,16.443663,16.456458,0.0778,28.71,74.034,2579,mult_0=HGP mult_2=5FA mult_4=8VH mult_7=8VH mult_8=AQ1 adder_2=0GK adder_4=0EM adder_6=0GK adder_7=0AV
sc_cfg323,-6390.9709,-6742.8157,14.915477,15.245854,2.2150,29.20,35.277,1208,mult_5=F6B adder_0=0Q7 adder_1=073 adder_2=0MH adder_6=02E
sc_cfg324,-486.6587,-499.3789,4.121727,4.115260,0.1569,33.41,83.538,2500,mult_1=8VH mult_2=5FA mult_7=5FA adder_0=02E adder_2=0EM adder_3=0AV adder_4=0GK adder_6=0M0 adder_7=0AV
sc_cfg325,-8889.0459,-8891.9903,14.725231,14.730272,0.0342,26.16,62.735,2399,mult_0=F6B mult_1=CK3 mult_5=CK3 mult_8=AQ1 adder_3=0AV adder_4=073 adder_7=0Q7
sc_cfg326,13.5105,13.6383,0.060094,0.060007,0.1452,21.79,53.817,2469,mult_0=AQ1 mult_7=5FA mult_8=5FA adder_7=073
sc_cfg327,-11714.8213,-11674.6119,22.034999,21.999769,0.1599,31.41,85.538,2723,mult_2=GPF mult_5=CK3 mult_6=HGY mult_7=AQ1 mult_8=5FA adder_0=0MH adder_2=0Q7 adder_4=0AV adder_5=02E adder_6=0DL
sc_cfg328,-13411.0682,-13453.8917,23.708070,23.767162,0.2492,28.97,58.464,2018,mult_1=CK3 mult_4=HGP mult_5=GPF mult_7=GPF adder_0=0Q7 adder_3=073 adder_4=02E adder_6=0GK
sc_cfg329,-13846.6844,-13838.6139,22.667931,22.656657,0.0497,30.93,60.785,1965,mult_1=AQ1 mult_3=HGP mult_4=8VH mult_8=8VH adder_0=0EM adder_1=0M0 adder_2=0Q7 adder_6=0DL adder_7=0GK
sc_cfg330,-892.6481,-893.7607,1.580447,1.581703,0.0795,19.71,12.514,635,mult_8=F6B
sc_cfg331,-16234.3638,-16226.4487,26.864265,26.862481,0.0066,31.14,80.762,2593,mult_0=5FA mult_2=GPF mult_5=CK3 mult_6=8VH mult_7=F6B adder_0=0Q7 adder_1=0MH adder_4=0DL adder_5=0AV adder_7=073
sc_cfg332,1434.2096,1420.3479,8.883745,8.892302,0.0963,25.12,14.492,577,adder_4=02E adder_5=0AV
sc_cfg333,-20656.0300,-20676.5555,33.822984,33.853280,0.0896,28.39,56.605,1994,mult_3=8VH mult_4=HGP mult_5=HGP mult_7=5FA adder_0=0GK adder_1=0GK adder_3=0MH adder_4=0AV
sc_cfg334,-6614.1831,-6632.1742,11.717784,11.746933,0.2488,24.25,22.678,935,mult_4=8VH adder_0=0AV adder_3=0EM
sc_cfg335,4150.4957,4254.7838,22.557305,22.635042,0.3446,24.94,32.405,1299,mult_3=DAE mult_7=HGP adder_4=02E adder_6=0MH
sc_cfg336,-15406.4009,-15411.0121,25.294545,25.305503,0.0433,26.68,49.155,1843,mult_0=F6B mult_3=GPF mult_4=HGY adder_1=02E adder_2=0AV adder_6=0Q7
sc_cfg337,-3472.8697,-3428.6662,10.970661,10.931885,0.3535,29.23,36.395,1245,mult_2=HGY adder_2=02E adder_3=073 adder_5=0M0 adder_7=073
sc_cfg338,-7465.1917,-7440.8532,14.157017,14.126952,0.2124,26.68,39.609,1484,mult_4=F6B mult_8=CK3 adder_0=0MH adder_3=073 adder_4=0MH
sc_cfg339,-11455.3178,-11403.7265,19.074923,19.004950,0.3668,34.67,122.558,3535,mult_0=F6B mult_2=AQ1 mult_3=F6B mult_4=AQ1 mult_5=5FA mult_6=GPF mult_7=GPF mult_8=5FA adder_0=0GK adder_1=0MH adder_2=0EM adder_3=0Q7 adder_4=0AV adder_5=0GK adder_7=0M0
sc_cfg340,-4911.2901,-8449.5950,18.983528,19.312127,1.7310,33.10,98.736,2983,mult_0=DAE mult_2=5FA mult_4=8VH mult_6=5FA mult_7=F6B mult_8=GPF adder_0=0Q7 adder_1=0Q7 adder_2=0MH adder_3=0Q7 adder_5=0M0 adder_7=0MH
sc_cfg341,-7271.5062,-7268.4383,13.080266,13.076710,0.0272,35.41,91.000,2570,mult_0=HGP mult_1=5FA mult_2=F6B mult_5=CK3 mult_8=F6B adder_0=0Q7 adder_1=073 adder_2=0M0 adder_3=0Q7 adder_5=0M0 adder_6=0EM adder_7=0DL
sc_cfg342,523.9807,523.9233,4.399234,4.393606,0.1279,21.77,34.244,1573,mult_0=AQ1 mult_3=AQ1 mult_6=F6B adder_2=0AV
sc_cfg343,-18742.3883,-18755.5680,30.687251,30.712789,0.0832,29.26,46.582,1592,mult_1=F6B mult_4=HGY mult_7=8VH mult_8=HGY adder_1=0MH adder_3=0MH adder_4=073 adder_6=0Q7
sc_cfg344,-3055.9937,-3061.0163,5.122986,5.128976,0.1169,22.30,19.666,882,mult_1=HGY mult_8=8VH adder_5=0Q7
sc_cfg345,-5839.7426,-5840.3115,10.348952,10.351945,0.0289,22.10,16.642,753,mult_5=8VH adder_3=073
sc_cfg346,-2816.4747,-2784.2207,10.804877,10.776718,0.2606,26.47,50.804,1919,mult_1=HGY mult_3=F6B mult_6=DAE mult_7=AQ1 adder_1=0EM adder_2=02E adder_5=0GK
sc_cfg347,-892.6481,-893.7607,1.580447,1.581703,0.0795,19.76,11.183,566,mult_8=8VH
sc_cfg348,-7508.6618,-7506.5188,14.036962,14.036121,0.0060,31.02,102.061,3290,mult_0=5FA mult_1=8VH mult_4=AQ1 mult_6=AQ1 mult_7=5FA mult_8=GPF adder_1=0MH adder_3=0EM adder_4=0EM adder_6=0AV adder_7=0AV
sc_cfg349,-12149.6625,-12161.0480,19.858723,19.873435,0.0741,31.36,67.384,2149,mult_0=DAE mult_1=8VH mult_4=AQ1 mult_5=HGY mult_6=GPF adder_0=0GK adder_1=0M0 adder_3=0GK adder_4=0DL adder_6=0Q7
sc_cfg350,-5866.2440,-5866.8300,10.383963,10.386981,0.0291,19.58,15.136,773,mult_5=HGY mult_7=AQ1
sc_cfg351,-17069.1413,-17086.7638,27.589343,27.618263,0.1048,25.76,68.736,2668,mult_0=F6B mult_1=F6B mult_2=8VH mult_4=GPF mult_7=8VH mult_8=DAE adder_1=0M0 adder_3=02E adder_4=0M0
sc_cfg352,-1975.3773,-1969.2220,7.905528,7.899389,0.0777,27.22,31.032,1140,mult_4=DAE adder_1=0M0 adder_3=0MH adder_6=0GK
sc_cfg353,-16097.4961,-17037.4122,27.009125,28.409616,5.1852,33.24,78.292,2355,mult_0=8VH mult_1=HGP mult_2=HGP mult_4=AQ1 mult_6=CK3 mult_7=HGY mult_8=CK3 adder_0=0Q7 adder_1=0MH adder_3=0DL adder_4=0MH adder_5=0GK adder_6=02E
sc_cfg354,-11971.6295,-12008.4153,21.705691,21.763237,0.2651,28.39,92.347,3252,mult_0=HGY mult_3=AQ1 mult_4=GPF mult_5=GPF mult_6=5FA mult_7=AQ1 mult_8=GPF adder_2=02E adder_4=02E adder_5=073 adder_6=073
sc_cfg355,-4398.9302,-4406.9868,12.113227,12.127610,0.1187,29.89,33.818,1131,mult_5=8VH adder_1=0EM adder_2=0Q7 adder_4=02E adder_6=0M0
sc_cfg356,-292.5159,-288.4319,2.181308,2.184562,0.1492,25.00,16.085,643,adder_1=0EM adder_6=0GK
sc_cfg357,1555.6384,377.7166,15.366379,15.348328,0.1175,27.01,25.442,942,mult_7=HGP adder_0=0AV adder_1=02E adder_7=0MH
sc_cfg358,-17158.3124,-17158.2262,29.964625,29.974820,0.0340,37.75,115.021,3047,mult_0=GPF mult_1=F6B mult_2=AQ1 mult_4=HGY mult_5=AQ1 mult_6=HGY mult_7=DAE mult_8=F6B adder_0=0GK adder_1=02E adder_2=0GK adder_3=02E adder_4=0EM adder_5=0MH adder_6=0AV adder_7=0Q7
sc_cfg359,-9395.3791,-9391.1686,18.730333,18.734243,0.0209,35.53,76.322,2148,mult_0=8VH mult_2=HGY mult_3=F6B mult_5=8VH mult_8=8VH adder_0=0EM adder_1=0EM adder_2=0GK adder_3=0AV adder_4=02E adder_6=0EM adder_7=0M0
sc_cfg360,-13148.2999,-13157.7737,21.898017,21.912014,0.0639,28.94,56.796,1962,mult_3=GPF mult_5=F6B mult_6=CK3 adder_0=0M0 adder_1=02E adder_2=073 adder_6=073
sc_cfg361,-3278.4044,-3279.4316,5.813319,5.816192,0.0494,22.09,22.571,1022,mult_1=F6B mult_7=HGY adder_1=073
sc_cfg362,-29593.3304,-29615.5843,46.639514,46.677472,0.0814,37.87,89.283,2357,mult_0=HGP mult_3=HGY mult_4=HGP mult_5=8VH mult_6=8VH mult_7=F6B mult_8=8VH adder_0=0DL adder_1=0MH adder_2=0EM adder_3=02E adder_4=0DL adder_5=0MH adder_6=073 adder_7=0EM
sc_cfg363,-18752.8895,-18723.2248,31.062726,31.023462,0.1264,30.98,70.605,2279,mult_0=AQ1 mult_4=F6B mult_5=HGY mult_6=DAE mult_7=8VH mult_8=HGP adder_1=02E adder_3=0MH adder_4=02E adder_5=0GK adder_7=0M0
sc_cfg364,-15918.8085,-15940.0416,26.157636,26.183060,0.0972,29.08,61.013,2098,mult_0=DAE mult_3=GPF mult_4=CK3 mult_5=DAE adder_3=0M0 adder_4=02E adder_5=0GK adder_6=0EM
sc_cfg365,-4638.8643,-4618.7007,10.467590,10.457281,0.0985,38.48,93.800,2437,mult_1=5FA mult_3=AQ1 mult_4=5FA mult_7=8VH adder_0=0MH adder_1=0GK adder_2=0DL adder_3=0MH adder_4=0DL adder_5=073 adder_6=0M0 adder_7=0M0
sc_cfg366,-6440.6227,-6422.0579,11.120446,11.095678,0.2227,28.32,59.321,2095,mult_1=DAE mult_4=F6B mult_6=HGP mult_7=DAE adder_0=0DL adder_1=0Q7 adder_2=0EM adder_7=0GK
sc_cfg367,0.9014,1.1284,0.032803,0.032865,0.1916,19.71,17.044,865,mult_1=5FA
sc_cfg368,-23396.3647,-23396.9135,38.115351,38.115845,0.0013,32.64,102.308,3134,mult_0=5FA mult_1=GPF mult_3=CK3 mult_4=CK3 mult_5=HGY mult_6=DAE mult_7=F6B adder_0=0AV adder_1=0EM adder_2=0AV adder_3=02E adder_4=0MH adder_6=0EM
sc_cfg369,-2163.3363,-2167.3054,3.832336,3.835898,0.0930,19.49,15.619,801,mult_1=HGY mult_4=AQ1
sc_cfg370,0.4987,0.5014,0.001082,0.001085,0.2613,19.69,11.442,581,mult_4=AQ1
sc_cfg371,-15287.7774,-15399.2511,25.442286,25.585732,0.5638,35.27,87.660,2486,mult_1=AQ1 mult_2=CK3 mult_3=HGY mult_5=CK3 mult_6=F6B mult_8=DAE adder_0=02E adder_1=0AV adder_2=0EM adder_3=0M0 adder_5=0DL adder_6=0M0 adder_7=0DL
sc_cfg372,-12170.8726,-12586.5172,23.051130,23.538149,2.1128,29.17,54.333,1862,mult_3=5FA mult_5=HGY mult_6=CK3 mult_8=CK3 adder_1=0DL adder_3=0MH adder_4=0MH adder_6=02E
sc_cfg373,-13192.6664,-13212.6491,21.819301,21.844126,0.1138,28.29,74.023,2617,mult_0=5FA mult_3=HGY mult_5=DAE mult_6=HGY mult_7=AQ1 mult_8=AQ1 adder_0=0Q7 adder_3=0GK adder_4=02E adder_5=073
sc_cfg374,-6175.5576,-6161.6018,10.642831,10.614973,0.2618,33.31,98.619,2961,mult_0=5FA mult_1=HGY mult_4=F6B mult_6=5FA mult_7=GPF mult_8=HGY adder_0=0Q7 adder_2=0DL adder_4=0GK adder_5=0AV adder_6=0EM adder_7=0EM
sc_cfg375,-14794.0016,-14372.4736,25.014851,24.451601,2.2517,28.89,78.455,2716,mult_0=5FA mult_1=5FA mult_3=DAE mult_4=GPF mult_5=8VH adder_1=0M0 adder_4=0GK adder_5=0MH adder_7=0GK
sc_cfg376,-26251.6055,-26269.0946,41.887030,41.923222,0.0864,37.63,100.842,2680,mult_1=HGP mult_2=8VH mult_4=GPF mult_5=GPF mult_6=DAE mult_7=AQ1 mult_8=HGP adder_0=0DL adder_1=0GK adder_2=0AV adder_3=0Q7 adder_4=0MH adder_5=0MH adder_6=0Q7 adder_7=0M0
sc_cfg377,-10216.1172,-10191.2638,18.645576,18.616894,0.1538,23.91,30.831,1289,mult_2=8VH mult_5=HGY mult_8=8VH adder_1=02E adder_2=0EM
sc_cfg378,-5552.8354,-5535.4456,11.513383,11.488444,0.2166,22.28,21.578,968,mult_2=5FA adder_4=0MH
sc_cfg379,-6185.9499,-6188.3310,11.639935,11.647674,0.0665,29.67,30.970,1044,mult_4=HGP adder_0=02E adder_3=0M0 adder_4=0DL adder_6=0M0
sc_cfg380,-17013.1635,-17909.0674,28.620548,30.035285,4.9431,37.22,118.538,3185,mult_0=5FA mult_1=DAE mult_2=F6B mult_3=HGY mult_4=F6B mult_5=HGP mult_6=AQ1 mult_7=8VH mult_8=CK3 adder_0=073 adder_1=073 adder_2=0DL adder_3=0M0 adder_4=0GK adder_5=0GK adder_6=02E adder_7=073
sc_cfg381,-8889.3425,-8876.8923,15.872798,15.859715,0.0824,33.13,88.848,2682,mult_1=GPF mult_2=5FA mult_5=DAE mult_7=CK3 mult_8=5FA adder_1=0MH adder_2=0DL adder_3=0Q7 adder_4=0DL adder_5=0Q7 adder_7=0EM
sc_cfg382,-3509.9498,-3523.6981,7.563826,7.573512,0.1281,37.63,88.010,2339,mult_0=HGY mult_1=F6B mult_5=DAE mult_6=F6B mult_7=HGP adder_0=0AV adder_1=0DL adder_2=0AV adder_3=0M0 adder_4=0EM adder_5=073 adder_6=0EM adder_7=073
sc_cfg383,-23477.1177,-22339.7279,38.746954,36.718557,5.2350,37.30,107.204,2874,mult_1=GPF mult_3=CK3 mult_4=GPF mult_5=GPF mult_6=DAE mult_7=F6B mult_8=HGY adder_0=073 adder_1=0Q7 adder_2=0M0 adder_3=0GK adder_4=0AV adder_5=0EM adder_6=02E adder_7=0M0
sc_cfg384,1881.0999,-1469.2868,13.930381,13.189114,5.3212,35.32,85.204,2413,mult_0=GPF mult_2=HGY mult_5=5FA mult_7=DAE mult_8=AQ1 adder_0=02E adder_1=0GK adder_2=073 adder_3=0AV adder_5=073 adder_6=0GK adder_7=0MH
sc_cfg385,-12785.6470,-13342.5167,22.007488,22.794326,3.5753,35.59,76.845,2159,mult_0=8VH mult_1=5FA mult_2=HGY mult_4=F6B adder_0=02E adder_1=0M0 adder_2=0MH adder_3=0Q7 adder_5=0Q7 adder_6=0GK adder_7=0M0
sc_cfg386,-15708.3887,-15205.5017,27.211277,31.159065,14.5079,31.21,81.249,2603,mult_1=HGP mult_2=8VH mult_3=5FA mult_4=DAE mult_5=DAE mult_7=HGY adder_1=0EM adder_2=02E adder_4=073 adder_5=073 adder_6=0MH
sc_cfg387,-15.5610,-32.2425,8.821864,8.827102,0.0594,26.49,48.927,1847,mult_0=5FA mult_1=F6B mult_8=8VH adder_1=0DL adder_3=0GK adder_4=02E
sc_cfg388,-17556.1319,-17563.0253,28.616456,28.627232,0.0377,28.46,72.216,2538,mult_1=F6B mult_3=HGP mult_5=HGP mult_6=DAE mult_7=GPF mult_8=CK3 adder_0=0Q7 adder_3=02E adder_4=0GK adder_5=073
sc_cfg389,-6211.2585,-6242.2494,15.984029,16.027343,0.2710,37.69,110.549,2933,mult_0=8VH mult_1=AQ1 mult_2=F6B mult_3=HGP mult_4=5FA mult_6=CK3 mult_8=DAE adder_0=0Q7 adder_1=0M0 adder_2=0Q7 adder_3=0DL adder_4=02E adder_5=0M0 adder_6=0AV adder_7=073
sc_cfg390,-8971.6264,-8971.2024,14.700364,14.706112,0.0391,31.86,53.075,1666,mult_2=GPF mult_6=HGY mult_8=F6B adder_0=0DL adder_1=073 adder_4=0DL adder_5=0AV adder_6=073
sc_cfg391,-27778.5400,-33699.2519,44.337705,55.985551,26.2707,32.77,98.135,2995,mult_0=DAE mult_1=8VH mult_2=GPF mult_3=CK3 mult_4=HGP mult_5=CK3 mult_7=F6B mult_8=CK3 adder_0=0AV adder_1=0M0 adder_4=073 adder_5=0DL adder_6=0MH adder_7=0M0
sc_cfg392,-2169.5490,-2161.2862,3.841215,3.830512,0.2786,19.76,9.890,500,mult_7=8VH
sc_cfg393,-7985.9464,-7957.7896,14.616589,14.564569,0.3559,29.05,41.086,1414,mult_0=HGY mult_7=HGY mult_8=DAE adder_1=0DL adder_3=0M0 adder_4=0MH adder_7=0AV
sc_cfg394,1406.5150,1396.7588,8.871955,8.880631,0.0978,24.88,13.199,530,adder_0=0M0 adder_4=02E
sc_cfg395,1205.9609,1250.6447,8.785753,8.729454,0.6408,26.73,36.955,1383,mult_4=F6B mult_8=DAE adder_2=0M0 adder_6=073 adder_7=02E
sc_cfg396,-17439.1851,-17411.5508,29.379898,29.351448,0.0968,26.21,59.861,2284,mult_4=8VH mult_5=GPF mult_7=HGP mult_8=GPF adder_1=02E adder_3=0GK adder_6=0AV
sc_cfg397,-4986.0154,-4978.9845,10.880519,10.880332,0.0017,29.64,43.794,1477,mult_2=DAE adder_1=0MH adder_4=0AV adder_6=0EM adder_7=0EM
sc_cfg398,-1376.0414,-1377.6795,7.409816,7.412433,0.0353,22.15,16.363,739,mult_7=DAE adder_3=0MH
sc_cfg399,-5862.0093,-5866.4940,10.378863,10.384358,0.0529,19.45,24.323,1250,mult_0=5FA mult_3=CK3
sc_cfg400,-4220.2034,-4198.0820,10.635409,10.614951,0.1924,31.07,46.402,1494,mult_6=DAE adder_0=02E adder_1=0MH adder_2=0Q7 adder_3=073 adder_7=0M0
sc_cfg401,-11624.3570,-9490.2668,23.342191,23.829979,2.0897,29.17,35.837,1228,mult_1=HGY adder_0=0AV adder_2=0DL adder_6=0MH adder_7=0Q7
sc_cfg402,-551.3152,-1480.5981,11.230709,11.365050,1.1962,32.56,44.765,1375,mult_1=F6B mult_8=8VH adder_0=0DL adder_2=0Q7 adder_5=0GK adder_6=0GK adder_7=0MH
sc_cfg403,-8036.1691,-8008.6416,15.633529,15.593465,0.2563,36.42,93.328,2562,mult_1=DAE mult_2=GPF mult_4=5FA mult_6=GPF mult_8=DAE adder_0=073 adder_1=02E adder_2=0AV adder_3=0M0 adder_4=0Q7 adder_6=0GK adder_7=0M0
sc_cfg404,-25657.6867,-25743.1110,40.523148,40.655865,0.3275,33.45,106.572,3186,mult_0=5FA mult_1=GPF mult_2=CK3 mult_4=CK3 mult_5=5FA mult_6=5FA mult_7=HGP adder_0=0Q7 adder_2=0DL adder_3=02E adder_5=0MH adder_6=0DL adder_7=0GK
sc_cfg405,-25391.6450,-23398.3612,41.247531,38.200132,7.3881,33.24,91.409,2750,mult_0=F6B mult_1=DAE mult_2=GPF mult_3=CK3 mult_4=HGY mult_5=GPF adder_1=073 adder_2=0M0 adder_3=073 adder_4=0MH adder_5=0M0 adder_7=02E
sc_cfg406,22.4842,22.7353,0.137852,0.138359,0.3673,29.82,49.177,1649,mult_1=5FA adder_0=0AV adder_4=0AV adder_6=0EM adder_7=0M0
sc_cfg407,-7721.9235,-7734.0444,16.205639,16.224031,0.1135,30.78,113.685,3694,mult_0=HGY mult_4=CK3 mult_5=5FA mult_6=AQ1 mult_7=F6B mult_8=CK3 adder_1=0GK adder_3=073 adder_4=02E adder_5=0M0 adder_7=0GK
sc_cfg408,-8630.5337,-8622.4987,14.559405,14.553976,0.0373,24.55,35.551,1448,mult_0=CK3 mult_4=HGY adder_2=0M0 adder_7=0GK
sc_cfg409,-6614.9265,-6632.9284,11.718773,11.747932,0.2488,19.82,14.638,738,mult_4=8VH
sc_cfg410,-8490.4730,-9765.4086,24.594070,20.752893,15.6183,28.98,75.917,2620,mult_1=HGY mult_3=CK3 mult_4=DAE mult_5=HGY mult_6=5FA adder_2=0DL adder_5=0DL adder_6=0M0 adder_7=0MH
sc_cfg411,-8510.6074,-8501.6315,16.836290,16.828297,0.0475,29.59,40.456,1367,mult_2=AQ1 mult_4=HGP adder_0=0Q7 adder_2=0DL adder_4=0M0 adder_5=02E
sc_cfg412,-19473.0802,-28650.6958,33.733240,46.511437,37.8801,37.72,121.259,3215,mult_0=GPF mult_1=HGY mult_2=AQ1 mult_3=GPF mult_4=GPF mult_5=HGY mult_6=F6B mult_7=5FA mult_8=DAE adder_0=0Q7 adder_1=0MH adder_2=0DL adder_3=0Q7 adder_4=0AV adder_5=02E adder_6=0MH adder_7=0M0
sc_cfg413,-2319.2912,-2313.2964,4.408977,4.398473,0.2382,22.67,17.375,767,mult_7=F6B adder_7=0GK
sc_cfg414,-10174.2493,-10174.5335,16.584540,16.589686,0.0310,26.54,50.806,1914,mult_0=HGP mult_2=8VH mult_4=AQ1 mult_6=HGY mult_8=HGP adder_0=073 adder_2=0GK adder_5=0AV
sc_cfg415,-8365.0708,-8335.8181,16.588685,16.563998,0.1488,24.35,34.835,1431,mult_1=DAE mult_5=HGY mult_8=GPF adder_1=02E adder_4=0GK
sc_cfg416,-1.2546,-1.2442,0.005151,0.005133,0.3380,25.03,15.802,631,adder_0=0AV adder_5=0EM
sc_cfg417,-103.8009,-100.7067,0.750916,0.750356,0.0745,24.41,36.316,1488,mult_2=5FA mult_4=DAE adder_6=0DL adder_7=0DL
sc_cfg418,-16.7263,-18.5034,0.464755,0.464680,0.0160,22.58,8.883,393,adder_4=0DL
sc_cfg419,-144.6223,-145.4060,0.719544,0.718478,0.1481,26.86,42.451,1580,mult_6=5FA mult_7=DAE adder_1=0DL adder_3=0Q7 adder_5=0DL
sc_cfg420,-13845.8078,-13824.3575,24.750711,24.724759,0.1049,33.27,104.440,3139,mult_0=F6B mult_2=5FA mult_3=F6B mult_4=8VH mult_6=DAE mult_7=F6B mult_8=F6B adder_0=0M0 adder_1=02E adder_3=0MH adder_4=0M0 adder_6=0Q7 adder_7=0GK
sc_cfg421,-5859.3644,-5848.1137,11.882842,11.865547,0.1456,33.73,74.534,2210,mult_4=DAE mult_5=AQ1 mult_7=5FA mult_8=DAE adder_0=0DL adder_1=0M0 adder_3=0Q7 adder_4=0MH adder_5=0DL adder_6=0Q7
sc_cfg422,75.1533,74.9900,0.176387,0.176518,0.0742,31.78,34.381,1082,adder_2=0Q7 adder_3=0AV adder_4=073 adder_5=0Q7 adder_6=0M0
sc_cfg423,-16895.9873,-16901.6132,26.976070,26.986377,0.0382,30.96,66.024,2132,mult_1=HGP mult_2=CK3 mult_5=HGY mult_6=HGP mult_8=CK3 adder_0=0M0 adder_1=0EM adder_3=0DL adder_6=0EM adder_7=0Q7
sc_cfg424,-15289.3717,-15290.1404,24.803480,24.809853,0.0257,26.39,52.318,1983,mult_2=HGP mult_3=F6B mult_5=CK3 mult_6=8VH adder_0=0DL adder_2=0Q7 adder_7=0AV
sc_cfg425,-8137.5959,-8002.4428,16.001841,15.747986,1.5864,33.61,79.644,2370,mult_0=HGP mult_1=HGY mult_3=F6B mult_6=GPF mult_7=F6B mult_8=HGY adder_0=0M0 adder_1=0DL adder_3=02E adder_4=0EM adder_6=073 adder_7=02E
sc_cfg426,-8802.2481,-8823.4739,16.521290,16.555401,0.2065,27.10,44.489,1642,mult_1=HGP mult_6=5FA adder_2=0MH adder_5=0GK adder_6=073
sc_cfg427,-7643.9512,-7502.9002,15.036588,14.883696,1.0168,26.39,65.793,2493,mult_0=F6B mult_1=HGY mult_6=HGY mult_7=5FA mult_8=DAE adder_3=0Q7 adder_4=0AV adder_6=02E
sc_cfg428,-20150.7554,-20174.8679,32.155996,32.193252,0.1159,37.60,112.891,3003,mult_0=DAE mult_1=CK3 mult_3=8VH mult_4=DAE mult_5=GPF mult_6=HGY mult_7=HGP mult_8=DAE adder_0=02E adder_1=0EM adder_2=0DL adder_3=0Q7 adder_4=073 adder_5=0M0 adder_6=073 adder_7=0Q7
sc_cfg429,-13613.7527,-13583.9121,21.942264,21.902477,0.1813,25.86,78.399,3032,mult_0=GPF mult_1=AQ1 mult_2=GPF mult_3=DAE mult_5=GPF mult_7=HGP adder_0=02E adder_3=073 adder_7=0M0
sc_cfg430,-15021.6581,-15022.2911,25.172770,25.165851,0.0275,35.10,95.023,2707,mult_1=AQ1 mult_2=DAE mult_3=GPF mult_5=GPF mult_6=AQ1 mult_8=8VH adder_0=0EM adder_1=0EM adder_2=0DL adder_3=0EM adder_4=0MH adder_5=0AV adder_6=0Q7
sc_cfg431,-20114.2940,-19739.2001,33.500046,32.987868,1.5289,37.71,117.447,3115,mult_0=DAE mult_1=GPF mult_3=5FA mult_4=HGP mult_5=CK3 mult_6=DAE mult_7=GPF mult_8=DAE adder_0=0DL adder_1=02E adder_2=0M0 adder_3=0DL adder_4=0MH adder_5=0Q7 adder_6=0Q7 adder_7=0GK
sc_cfg432,-1182.5941,-1187.3465,2.907022,2.912140,0.1761,27.03,35.380,1309,mult_2=AQ1 mult_8=HGP adder_5=0GK adder_6=0EM adder_7=0EM
sc_cfg433,-21831.1694,-21828.1949,36.031807,36.035652,0.0107,24.23,43.687,1803,mult_0=CK3 mult_1=GPF mult_3=HGP mult_4=GPF adder_4=0MH adder_5=0MH
sc_cfg434,-14693.8297,-14730.6122,23.545782,23.603145,0.2436,32.56,103.546,3180,mult_0=DAE mult_1=HGY mult_2=HGP mult_4=5FA mult_5=F6B mult_6=CK3 mult_7=8VH mult_8=F6B adder_0=0AV adder_1=0M0 adder_2=0DL adder_4=0DL adder_5=073 adder_6=0M0
sc_cfg435,-12710.6594,-12591.2723,22.860455,23.048549,0.8228,30.90,78.494,2540,mult_0=8VH mult_1=F6B mult_5=CK3 mult_6=AQ1 mult_7=HGP mult_8=GPF adder_0=073 adder_2=073 adder_4=0MH adder_6=0M0 adder_7=02E
sc_cfg436,-14033.5634,-14064.3495,23.209340,23.251966,0.1837,30.21,83.195,2754,mult_0=AQ1 mult_2=F6B mult_3=AQ1 mult_4=HGP mult_6=CK3 mult_7=8VH mult_8=HGY adder_0=0GK adder_1=0AV adder_5=0GK adder_6=073 adder_7=0DL
sc_cfg437,163.0036,169.8022,3.295501,3.294025,0.0448,22.25,8.205,369,adder_0=02E
sc_cfg438,-10811.5409,-10807.0857,17.749248,17.747605,0.0093,21.41,34.127,1594,mult_0=HGP mult_2=8VH mult_4=AQ1 mult_5=HGY adder_3=073
sc_cfg439,-4149.6563,-4139.9044,9.154864,9.142339,0.1368,28.42,59.018,2077,mult_2=HGP mult_5=DAE mult_6=F6B mult_8=GPF adder_0=02E adder_2=073 adder_3=073 adder_4=0AV
sc_cfg440,-4220.4576,-4219.5369,7.426744,7.430656,0.0527,24.16,42.791,1771,mult_1=DAE mult_2=HGY mult_4=AQ1 adder_2=0DL adder_4=0AV
sc_cfg441,-14387.4964,-14398.9541,23.309514,23.329300,0.0849,37.59,104.000,2766,mult_0=GPF mult_1=GPF mult_2=AQ1 mult_5=HGY mult_6=CK3 mult_7=F6B mult_8=8VH adder_0=0MH adder_1=0DL adder_2=0Q7 adder_3=0GK adder_4=0AV adder_5=0GK adder_6=0EM adder_7=0EM
sc_cfg442,-18571.4055,-18651.9526,30.585672,30.653021,0.2202,28.49,70.647,2480,mult_1=DAE mult_2=HGY mult_3=DAE mult_4=DAE mult_5=8VH mult_7=GPF adder_1=0GK adder_2=073 adder_5=0MH adder_6=0GK
sc_cfg443,5.9557,5.9899,0.039698,0.039672,0.0656,22.27,8.642,388,adder_0=073
sc_cfg444,-11436.6946,-11233.9804,20.529153,20.327680,0.9814,35.30,96.003,2720,mult_1=5FA mult_2=DAE mult_5=8VH mult_6=HGY mult_7=5FA mult_8=AQ1 adder_0=0GK adder_1=0AV adder_2=0DL adder_3=073 adder_5=0DL adder_6=02E adder_7=0GK
sc_cfg445,-8577.5886,-8803.4223,19.394818,19.428662,0.1745,33.37,66.095,1980,mult_0=HGY mult_3=F6B mult_4=5FA mult_7=GPF adder_0=0MH adder_1=0GK adder_2=0MH adder_3=0GK adder_5=0Q7 adder_7=02E
sc_cfg446,-0.7531,-0.7485,0.002659,0.002651,0.3112,22.42,9.701,433,adder_0=0AV
sc_cfg447,-9943.8340,-9948.1921,16.500882,16.507173,0.0381,19.55,13.452,688,mult_5=HGY mult_6=HGP
sc_cfg448,-12787.6037,-12752.4673,27.631035,27.619219,0.0428,29.75,44.965,1511,mult_0=CK3 mult_6=HGP mult_8=HGP adder_2=0Q7 adder_4=0MH adder_5=0MH adder_6=0Q7
sc_cfg449,-3915.9058,-3905.6553,7.738424,7.729083,0.1207,22.14,11.439,517,mult_2=HGY adder_0=02E
sc_cfg450,-11834.7360,-11844.1350,19.992533,20.013045,0.1026,24.00,50.430,2101,mult_1=5FA mult_2=HGY mult_3=DAE mult_6=HGY mult_7=AQ1 adder_0=02E adder_4=0MH
sc_cfg451,-11170.3827,-11383.3243,21.724864,21.991986,1.2296,35.69,98.986,2773,mult_0=AQ1 mult_1=AQ1 mult_2=CK3 mult_3=CK3 mult_4=DAE mult_7=CK3 adder_0=0MH adder_1=0AV adder_2=02E adder_3=02E adder_4=0M0 adder_5=0Q7 adder_6=0GK
sc_cfg452,-24311.3311,-25589.7346,39.378971,41.834930,6.2367,36.98,111.214,3008,mult_0=AQ1 mult_1=HGY mult_2=F6B mult_3=GPF mult_4=HGY mult_5=5FA mult_6=HGY mult_7=HGP mult_8=CK3 adder_0=0Q7 adder_1=0MH adder_2=02E adder_3=0DL adder_4=0Q7 adder_5=0AV adder_6=02E adder_7=0EM
sc_cfg453,-17741.5829,-18114.8648,29.013434,29.553607,1.8618,35.29,87.793,2488,mult_1=F6B mult_2=HGY mult_3=8VH mult_4=8VH mult_6=F6B mult_7=DAE mult_8=HGY adder_1=02E adder_2=0AV adder_3=0AV adder_4=0M0 adder_5=0DL adder_6=0GK adder_7=0DL
sc_cfg454,-1158.5417,-1157.7726,2.884882,2.884931,0.0017,24.14,66.026,2735,mult_0=F6B mult_1=5FA mult_5=5FA mult_6=5FA adder_1=0EM adder_5=0GK
sc_cfg455,-11.8709,-12.1278,0.462424,0.461798,0.1354,22.35,13.615,609,adder_1=0DL
sc_cfg456,-13981.5804,-13989.3909,23.051902,23.063772,0.0515,33.54,93.177,2778,mult_0=F6B mult_1=GPF mult_3=F6B mult_5=HGP mult_7=5FA mult_8=HGP adder_0=0M0 adder_1=0DL adder_3=02E adder_4=0M0 adder_5=0GK adder_6=0M0
sc_cfg457,-14609.5202,-14078.2755,26.964562,29.826530,10.6138,28.75,66.323,2307,mult_2=HGP mult_4=F6B mult_5=GPF mult_6=F6B mult_7=HGP adder_3=0M0 adder_5=02E adder_6=0MH adder_7=0AV
sc_cfg458,-8019.5887,-8027.7235,13.858299,13.867546,0.0667,28.56,60.975,2135,mult_3=8VH mult_4=DAE mult_5=F6B mult_8=F6B adder_1=0Q7 adder_3=0Q7 adder_5=073 adder_7=0EM
sc_cfg459,-21875.2752,-21890.8881,34.627271,34.651193,0.0691,36.90,119.782,3246,mult_0=HGP mult_1=HGP mult_2=AQ1 mult_3=GPF mult_4=5FA mult_5=CK3 mult_6=8VH mult_7=HGP mult_8=CK3 adder_0=0EM adder_1=0M0 adder_2=0AV adder_3=0MH adder_4=0DL adder_5=073 adder_6=0EM adder_7=0DL
sc_cfg460,-8064.8037,-8065.1079,13.369972,13.377039,0.0529,31.47,48.342,1536,mult_2=8VH mult_6=GPF adder_0=073 adder_1=0M0 adder_2=0EM adder_3=0EM adder_4=0Q7
sc_cfg461,-2758.4171,-6618.2369,18.555650,17.398729,6.2349,26.87,38.287,1425,mult_4=HGP mult_6=HGY mult_7=AQ1 adder_0=0AV adder_3=0GK adder_7=0MH
sc_cfg462,-14917.6112,-14928.8124,25.197786,25.214970,0.0682,28.68,69.187,2412,mult_2=DAE mult_3=CK3 mult_4=GPF mult_5=AQ1 mult_6=F6B adder_1=0EM adder_2=073 adder_4=02E adder_5=0EM
sc_cfg463,-10692.6707,-10714.4770,17.782200,17.812787,0.1720,24.61,29.213,1187,mult_4=8VH mult_6=CK3 adder_0=0Q7 adder_5=0EM
sc_cfg464,24.0897,24.0123,0.149512,0.149428,0.0560,29.64,41.764,1409,mult_4=5FA adder_0=0M0 adder_4=0Q7 adder_5=073 adder_7=0Q7
sc_cfg465,-916.3402,-918.2304,1.677083,1.679057,0.1177,24.90,21.948,881,mult_8=HGP adder_2=0DL adder_6=0EM
sc_cfg466,-9286.7727,-9276.9897,14.954090,14.939786,0.0957,23.68,49.007,2070,mult_0=HGY mult_1=8VH mult_2=CK3 mult_6=DAE mult_7=HGP adder_2=0AV adder_4=0Q7
sc_cfg467,-0.0302,0.0576,0.033155,0.033086,0.2079,22.47,25.235,1123,mult_7=5FA adder_6=0EM
sc_cfg468,-291.9918,-286.5505,2.175006,2.177428,0.1114,22.58,8.151,361,adder_4=0GK
sc_cfg469,-6529.3913,-6541.8025,11.468139,11.482644,0.1265,26.89,42.673,1587,mult_0=HGY mult_3=F6B mult_6=GPF adder_0=0AV adder_4=0AV adder_5=0GK
sc_cfg470,-521.4468,-460.1881,13.192519,13.176415,0.1221,28.69,45.609,1590,mult_3=F6B mult_6=AQ1 mult_8=8VH adder_0=073 adder_1=02E adder_2=02E adder_4=0GK
sc_cfg471,-6064.7267,-6069.7769,10.661774,10.668223,0.0605,24.43,41.409,1695,mult_0=DAE mult_3=HGY mult_6=5FA adder_2=0Q7 adder_5=0DL
sc_cfg472,33.4113,33.3664,0.081120,0.081157,0.0460,24.82,14.628,589,adder_2=073 adder_4=073
sc_cfg473,-23765.9990,-24092.8526,38.498512,39.105492,1.5766,35.93,84.373,2348,mult_2=HGY mult_3=HGP mult_4=DAE mult_5=8VH mult_6=8VH mult_7=HGY mult_8=DAE adder_0=0M0 adder_1=0EM adder_2=02E adder_4=0MH adder_5=0EM adder_6=0GK adder_7=0GK
sc_cfg474,-8035.2337,-8027.5178,13.499865,13.492563,0.0541,22.24,35.851,1612,mult_1=AQ1 mult_5=CK3 mult_7=CK3 adder_4=0Q7
sc_cfg475,-11856.1941,-11891.4685,21.438087,21.487127,0.2287,33.47,94.788,2832,mult_0=CK3 mult_1=5FA mult_2=F6B mult_3=F6B mult_4=HGY mult_5=F6B mult_8=CK3 adder_1=073 adder_3=0MH adder_4=0EM adder_5=073 adder_6=073 adder_7=0AV
sc_cfg476,-3408.3173,-3402.9579,6.657881,6.645619,0.1842,24.93,29.926,1200,mult_5=F6B mult_7=HGP adder_4=0M0 adder_6=0AV
sc_cfg477,-5482.1151,-5464.4072,10.440481,10.409354,0.2981,35.55,94.555,2659,mult_0=F6B mult_3=DAE mult_4=DAE mult_5=F6B mult_6=AQ1 mult_7=DAE adder_0=073 adder_1=0AV adder_2=0DL adder_3=02E adder_5=0AV adder_6=0M0 adder_7=0GK
sc_cfg478,-11729.4335,-11680.6037,22.104545,22.042806,0.2793,29.05,73.505,2530,mult_0=DAE mult_3=HGP mult_5=5FA mult_6=GPF mult_7=AQ1 adder_1=0AV adder_2=02E adder_4=0MH adder_6=0EM
sc_cfg479,-20277.2171,-20298.2333,32.397349,32.431041,0.1040,35.62,108.011,3033,mult_0=DAE mult_1=F6B mult_2=5FA mult_4=GPF mult_6=GPF mult_7=8VH mult_8=GPF adder_1=0M0 adder_2=0AV adder_3=0DL adder_4=0DL adder_5=0MH adder_6=0EM adder_7=0Q7
sc_cfg480,-5272.5844,-5278.5223,10.554943,10.551510,0.0325,30.34,96.655,3186,mult_0=GPF mult_1=CK3 mult_2=F6B mult_4=AQ1 mult_5=AQ1 mult_6=F6B mult_7=GPF mult_8=HGP adder_0=02E adder_1=0AV adder_3=0AV adder_4=0EM adder_7=0DL
sc_cfg481,-2163.3456,-2167.2555,3.832365,3.835861,0.0912,22.61,19.329,855,mult_1=GPF adder_5=0Q7
sc_cfg482,-17870.2203,-17897.8701,29.082092,29.119348,0.1281,26.24,53.252,2029,mult_0=HGP mult_3=HGY mult_4=8VH mult_5=F6B mult_6=GPF adder_0=0Q7 adder_2=0MH adder_4=0Q7
sc_cfg483,-3192.8091,-3202.6189,6.961273,6.953593,0.1103,24.05,32.950,1370,mult_1=HGY mult_2=F6B mult_8=8VH adder_0=0DL adder_7=0GK
sc_cfg484,-11609.4242,-11302.7476,26.086647,25.742525,1.3191,24.90,29.454,1183,mult_6=GPF adder_5=0M0 adder_6=0MH
sc_cfg485,-114.4210,-7660.4940,18.055301,20.531132,13.7125,37.91,108.427,2860,mult_0=HGP mult_1=5FA mult_2=HGY mult_3=F6B mult_4=HGP mult_5=F6B mult_6=HGY mult_7=HGY adder_0=0MH adder_1=0Q7 adder_2=0DL adder_3=02E adder_4=0Q7 adder_5=02E adder_6=02E adder_7=0MH
sc_cfg486,-11297.8497,-11302.9901,19.079826,19.088059,0.0431,33.24,81.641,2456,mult_0=F6B mult_1=F6B mult_2=HGY mult_3=AQ1 mult_5=HGP mult_6=F6B adder_0=0AV adder_1=0M0 adder_2=0M0 adder_4=073 adder_5=0M0 adder_6=0AV
sc_cfg487,-13771.2308,-13444.8167,28.528586,28.119332,1.4345,22.15,29.671,1340,mult_2=DAE mult_6=HGP mult_7=HGP adder_6=0MH
sc_cfg488,-6060.8392,-5811.1509,16.026736,15.753026,1.7078,38.41,97.641,2542,mult_0=AQ1 mult_1=8VH mult_4=5FA mult_5=DAE mult_6=HGP mult_8=F6B adder_0=0EM adder_1=02E adder_2=0GK adder_3=0GK adder_4=0M0 adder_5=0EM adder_6=0Q7 adder_7=02E
sc_cfg489,-13900.2271,-13321.1397,25.730298,24.520908,4.7003,36.06,80.142,2222,mult_1=DAE mult_2=8VH mult_3=DAE mult_4=HGP mult_6=GPF adder_0=0M0 adder_1=0M0 adder_2=073 adder_3=02E adder_4=0M0 adder_5=02E adder_6=02E
sc_cfg490,-2110.1383,-2101.8663,3.763326,3.752569,0.2858,24.23,37.469,1546,mult_7=GPF mult_8=5FA adder_0=073 adder_3=073
sc_cfg491,-1075.1340,-1072.5145,2.743860,2.742415,0.0526,29.48,37.092,1258,mult_8=GPF adder_0=0GK adder_2=0Q7 adder_4=0Q7 adder_5=0EM
sc_cfg492,-8024.5071,-8059.6941,13.242019,13.295737,0.4057,28.26,72.194,2554,mult_0=8VH mult_1=F6B mult_2=AQ1 mult_6=CK3 mult_7=F6B mult_8=8VH adder_1=0DL adder_2=0M0 adder_3=0M0 adder_6=073
sc_cfg493,-16431.8384,-16444.0680,27.314060,27.340434,0.0966,25.80,57.799,2240,mult_0=8VH mult_3=CK3 mult_4=8VH mult_7=8VH mult_8=AQ1 adder_2=0MH adder_3=0AV adder_4=0Q7
sc_cfg494,-15422.8827,-14350.3925,25.572064,24.323309,4.8833,38.12,105.581,2770,mult_0=F6B mult_1=8VH mult_2=GPF mult_3=AQ1 mult_6=HGY mult_7=GPF mult_8=F6B adder_0=0Q7 adder_1=0DL adder_2=0AV adder_3=02E adder_4=0EM adder_5=0DL adder_6=02E adder_7=0AV
sc_cfg495,-7200.4095,-7208.9588,11.801658,11.815944,0.1211,28.71,62.191,2166,mult_1=8VH mult_6=8VH mult_7=5FA mult_8=CK3 adder_0=0AV adder_2=0AV adder_4=073 adder_5=0DL
sc_cfg496,-6983.0899,-6992.4451,12.003470,12.016046,0.1048,26.70,62.338,2335,mult_0=CK3 mult_1=F6B mult_2=DAE mult_4=F6B mult_6=8VH adder_1=0M0 adder_4=0Q7 adder_6=073
sc_cfg497,-20993.3744,-21006.7428,34.079893,34.105456,0.0750,23.16,73.260,3164,mult_1=5FA mult_2=HGP mult_4=HGY mult_5=CK3 mult_6=5FA mult_7=DAE mult_8=HGP adder_3=0Q7 adder_4=0MH
sc_cfg498,-8778.4916,-8800.4722,14.805626,14.839406,0.2282,19.15,45.389,2370,mult_1=CK3 mult_4=CK3 mult_5=5FA mult_8=AQ1
sc_cfg499,592.8310,257.4361,22.139696,22.003982,0.6130,31.39,61.495,1959,mult_2=F6B mult_3=CK3 mult_6=F6B adder_1=073 adder_2=02E adder_5=0MH adder_6=0GK adder_7=073
sc_cfg500,-20108.2710,-20134.0743,32.140613,32.179273,0.1203,33.25,91.177,2742,mult_0=8VH mult_1=AQ1 mult_3=HGP mult_4=GPF mult_6=HGP mult_7=8VH mult_8=DAE adder_0=073 adder_2=0Q7 adder_3=0AV adder_4=0GK adder_6=0EM adder_7=0DL
sc_cfg501,-3533.5454,-3551.8405,10.835557,10.851600,0.1481,24.18,37.412,1547,mult_3=AQ1 mult_6=CK3 mult_8=F6B adder_0=0Q7 adder_4=02E
sc_cfg502,29.5578,29.6356,0.134157,0.133966,0.1425,22.39,8.687,388,adder_1=0M0
sc_cfg503,-4673.1332,-4647.9510,11.808035,11.774024,0.2880,26.85,48.959,1823,mult_0=5FA mult_1=HGY mult_2=HGP adder_3=073 adder_4=02E adder_7=0M0
sc_cfg504,-6198.3059,-6197.3513,11.685358,11.684832,0.0045,23.83,46.447,1949,mult_0=F6B mult_5=GPF mult_6=F6B adder_1=0AV adder_2=073
sc_cfg505,-3292.5139,-3304.6552,5.887607,5.905509,0.3041,30.94,77.299,2499,mult_0=AQ1 mult_1=8VH mult_2=5FA mult_8=GPF adder_0=0EM adder_1=0GK adder_3=0DL adder_6=073 adder_7=073
sc_cfg506,-72.8320,-76.9813,12.187860,12.222779,0.2865,32.37,39.422,1218,mult_4=F6B adder_0=0MH adder_1=073 adder_2=0GK adder_4=02E adder_5=02E
sc_cfg507,630.0495,724.8291,12.314581,12.046009,2.1809,34.30,55.356,1614,mult_6=5FA adder_1=02E adder_2=0M0 adder_3=0Q7 adder_4=0M0 adder_6=0Q7 adder_7=02E
sc_cfg508,-6547.8410,-6533.5135,11.256597,11.237499,0.1697,31.76,74.032,2331,mult_2=CK3 mult_3=DAE mult_4=DAE mult_7=GPF adder_2=073 adder_3=0Q7 adder_4=0GK adder_5=0GK adder_6=0EM
sc_cfg509,-6049.7709,-6050.5834,10.820719,10.824757,0.0373,22.16,24.394,1101,mult_3=CK3 mult_7=AQ1 adder_0=0GK
sc_cfg510,-4258.2045,-4246.4915,7.070349,7.052413,0.2537,29.72,40.977,1379,mult_1=CK3 mult_7=8VH adder_0=073 adder_3=0Q7 adder_4=0Q7 adder_6=0M0
sc_cfg511,-9068.2216,-9064.6276,15.176293,15.171184,0.0337,34.95,112.977,3232,mult_0=5FA mult_1=HGP mult_2=AQ1 mult_3=DAE mult_4=5FA mult_5=HGP mult_7=5FA adder_0=073 adder_1=0GK adder_2=0M0 adder_3=073 adder_4=0M0 adder_5=0AV adder_7=0GK
sc_cfg512,-8074.0215,-7737.7691,15.447523,14.956209,3.1805,30.87,72.515,2349,mult_0=CK3 mult_1=HGP mult_2=HGP mult_4=DAE mult_7=GPF mult_8=HGY adder_2=0AV adder_4=0EM adder_5=0M0 adder_6=0DL adder_7=02E
sc_cfg513,-10372.8606,-10354.4663,20.998080,20.987986,0.0481,29.17,46.077,1580,mult_3=5FA mult_6=DAE adder_1=02E adder_2=0MH adder_3=0M0 adder_4=0MH
sc_cfg514,-6719.5437,-6721.2235,11.561386,11.565289,0.0338,21.99,20.551,935,mult_5=HGP mult_8=HGP adder_2=073
sc_cfg515,-2449.0183,-2442.4683,6.215047,6.204783,0.1651,27.40,36.603,1336,mult_3=F6B mult_4=F6B adder_1=0DL adder_4=0DL adder_5=0EM
sc_cfg516,-19618.7340,-19653.5304,32.731340,32.807787,0.2336,37.31,119.006,3189,mult_0=F6B mult_1=F6B mult_2=GPF mult_3=F6B mult_4=8VH mult_5=HGP mult_7=GPF mult_8=HGP adder_0=0AV adder_1=073 adder_2=02E adder_3=0EM adder_4=02E adder_5=0Q7 adder_6=0DL adder_7=073
sc_cfg517,-140.2182,-146.1656,0.762983,0.765384,0.3147,33.49,60.366,1803,mult_0=DAE mult_1=5FA adder_0=0M0 adder_1=0M0 adder_2=073 adder_3=0AV adder_6=0DL adder_7=0DL
sc_cfg518,-132.7976,-152.9215,8.489369,8.485323,0.0477,22.71,8.070,355,adder_6=02E
sc_cfg519,-8104.0866,-8058.4526,16.330527,16.284306,0.2830,27.37,31.275,1143,mult_2=HGP mult_5=HGP adder_2=02E adder_5=0Q7 adder_6=073
sc_cfg520,-16665.2493,-16659.8624,27.879396,27.872930,0.0232,33.26,85.294,2564,mult_0=8VH mult_1=HGY mult_2=HGP mult_5=8VH mult_6=GPF mult_7=AQ1 mult_8=F6B adder_0=0AV adder_1=0DL adder_2=0DL adder_4=02E adder_5=0EM adder_6=0AV
sc_cfg521,-5012.1504,-5014.7675,12.415218,12.419118,0.0314,35.20,114.531,3254,mult_0=8VH mult_2=5FA mult_3=F6B mult_4=DAE mult_5=DAE mult_6=HGY mult_7=F6B mult_8=5FA adder_0=02E adder_1=0AV adder_2=0DL adder_3=0M0 adder_4=0M0 adder_5=02E adder_7=0EM
sc_cfg522,-13362.8023,-13345.4549,22.591971,22.579277,0.0562,24.31,45.671,1879,mult_0=F6B mult_5=GPF mult_7=8VH mult_8=AQ1 adder_1=0MH adder_4=073
sc_cfg523,-8006.0674,-8014.5971,13.463639,13.472075,0.0627,24.43,40.575,1661,mult_1=8VH mult_3=HGY mult_6=5FA adder_2=0AV adder_6=0AV
sc_cfg524,-23509.8718,-23517.6004,37.272222,37.288779,0.0444,37.65,114.835,3050,mult_0=F6B mult_2=8VH mult_3=AQ1 mult_4=F6B mult_5=HGP mult_6=CK3 mult_7=GPF mult_8=5FA adder_0=073 adder_1=0M0 adder_2=0Q7 adder_3=02E adder_4=0Q7 adder_5=0MH adder_6=0Q7 adder_7=0AV
sc_cfg525,31.1166,31.1045,0.074577,0.074738,0.2156,22.49,23.871,1061,mult_8=5FA adder_1=073
sc_cfg526,-0.9975,-1.0015,0.004473,0.004470,0.0657,22.54,11.732,520,adder_7=0EM
sc_cfg527,-12999.0562,-13012.4584,21.001347,21.020474,0.0911,21.73,38.610,1777,mult_1=HGP mult_3=8VH mult_6=CK3 mult_8=HGP adder_7=0AV
sc_cfg528,-2159.8426,-2163.8152,3.827727,3.831299,0.0933,22.15,17.215,777,mult_1=8VH adder_1=0Q7
sc_cfg529,-4395.5561,-7507.7898,19.831469,18.013172,9.1687,31.16,83.881,2692,mult_0=5FA mult_1=CK3 mult_3=5FA mult_4=GPF mult_7=HGP adder_0=0MH adder_1=0Q7 adder_3=0AV adder_5=0DL adder_7=0MH
sc_cfg530,-0.4991,-0.4986,0.002164,0.002163,0.0541,22.56,10.674,473,adder_4=0AV
sc_cfg531,-4922.3947,-4917.3025,8.401818,8.398332,0.0415,26.85,34.759,1294,mult_0=CK3 mult_2=8VH adder_0=073 adder_5=073 adder_6=0EM
sc_cfg532,-10495.3403,-10515.5932,17.743826,17.767077,0.1310,33.21,96.136,2895,mult_0=HGY mult_1=F6B mult_3=5FA mult_4=HGP mult_5=F6B mult_8=8VH adder_0=0MH adder_2=073 adder_3=073 adder_4=0GK adder_5=0Q7 adder_7=0AV
sc_cfg533,1293.2749,1287.1684,8.757825,8.778939,0.2411,26.58,52.837,1988,mult_0=8VH mult_4=5FA mult_8=AQ1 adder_0=0Q7 adder_3=0M0 adder_4=02E
sc_cfg534,-11822.5817,-11817.4293,19.369453,19.365440,0.0207,27.28,48.512,1778,mult_2=HGY mult_5=GPF mult_7=CK3 adder_1=0GK adder_4=0M0 adder_6=073
sc_cfg535,-15449.6563,-15462.6368,25.841153,25.874600,0.1294,31.39,69.357,2209,mult_0=HGY mult_4=GPF mult_5=HGY mult_6=AQ1 mult_8=HGY adder_1=0DL adder_2=0M0 adder_5=0MH adder_6=0Q7 adder_7=073
sc_cfg536,-18434.7453,-18420.3382,30.959789,30.945411,0.0464,25.84,74.647,2889,mult_0=CK3 mult_1=AQ1 mult_4=8VH mult_5=GPF mult_6=8VH mult_7=DAE mult_8=DAE adder_1=02E adder_3=0DL adder_5=0GK
sc_cfg537,-6623.8907,-6618.1781,12.033616,12.028173,0.0452,26.96,54.161,2009,mult_1=AQ1 mult_4=F6B mult_5=F6B mult_6=HGP adder_2=0AV adder_4=0GK adder_6=0Q7
sc_cfg538,-28325.5689,-28308.1627,44.760177,44.737550,0.0506,35.69,97.302,2726,mult_0=HGY mult_1=F6B mult_2=CK3 mult_3=8VH mult_4=8VH mult_5=HGP mult_6=8VH mult_8=AQ1 adder_1=0DL adder_2=0DL adder_3=0Q7 adder_4=073 adder_5=0DL adder_6=0M0 adder_7=0M0
sc_cfg539,-15566.9281,-15562.2522,25.266347,25.258512,0.0310,26.26,66.672,2539,mult_0=HGY mult_1=8VH mult_3=HGY mult_4=F6B mult_5=HGY mult_6=5FA adder_2=0AV adder_5=0DL adder_6=0Q7
sc_cfg540,-20533.4251,-20580.1843,32.764719,32.837101,0.2209,33.19,96.358,2903,mult_0=F6B mult_1=F6B mult_2=HGY mult_3=HGY mult_4=GPF mult_7=HGP mult_8=5FA adder_0=0M0 adder_1=0MH adder_2=0AV adder_4=0Q7 adder_5=0M0 adder_6=0M0
sc_cfg541,-8009.8519,-8011.8067,15.057980,15.050045,0.0527,24.28,35.758,1473,mult_5=CK3 mult_6=HGP mult_7=AQ1 adder_1=0DL adder_3=0MH
sc_cfg542,-8406.1380,-8404.1265,15.562742,15.550092,0.0813,24.05,36.036,1499,mult_5=HGY mult_7=5FA mult_8=HGY adder_0=0AV adder_3=0MH
sc_cfg543,-11314.4259,-11237.2312,28.441389,28.372709,0.2415,33.50,100.262,2993,mult_0=5FA mult_3=CK3 mult_4=DAE mult_5=8VH mult_6=CK3 mult_7=F6B mult_8=GPF adder_0=02E adder_2=02E adder_4=0AV adder_5=0MH adder_6=073 adder_7=0M0
sc_cfg544,-15856.6455,-17875.3492,33.884349,36.499182,7.7169,31.26,65.722,2103,mult_0=HGY mult_3=DAE mult_5=HGP mult_7=HGP mult_8=F6B adder_0=0MH adder_2=0MH adder_3=073 adder_5=0M0 adder_6=0MH
sc_cfg545,-0.1306,-0.1177,0.014963,0.014957,0.0434,22.30,10.312,462,adder_7=0Q7
sc_cfg546,-1417.0561,-1413.4468,4.741023,4.731561,0.1996,29.87,35.049,1174,mult_3=F6B adder_0=0GK adder_4=0Q7 adder_6=0DL adder_7=073
sc_cfg547,-8255.4825,-8257.5310,15.343561,15.346502,0.0192,30.66,67.036,2186,mult_3=HGY mult_4=5FA mult_6=F6B mult_8=DAE adder_0=0AV adder_1=0AV adder_2=0AV adder_3=0MH adder_6=0Q7
sc_cfg548,-7294.6020,-7313.9943,12.661688,12.692727,0.2451,24.39,29.955,1228,mult_4=8VH mult_8=GPF adder_2=0DL adder_3=0M0
sc_cfg549,-14028.5067,-14055.9996,22.963846,23.000862,0.1612,35.06,108.074,3082,mult_0=DAE mult_1=GPF mult_3=DAE mult_4=CK3 mult_5=F6B mult_6=8VH mult_8=AQ1 adder_0=0EM adder_1=0DL adder_2=0Q7 adder_3=0AV adder_4=0DL adder_5=073 adder_7=0Q7
sc_cfg550,-7663.2895,-7667.9195,13.311625,13.325612,0.1051,24.32,56.838,2337,mult_2=5FA mult_4=GPF mult_8=GPF adder_0=0GK adder_7=0M0
sc_cfg551,-5656.0150,-5651.4146,10.634087,10.625337,0.0823,24.56,43.472,1770,mult_3=HGP mult_6=DAE mult_8=AQ1 adder_0=02E adder_6=0M0
sc_cfg552,-14629.7062,-13851.9678,29.742924,28.890416,2.8663,22.62,20.487,906,mult_4=CK3 adder_6=0MH
sc_cfg553,-6310.8845,-6170.9006,10.870699,10.660500,1.9336,34.06,77.162,2265,mult_2=8VH mult_3=5FA mult_7=F6B adder_1=0AV adder_3=0M0 adder_4=0M0 adder_5=0GK adder_6=0EM adder_7=0GK
sc_cfg554,-23931.0882,-23948.1814,38.264154,38.290944,0.0700,37.04,125.380,3385,mult_0=AQ1 mult_1=AQ1 mult_2=8VH mult_3=8VH mult_4=8VH mult_5=F6B mult_6=DAE mult_7=AQ1 mult_8=F6B adder_0=0M0 adder_1=0Q7 adder_2=0GK adder_3=02E adder_4=0MH adder_5=0EM adder_6=0EM adder_7=0AV
sc_cfg555,-9253.3182,-7533.4103,17.332353,15.445984,10.8835,30.29,104.086,3436,mult_0=CK3 mult_1=8VH mult_2=8VH mult_3=F6B mult_4=5FA mult_5=F6B mult_6=5FA mult_8=AQ1 adder_0=0AV adder_4=0EM adder_5=073 adder_6=0DL adder_7=02E
sc_cfg556,-79.6776,-81.3435,0.307759,0.308494,0.2388,24.64,39.400,1599,mult_0=5FA mult_1=DAE adder_3=0M0 adder_7=073
sc_cfg557,-19248.8548,-19287.0914,31.454448,35.655104,13.3547,38.58,84.233,2183,mult_1=GPF mult_3=HGP mult_6=HGP mult_7=5FA adder_0=0Q7 adder_1=0EM adder_2=0DL adder_3=0AV adder_4=0DL adder_5=073 adder_6=0MH adder_7=073
sc_cfg558,714.0529,714.0905,4.483959,4.477944,0.1341,26.94,43.240,1605,mult_5=5FA mult_6=F6B adder_0=0M0 adder_3=0DL adder_5=0EM
sc_cfg559,-9924.0893,-9948.6079,17.068130,17.101718,0.1968,36.11,77.912,2158,mult_0=AQ1 mult_1=GPF mult_3=F6B mult_4=HGP adder_0=0M0 adder_2=0EM adder_3=0AV adder_4=0GK adder_5=0GK adder_6=0Q7 adder_7=0AV
sc_cfg560,-2626.8583,-2632.8130,8.920841,8.898342,0.2522,32.78,92.579,2824,mult_0=CK3 mult_2=F6B mult_4=F6B mult_5=F6B mult_6=F6B mult_7=AQ1 mult_8=HGP adder_1=0DL adder_2=073 adder_3=073 adder_4=0M0 adder_5=0EM adder_7=0AV
sc_cfg561,-4242.3134,-4243.5504,7.193427,7.195800,0.0330,24.49,40.975,1673,mult_0=GPF mult_1=HGY mult_8=CK3 adder_3=0AV adder_6=0GK
sc_cfg562,-5856.3395,-5857.0950,10.371382,10.374858,0.0335,22.11,17.614,797,mult_5=HGY adder_0=0M0
sc_cfg563,-24387.3773,-25495.7436,39.126127,41.075922,4.9834,26.42,57.833,2189,mult_1=8VH mult_5=HGP mult_6=DAE mult_7=HGP mult_8=8VH adder_0=0Q7 adder_1=0MH adder_6=0MH
sc_cfg564,-11870.4934,-11899.9559,19.591788,19.635311,0.2222,28.87,59.440,2059,mult_0=AQ1 mult_4=HGP mult_6=HGP mult_8=8VH adder_0=0AV adder_1=0GK adder_3=0Q7 adder_6=0AV
sc_cfg565,-15709.9115,-15643.5118,26.427507,26.373012,0.2062,32.86,93.053,2832,mult_0=HGY mult_2=HGP mult_3=GPF mult_4=AQ1 mult_6=8VH mult_7=CK3 mult_8=DAE adder_0=02E adder_1=0EM adder_2=0M0 adder_5=0Q7 adder_6=0AV adder_7=02E
sc_cfg566,-23935.6879,-23781.0391,38.542060,38.290202,0.6535,37.92,97.221,2564,mult_0=HGY mult_1=8VH mult_3=GPF mult_4=GPF mult_5=AQ1 mult_7=8VH mult_8=8VH adder_0=0EM adder_1=073 adder_2=0Q7 adder_3=073 adder_4=0M0 adder_5=0MH adder_6=0DL adder_7=0DL
sc_cfg567,-5036.3962,-5049.2052,8.811851,8.833224,0.2426,22.16,36.561,1650,mult_1=F6B mult_5=5FA mult_6=HGP adder_3=0DL
sc_cfg568,-14703.3212,-12884.9846,24.780626,27.698518,11.7749,27.20,43.402,1595,mult_3=8VH mult_5=AQ1 mult_6=DAE adder_3=0DL adder_5=0Q7 adder_6=0MH
sc_cfg569,1.0047,0.9933,0.004056,0.004052,0.0931,22.13,19.550,884,mult_4=AQ1 adder_2=0EM
sc_cfg570,-4227.7613,-4212.1240,6.959049,6.938079,0.3013,28.78,76.479,2657,mult_0=CK3 mult_1=AQ1 mult_2=AQ1 mult_6=5FA mult_7=8VH adder_1=0AV adder_4=0DL adder_5=0AV adder_7=0GK
sc_cfg571,1256.8941,1260.5703,6.715213,6.708220,0.1041,32.29,38.389,1189,adder_0=0MH adder_1=0EM adder_5=0Q7 adder_6=0GK adder_7=0M0
sc_cfg572,-4050.0446,-4053.8428,7.182892,7.190162,0.1012,27.07,37.636,1390,mult_0=AQ1 mult_6=8VH adder_0=073 adder_3=0Q7 adder_6=073
sc_cfg573,-9959.5695,-10000.7610,16.627702,16.690681,0.3788,26.83,42.148,1571,mult_0=HGY mult_1=CK3 mult_4=8VH adder_1=0DL adder_5=0EM adder_6=0GK
sc_cfg574,-1168.8360,-1168.3503,2.920226,2.921740,0.0518,29.96,35.570,1187,mult_8=8VH adder_2=0M0 adder_4=0DL adder_6=0GK adder_7=0AV
sc_cfg575,-17268.9846,-17293.7926,27.992038,28.028592,0.1306,31.17,73.223,2349,mult_2=AQ1 mult_3=8VH mult_4=CK3 mult_7=5FA mult_8=F6B adder_0=0M0 adder_1=0MH adder_2=0GK adder_3=0GK adder_4=0DL
sc_cfg576,-1923.0367,-4931.6708,17.317121,15.800741,8.7565,27.88,83.017,2978,mult_0=HGY mult_1=F6B mult_2=AQ1 mult_3=AQ1 mult_4=F6B mult_5=HGP mult_6=DAE adder_1=073 adder_2=0EM adder_3=0Q7 adder_7=0MH
sc_cfg577,-13749.8559,-13769.4392,22.266369,22.297142,0.1382,25.22,43.281,1716,mult_1=8VH mult_2=HGY mult_4=HGY mult_8=HGP adder_3=0AV adder_5=0Q7
sc_cfg578,-8791.0088,-8780.8854,15.152417,15.139695,0.0840,24.10,26.276,1090,mult_3=HGY mult_8=F6B adder_0=0Q7 adder_1=02E
sc_cfg579,-10821.6067,-10821.0931,17.764905,17.766312,0.0079,26.24,50.382,1920,mult_0=GPF mult_2=GPF mult_3=8VH adder_1=0Q7 adder_2=073 adder_7=0EM
sc_cfg580,-9366.6901,-9384.6765,15.910486,15.940508,0.1887,24.35,35.317,1450,mult_1=GPF mult_4=CK3 adder_3=0GK adder_6=0GK
sc_cfg581,-3036.0382,-3038.2012,5.123108,5.123113,0.0001,23.88,42.779,1791,mult_0=CK3 mult_1=HGP mult_6=DAE adder_1=0DL adder_2=073
sc_cfg582,-170.8717,-164.8126,2.189879,2.192344,0.1126,24.75,45.556,1841,mult_3=AQ1 mult_5=DAE mult_6=AQ1 adder_4=0GK adder_6=0M0
sc_cfg583,-22996.7486,-12869.4900,39.774751,33.026148,16.9671,31.41,68.497,2181,mult_0=F6B mult_1=DAE mult_4=HGP mult_5=HGP adder_1=0AV adder_3=073 adder_5=0DL adder_6=0MH adder_7=0MH
sc_cfg584,-14983.5765,-16670.2017,25.163278,28.027972,11.3844,36.44,49.634,1362,mult_1=8VH adder_0=0EM adder_1=0MH adder_2=0EM adder_4=0AV adder_5=0EM adder_6=0MH adder_7=0Q7
sc_cfg585,1127.0949,1124.3525,8.682087,8.695396,0.1533,22.55,14.328,635,mult_1=HGP adder_4=02E
sc_cfg586,-2672.5751,-5827.5476,15.623008,16.776747,7.3849,29.23,57.074,1953,mult_4=AQ1 mult_5=5FA mult_8=GPF adder_2=0MH adder_4=0AV adder_5=0GK adder_7=0MH
sc_cfg587,-7076.1687,-7078.4004,11.623066,11.626930,0.0332,26.34,62.708,2380,mult_1=CK3 mult_2=HGY mult_3=DAE mult_5=5FA mult_8=8VH adder_0=0Q7 adder_5=0EM adder_6=0EM
sc_cfg588,-1600.5267,-1597.4512,7.396997,7.393303,0.0499,32.10,31.056,967,adder_0=0AV adder_2=073 adder_3=0MH adder_4=073 adder_5=0M0
sc_cfg589,-11672.0989,-11633.0683,21.034595,20.988454,0.2194,21.16,52.345,2474,mult_1=DAE mult_2=5FA mult_3=8VH mult_6=CK3 mult_7=8VH adder_2=02E
sc_cfg590,-18472.0706,-18471.6995,29.349075,29.351433,0.0080,31.04,85.462,2754,mult_1=HGY mult_2=GPF mult_3=8VH mult_6=8VH mult_7=GPF mult_8=DAE adder_0=0EM adder_1=073 adder_3=0DL adder_4=073 adder_5=0EM
sc_cfg591,-7.3271,-5.9223,0.464645,0.464715,0.0151,22.82,12.133,532,adder_6=0DL
sc_cfg592,-23176.8898,-23158.5343,36.965983,36.942918,0.0624,26.35,62.990,2390,mult_1=8VH mult_3=8VH mult_4=F6B mult_5=HGP mult_6=HGY mult_7=HGP adder_1=02E adder_5=0DL adder_7=0Q7
sc_cfg593,-16021.6987,-16013.0172,26.075730,26.071143,0.0176,28.50,80.774,2835,mult_0=GPF mult_2=AQ1 mult_3=F6B mult_4=GPF mult_5=CK3 mult_8=8VH adder_0=0EM adder_4=0DL adder_6=073 adder_7=0GK
sc_cfg594,-4807.3828,-4714.1940,12.063101,11.897149,1.3757,35.25,101.947,2892,mult_3=DAE mult_4=DAE mult_5=GPF mult_6=DAE mult_7=5FA mult_8=AQ1 adder_0=0GK adder_1=0EM adder_2=0DL adder_3=0EM adder_4=0GK adder_6=0GK adder_7=02E
sc_cfg595,398.8772,-3363.7905,14.819962,14.044521,5.2324,28.19,79.768,2830,mult_1=CK3 mult_2=AQ1 mult_4=AQ1 mult_6=8VH mult_7=F6B mult_8=5FA adder_0=0Q7 adder_1=0M0 adder_5=073 adder_7=0MH
sc_cfg596,-15967.6451,-15794.7880,26.904403,26.741137,0.6068,35.85,94.122,2625,mult_0=HGY mult_1=AQ1 mult_2=GPF mult_4=DAE mult_5=HGP mult_6=CK3 mult_8=HGY adder_0=0GK adder_1=0Q7 adder_2=0Q7 adder_4=0AV adder_5=073 adder_6=02E adder_7=0AV
sc_cfg597,1697.4098,-182.0983,14.510436,14.242405,1.8472,26.79,67.922,2535,mult_2=5FA mult_3=DAE mult_5=5FA mult_7=HGP adder_0=0MH adder_3=0MH adder_7=0MH
sc_cfg598,-17825.4545,-17837.5617,33.322577,33.353916,0.0940,33.00,117.369,3556,mult_0=DAE mult_1=F6B mult_2=HGY mult_3=HGY mult_4=5FA mult_5=AQ1 mult_6=HGP mult_7=AQ1 mult_8=DAE adder_0=0EM adder_1=02E adder_4=0Q7 adder_5=0MH adder_6=0M0 adder_7=0M0
sc_cfg599,-1070.8136,-5758.2638,13.669317,16.846083,23.2401,35.66,80.886,2268,mult_0=5FA mult_1=HGP mult_2=HGP mult_3=AQ1 mult_8=HGY adder_0=073 adder_1=0M0 adder_2=0GK adder_3=0MH adder_5=0AV adder_6=02E adder_7=0MH
sc_cfg600,-19945.3194,-19965.9618,31.864356,31.890881,0.0832,32.92,103.188,3135,mult_0=F6B mult_1=AQ1 mult_2=DAE mult_3=GPF mult_4=8VH mult_6=5FA mult_8=F6B adder_0=02E adder_1=0GK adder_2=0GK adder_3=0M0 adder_4=0MH adder_7=0Q7
sc_cfg601,-10757.1982,-10272.1034,19.875284,19.238643,3.2032,35.89,95.405,2659,mult_0=AQ1 mult_1=GPF mult_2=GPF mult_4=CK3 mult_8=F6B adder_0=02E adder_1=0EM adder_2=0M0 adder_3=0AV adder_4=073 adder_6=0Q7 adder_7=02E
sc_cfg602,-8946.1943,-12631.6902,17.190210,22.223229,29.2784,30.59,98.189,3210,mult_0=DAE mult_1=8VH mult_2=F6B mult_3=CK3 mult_4=F6B mult_5=AQ1 mult_6=AQ1 mult_8=HGY adder_0=0DL adder_3=073 adder_4=0GK adder_6=02E adder_7=0AV
sc_cfg603,26.0137,-4115.9363,15.313968,14.815580,3.2545,22.25,29.281,1316,mult_3=CK3 mult_7=GPF adder_7=0MH
sc_cfg604,1.6831,1.6405,0.015593,0.015606,0.0873,25.13,20.400,812,adder_2=0EM adder_6=0Q7
sc_cfg605,110.4333,116.0819,4.828448,4.827069,0.0286,22.16,28.839,1301,mult_6=F6B mult_7=DAE adder_4=0GK
sc_cfg606,-15576.1494,-15557.8389,27.050560,27.150432,0.3692,38.05,105.264,2766,mult_0=F6B mult_1=HGP mult_4=CK3 mult_5=HGP mult_6=DAE mult_7=HGP adder_0=0Q7 adder_1=0DL adder_2=0EM adder_3=0EM adder_4=0Q7 adder_5=0MH adder_6=0Q7 adder_7=02E
sc_cfg607,-7078.7273,-7072.8174,15.478015,15.479735,0.0111,31.57,64.879,2055,mult_1=AQ1 mult_2=DAE mult_4=CK3 mult_7=DAE adder_0=0Q7 adder_2=0M0 adder_5=02E adder_6=073 adder_7=0EM
sc_cfg608,-9974.6247,-9955.0022,17.153753,17.124541,0.1703,31.35,73.142,2333,mult_1=8VH mult_2=5FA mult_5=HGY mult_6=F6B mult_7=F6B adder_1=0Q7 adder_2=0Q7 adder_4=0GK adder_5=0AV adder_7=0GK
sc_cfg609,-5981.0067,-5978.0683,13.295750,13.296064,0.0024,29.10,46.988,1615,mult_2=CK3 mult_7=8VH adder_1=0GK adder_2=0Q7 adder_3=0GK adder_5=02E
sc_cfg610,-13215.4416,-13224.6915,25.339951,25.364840,0.0982,24.51,49.085,2003,mult_2=8VH mult_3=F6B mult_6=AQ1 mult_7=8VH adder_2=0MH adder_5=02E
sc_cfg611,-10680.8903,-10695.4189,17.761675,17.786734,0.1411,26.27,55.773,2123,mult_1=AQ1 mult_2=GPF mult_4=HGY mult_7=AQ1 adder_0=073 adder_4=0AV adder_5=0EM
sc_cfg612,-11372.0830,-11470.9954,18.596674,18.744870,0.7969,33.55,79.909,2382,mult_0=CK3 mult_2=GPF mult_5=CK3 mult_7=5FA adder_0=0AV adder_1=0AV adder_2=0GK adder_4=0M0 adder_5=0DL adder_6=0DL
sc_cfg613,-12653.5498,-12338.8588,26.896099,28.161991,4.7066,34.13,66.536,1950,mult_1=8VH mult_4=F6B mult_6=F6B mult_7=AQ1 adder_2=0Q7 adder_3=0MH adder_4=0GK adder_5=073 adder_6=0MH adder_7=0Q7
sc_cfg614,-9248.9764,-9246.6752,14.898925,14.897308,0.0109,30.94,73.709,2383,mult_0=F6B mult_1=HGY mult_3=DAE mult_6=CK3 mult_7=8VH adder_0=0AV adder_1=0AV adder_3=0Q7 adder_5=0AV adder_7=0AV
sc_cfg615,-20079.3782,-17887.1972,37.714146,31.770752,15.7591,33.94,73.217,2157,mult_1=CK3 mult_3=HGY mult_5=8VH mult_6=CK3 mult_7=HGY mult_8=HGP adder_0=0AV adder_2=02E adder_4=0M0 adder_5=0GK adder_6=0GK adder_7=0MH
sc_cfg616,-17376.3892,-17318.9887,30.572446,30.523846,0.1590,37.73,120.368,3190,mult_0=F6B mult_1=8VH mult_2=GPF mult_3=5FA mult_4=F6B mult_5=HGP mult_6=F6B mult_8=DAE adder_0=02E adder_1=0MH adder_2=0MH adder_3=0M0 adder_4=0Q7 adder_5=02E adder_6=0AV adder_7=0DL
sc_cfg617,-219.7192,-220.2756,0.426092,0.426959,0.2033,22.37,20.017,895,mult_0=DAE adder_6=0Q7
sc_cfg618,-8412.9914,-8400.5057,15.593788,15.576681,0.1097,37.91,95.013,2506,mult_2=CK3 mult_3=HGY mult_5=DAE mult_7=DAE mult_8=AQ1 adder_0=0MH adder_1=0MH adder_2=0M0 adder_3=0AV adder_4=0EM adder_5=073 adder_6=0AV adder_7=0M0
sc_cfg619,-2696.2987,-2683.0444,9.847558,9.846755,0.0082,31.38,59.481,1896,mult_2=CK3 mult_3=DAE mult_6=DAE adder_1=02E adder_2=0EM adder_3=0DL adder_4=0DL adder_7=073
sc_cfg620,-1701.9853,-1697.5717,7.464526,7.460243,0.0574,26.44,49.690,1880,mult_0=AQ1 mult_6=5FA adder_2=0AV adder_3=0MH adder_7=0DL
sc_cfg621,-22212.6719,-23691.6212,41.883520,43.317198,3.4230,38.25,102.642,2684,mult_1=AQ1 mult_2=DAE mult_4=HGY mult_5=CK3 mult_6=5FA mult_7=DAE mult_8=HGY adder_0=0DL adder_1=0M0 adder_2=0GK adder_3=0M0 adder_4=0MH adder_5=0MH adder_6=0EM adder_7=0MH
sc_cfg622,-14249.7866,-14271.4454,23.227302,23.260410,0.1425,29.01,62.097,2141,mult_0=HGP mult_3=CK3 mult_4=GPF mult_8=GPF adder_0=0EM adder_2=0AV adder_4=0AV adder_6=073
sc_cfg623,-4076.0785,-4079.8701,7.217056,7.224377,0.1014,22.09,17.010,770,mult_6=8VH adder_2=0EM
sc_cfg624,-15952.2825,-15960.2684,25.771949,25.782757,0.0419,23.75,53.867,2269,mult_1=HGY mult_2=CK3 mult_3=HGP mult_5=5FA mult_8=GPF adder_3=02E adder_4=0DL
sc_cfg625,-11705.7494,-11334.7455,20.688788,20.206382,2.3317,28.11,82.483,2935,mult_0=HGY mult_1=DAE mult_3=HGP mult_4=DAE mult_5=AQ1 mult_6=HGY mult_7=8VH mult_8=GPF adder_2=0EM adder_4=0DL adder_6=0M0 adder_7=02E
sc_cfg626,-4171.4443,-4176.9723,7.348193,7.357613,0.1282,19.31,36.261,1878,mult_1=DAE mult_2=5FA mult_6=8VH
sc_cfg627,0.0000,0.0000,0.000000,0.000000,0.0000,22.41,13.602,607,adder_2=0AV
sc_cfg628,-9642.8806,-9180.6324,19.123706,18.507804,3.2206,33.98,77.782,2289,mult_0=AQ1 mult_1=HGY mult_6=GPF mult_8=F6B adder_1=0MH adder_3=0M0 adder_4=0Q7 adder_5=0GK adder_6=0DL adder_7=02E
sc_cfg629,-3072.4522,-3063.0839,5.166990,5.154875,0.2345,24.44,29.224,1196,mult_0=GPF mult_7=HGY adder_2=0EM adder_4=0DL
sc_cfg630,-21022.8483,-21038.2850,34.459439,34.482344,0.0665,37.24,131.576,3533,mult_0=5FA mult_2=F6B mult_3=AQ1 mult_4=8VH mult_5=8VH mult_6=8VH mult_7=AQ1 mult_8=5FA adder_0=0Q7 adder_1=0Q7 adder_2=0Q7 adder_3=02E adder_4=0MH adder_5=0EM adder_6=0AV adder_7=0Q7
sc_cfg631,-6514.2284,-6511.9088,11.002550,10.999274,0.0298,24.51,41.760,1704,mult_2=DAE mult_6=HGP mult_7=CK3 adder_0=073 adder_6=0GK
sc_cfg632,-4078.9094,-4075.4574,7.220585,7.220521,0.0009,22.03,22.524,1022,mult_2=8VH adder_3=0AV
sc_cfg633,-654.1521,-659.7826,8.072478,8.090560,0.2240,24.94,18.998,762,adder_0=0GK adder_4=02E
sc_cfg634,-17991.9632,-16077.4334,33.430805,35.394412,5.8736,33.10,112.789,3408,mult_0=8VH mult_1=5FA mult_3=CK3 mult_4=AQ1 mult_6=F6B mult_7=F6B mult_8=DAE adder_0=0M0 adder_2=0AV adder_4=0GK adder_5=0MH adder_6=0MH adder_7=0EM
sc_cfg635,-7290.4337,-7326.2916,15.150606,15.188038,0.2471,35.67,96.715,2711,mult_0=5FA mult_1=AQ1 mult_2=F6B mult_4=8VH mult_7=5FA adder_0=0Q7 adder_2=0MH adder_3=0GK adder_4=073 adder_5=0Q7 adder_6=0Q7 adder_7=0DL
sc_cfg636,-12639.9199,-13224.8713,20.576539,21.473414,4.3587,33.69,70.881,2104,mult_0=AQ1 mult_1=CK3 mult_2=HGY mult_3=HGY mult_8=GPF adder_0=0MH adder_1=0GK adder_2=0M0 adder_5=0EM adder_6=0GK adder_7=0AV
sc_cfg637,-18568.3121,-18743.8292,30.122823,30.381197,0.8577,31.27,75.699,2421,mult_3=GPF mult_4=8VH mult_5=F6B mult_7=AQ1 mult_8=GPF adder_0=0DL adder_1=0MH adder_3=0GK adder_4=0Q7 adder_6=0GK
sc_cfg638,-8311.5387,-8315.1372,15.235284,15.243150,0.0516,35.16,109.577,3116,mult_0=DAE mult_2=CK3 mult_3=F6B mult_4=F6B mult_5=F6B mult_6=F6B mult_8=GPF adder_0=0AV adder_1=0M0 adder_2=0EM adder_3=0Q7 adder_4=0M0 adder_5=073 adder_7=0DL
sc_cfg639,-14799.5939,-14821.3273,24.075870,24.111515,0.1481,28.66,92.796,3238,mult_0=5FA mult_1=HGP mult_2=5FA mult_4=CK3 mult_5=HGP mult_8=DAE adder_1=0DL adder_4=0AV adder_5=0M0 adder_7=0AV
sc_cfg640,1194.3773,1192.5950,8.116758,8.097662,0.2353,24.94,21.922,879,mult_0=HGP adder_1=073 adder_7=02E
sc_cfg641,-17835.4255,-17857.0519,29.094402,29.123365,0.0995,37.49,114.703,3060,mult_0=5FA mult_1=AQ1 mult_2=F6B mult_3=GPF mult_4=CK3 mult_6=8VH mult_7=F6B adder_0=0Q7 adder_1=0EM adder_2=073 adder_3=073 adder_4=0DL adder_5=0EM adder_6=0M0 adder_7=0GK
sc_cfg642,-3995.2013,-3991.1181,7.119309,7.118387,0.0129,23.79,50.556,2125,mult_0=AQ1 mult_2=CK3 mult_5=DAE mult_8=AQ1 adder_0=0EM adder_3=073
sc_cfg643,-11249.3851,-11219.3620,25.297980,25.280866,0.0677,31.61,66.191,2094,mult_0=AQ1 mult_3=CK3 mult_5=AQ1 adder_2=0M0 adder_4=0AV adder_5=0MH adder_6=0EM adder_7=0EM
sc_cfg644,-2161.4880,-2215.2915,6.946506,6.967181,0.2976,33.13,101.230,3055,mult_0=DAE mult_2=F6B mult_3=AQ1 mult_5=F6B mult_6=5FA mult_7=F6B adder_0=0Q7 adder_1=0Q7 adder_2=0DL adder_3=0M0 adder_5=0DL adder_6=0M0
sc_cfg645,-13370.9801,-13438.7145,28.314235,28.399710,0.3019,37.16,126.597,3407,mult_0=DAE mult_1=F6B mult_2=HGP mult_3=5FA mult_4=DAE mult_5=5FA mult_6=DAE mult_7=HGY mult_8=HGY adder_0=0DL adder_1=0MH adder_2=0AV adder_3=0AV adder_4=0EM adder_5=0MH adder_6=0Q7 adder_7=0DL
sc_cfg646,-12413.4506,-12733.4193,24.446184,24.838398,1.6044,33.39,69.636,2085,mult_4=HGY mult_5=DAE mult_6=8VH mult_7=DAE mult_8=AQ1 adder_0=0DL adder_1=0MH adder_2=0M0 adder_3=0DL adder_4=02E adder_6=0GK
sc_cfg647,-18029.8448,-18646.3291,30.239524,30.959706,2.3816,33.45,77.224,2308,mult_0=CK3 mult_1=HGY mult_4=CK3 mult_5=HGY mult_7=GPF mult_8=GPF adder_0=073 adder_1=073 adder_2=0EM adder_4=0Q7 adder_6=02E adder_7=0M0
sc_cfg648,-12237.3773,-12230.0748,21.722942,21.707593,0.0707,28.86,68.423,2371,mult_0=5FA mult_1=F6B mult_2=CK3 mult_4=8VH mult_8=CK3 adder_1=02E adder_2=0M0 adder_4=02E adder_7=0Q7
sc_cfg649,-14956.4459,-14960.7933,23.940937,23.947790,0.0286,26.35,74.649,2833,mult_1=GPF mult_2=5FA mult_3=GPF mult_6=HGP mult_7=F6B mult_8=CK3 adder_3=0MH adder_4=0DL adder_6=0AV
sc_cfg650,-7715.5535,-8144.8112,15.185469,15.675247,3.2253,31.19,58.622,1880,mult_0=CK3 mult_1=CK3 mult_2=HGY mult_8=F6B adder_1=0Q7 adder_3=0AV adder_4=0AV adder_5=073 adder_6=02E
sc_cfg651,-1999.9370,-2051.2616,9.747237,9.854213,1.0975,30.84,85.613,2776,mult_0=F6B mult_3=5FA mult_4=F6B mult_5=DAE mult_6=AQ1 mult_7=AQ1 adder_1=0DL adder_2=0M0 adder_5=02E adder_6=0GK adder_7=0DL
sc_cfg652,-3315.9474,-3302.2711,5.901703,5.885397,0.2763,29.24,36.259,1240,mult_7=HGY mult_8=8VH adder_0=073 adder_1=0DL adder_4=0GK adder_5=0EM
sc_cfg653,-15648.0750,-22591.3589,33.700136,37.932504,12.5589,34.60,104.847,3030,mult_0=DAE mult_1=F6B mult_2=CK3 mult_3=HGY mult_4=8VH mult_5=F6B mult_6=HGP mult_7=HGY mult_8=HGP adder_0=0AV adder_2=0Q7 adder_3=0EM adder_4=0EM adder_5=0GK adder_6=02E adder_7=0MH
sc_cfg654,-5878.5778,-5831.4599,22.017821,22.016125,0.0077,31.12,58.799,1889,mult_0=HGP mult_4=F6B mult_6=HGY mult_8=F6B adder_1=073 adder_2=0EM adder_3=0AV adder_4=02E adder_5=0MH
sc_cfg655,5280.7159,5427.6240,21.737789,22.722232,4.5287,33.62,63.366,1885,mult_0=AQ1 mult_5=F6B mult_6=F6B adder_0=0AV adder_1=0AV adder_2=02E adder_5=02E adder_6=0EM adder_7=0MH
sc_cfg656,-17042.2727,-17071.0637,28.486719,28.534653,0.1683,32.87,92.070,2801,mult_0=HGY mult_1=8VH mult_2=F6B mult_3=AQ1 mult_5=CK3 mult_6=5FA mult_8=HGY adder_0=0MH adder_1=0Q7 adder_2=0GK adder_5=0MH adder_6=0EM adder_7=0M0
sc_cfg657,-2292.6057,-2281.8840,4.018737,4.005161,0.3378,27.04,40.041,1481,mult_0=DAE mult_7=HGP adder_0=0M0 adder_6=073 adder_7=0M0
sc_cfg658,1434.7028,1420.8460,8.883931,8.892489,0.0963,22.63,7.779,344,adder_4=02E
sc_cfg659,-6614.9265,-6632.9284,11.718773,11.747932,0.2488,19.76,12.749,645,mult_4=GPF
sc_cfg660,-32558.5795,-24182.8371,51.100392,41.250527,19.2755,37.46,120.053,3205,mult_0=AQ1 mult_1=F6B mult_2=AQ1 mult_3=CK3 mult_4=HGP mult_5=GPF mult_6=8VH mult_7=HGP mult_8=8VH adder_0=0MH adder_1=0AV adder_2=02E adder_3=0Q7 adder_4=0MH adder_5=0GK adder_6=0GK adder_7=0MH
sc_cfg661,-6739.7455,-6741.3059,11.589085,11.592781,0.0319,22.10,48.554,2197,mult_0=5FA mult_2=AQ1 mult_5=CK3 mult_8=F6B adder_4=073
sc_cfg662,550.9701,591.7661,8.912379,8.917149,0.0535,27.15,30.775,1133,mult_1=AQ1 adder_2=02E adder_5=073 adder_7=0Q7
sc_cfg663,-434.6473,-427.4394,2.266250,2.269095,0.1255,26.48,47.332,1788,mult_0=AQ1 mult_4=DAE mult_8=DAE adder_1=0M0 adder_3=0Q7 adder_4=0GK
sc_cfg664,-7916.6227,-7726.0708,15.733160,15.504788,1.4515,31.63,54.049,1709,mult_0=HGP mult_5=8VH mult_8=HGY adder_0=073 adder_1=0M0 adder_3=0AV adder_4=0EM adder_6=02E
sc_cfg665,-14726.5271,-14598.8603,25.335057,25.282217,0.2086,35.25,95.397,2707,mult_1=5FA mult_2=DAE mult_3=CK3 mult_5=CK3 mult_6=HGP mult_8=HGY adder_0=0GK adder_1=0AV adder_2=0AV adder_3=073 adder_4=0Q7 adder_5=0GK adder_7=02E
sc_cfg666,-22734.7266,-15621.8890,40.299804,33.611635,16.5960,33.25,73.378,2207,mult_0=8VH mult_1=GPF mult_2=GPF mult_4=HGY mult_6=HGY adder_0=0Q7 adder_1=0M0 adder_3=0Q7 adder_5=0MH adder_6=073 adder_7=0MH
sc_cfg667,1.9198,1.8795,0.015789,0.015765,0.1467,22.16,26.946,1216,mult_1=AQ1 mult_3=AQ1 adder_6=0Q7
sc_cfg668,-17058.7829,-17066.1023,27.483500,27.494879,0.0414,28.06,89.467,3188,mult_1=DAE mult_2=HGP mult_3=GPF mult_5=HGP mult_7=5FA mult_8=HGP adder_0=0Q7 adder_2=0DL adder_3=0EM adder_5=0GK
sc_cfg669,-13596.0827,-13598.5517,23.145512,23.144707,0.0035,21.18,47.044,2222,mult_0=8VH mult_1=AQ1 mult_3=HGP mult_4=8VH mult_7=CK3 adder_0=0MH
sc_cfg670,-14419.6415,-14418.2783,25.302481,25.301842,0.0025,29.55,50.887,1722,mult_2=5FA mult_7=CK3 adder_2=0MH adder_4=0MH adder_5=0M0 adder_6=0GK
sc_cfg671,522.5230,522.5138,4.398911,4.393236,0.1290,22.35,20.800,930,mult_6=F6B adder_4=0Q7
sc_cfg672,-13143.9050,-13124.6870,22.805459,22.818570,0.0575,26.76,63.179,2361,mult_1=CK3 mult_3=GPF mult_6=GPF mult_8=GPF adder_4=073 adder_5=0M0 adder_6=02E
sc_cfg673,-11738.0702,-10293.8970,29.423480,23.561925,19.9214,36.27,87.949,2425,mult_0=DAE mult_1=HGP mult_3=F6B mult_5=GPF mult_6=HGP mult_7=CK3 adder_1=02E adder_2=0GK adder_3=0DL adder_4=0M0 adder_5=0DL adder_6=0DL adder_7=0MH
sc_cfg674,-11870.9411,-11859.1592,21.004287,20.990157,0.0673,31.10,66.442,2137,mult_0=AQ1 mult_1=HGY mult_4=F6B mult_5=F6B mult_6=CK3 adder_0=02E adder_1=0MH adder_3=0DL adder_6=0EM adder_7=0M0
sc_cfg675,-19687.8798,-17941.3303,37.631196,32.028610,14.8881,30.48,93.322,3061,mult_1=GPF mult_2=DAE mult_3=CK3 mult_4=5FA mult_5=HGY mult_6=HGP mult_7=8VH mult_8=GPF adder_0=0GK adder_2=02E adder_3=02E adder_4=0DL adder_7=0MH
sc_cfg676,-22263.6102,-21180.4307,36.698694,34.819343,5.1210,37.64,112.907,3000,mult_0=GPF mult_1=8VH mult_2=HGP mult_3=AQ1 mult_4=HGP mult_5=HGY mult_6=DAE mult_7=DAE mult_8=DAE adder_0=0EM adder_1=0Q7 adder_2=0GK adder_3=02E adder_4=073 adder_5=02E adder_6=0AV adder_7=02E
sc_cfg677,-0.5009,-0.5029,0.004202,0.004202,0.0198,22.48,9.484,422,adder_4=0EM
sc_cfg678,4258.9693,3656.3301,13.918105,13.472696,3.2002,24.31,29.584,1217,mult_0=8VH mult_8=DAE adder_3=0M0 adder_7=0MH
sc_cfg679,-18165.6689,-18169.3001,29.943920,29.946375,0.0082,32.77,77.543,2366,mult_0=AQ1 mult_1=8VH mult_4=CK3 mult_5=HGP mult_7=5FA adder_0=0Q7 adder_1=0AV adder_2=02E adder_3=0DL adder_4=0MH adder_5=0EM
sc_cfg680,-20491.4388,-20485.5851,33.424390,33.445895,0.0643,31.03,69.089,2226,mult_0=HGY mult_2=DAE mult_3=HGY mult_4=5FA mult_5=CK3 adder_2=0Q7 adder_3=0M0 adder_5=0MH adder_6=0GK adder_7=0EM
sc_cfg681,-2810.9032,-9681.4365,19.732308,25.387412,28.6591,35.52,67.131,1890,mult_2=F6B mult_3=CK3 mult_4=AQ1 mult_7=8VH adder_0=0MH adder_1=0MH adder_2=0GK adder_3=0EM adder_4=0DL adder_5=02E adder_7=0MH
sc_cfg682,-10617.4349,-10646.7606,18.322581,18.364829,0.2306,32.46,110.917,3417,mult_0=HGY mult_1=HGY mult_2=F6B mult_3=5FA mult_4=GPF mult_5=DAE mult_6=5FA mult_7=F6B mult_8=HGP adder_0=02E adder_1=0Q7 adder_3=0GK adder_4=0DL adder_5=0M0 adder_7=0DL
sc_cfg683,-12301.6017,-12317.1331,20.475380,20.503046,0.1351,33.75,73.264,2171,mult_2=GPF mult_4=GPF mult_7=F6B mult_8=F6B adder_0=02E adder_2=0DL adder_3=0AV adder_4=073 adder_6=073 adder_7=0AV
sc_cfg684,-16127.0315,-16123.6346,25.827816,25.828802,0.0038,21.57,39.011,1809,mult_2=CK3 mult_3=CK3 mult_6=CK3 mult_7=GPF adder_1=0MH
sc_cfg685,-22206.8092,-22170.3104,36.300853,36.253764,0.1297,35.20,90.896,2583,mult_0=AQ1 mult_1=HGY mult_2=GPF mult_3=CK3 mult_5=HGP mult_6=8VH mult_7=GPF adder_0=0M0 adder_1=0MH adder_2=073 adder_3=073 adder_4=073 adder_5=02E adder_6=0EM
sc_cfg686,-6758.8775,-6761.8457,11.614988,11.618701,0.0320,19.49,22.031,1130,mult_0=GPF mult_3=GPF
sc_cfg687,-0.1594,-0.1850,0.014925,0.014910,0.1033,22.18,9.019,407,adder_0=0Q7
sc_cfg688,-4395.2722,-12401.5692,17.810616,23.674453,32.9233,32.81,87.803,2676,mult_0=GPF mult_2=GPF mult_3=HGY mult_5=F6B mult_6=DAE mult_7=8VH mult_8=HGP adder_1=02E adder_2=0DL adder_3=0EM adder_4=0M0 adder_6=02E adder_7=0MH
sc_cfg689,-17710.0571,-17726.6514,29.180100,29.205888,0.0884,28.16,84.121,2988,mult_0=GPF mult_1=HGP mult_3=5FA mult_4=8VH mult_6=DAE mult_7=CK3 mult_8=F6B adder_0=02E adder_2=0EM adder_5=0MH adder_6=0AV
sc_cfg690,-20817.9122,-20847.7946,33.317122,33.362817,0.1372,28.07,77.793,2771,mult_1=HGP mult_3=GPF mult_4=GPF mult_5=GPF mult_7=AQ1 mult_8=DAE adder_1=0Q7 adder_3=0DL adder_6=0DL adder_7=0M0
sc_cfg691,-21557.3959,-19591.5414,34.829357,36.030085,3.4475,30.71,81.866,2666,mult_3=8VH mult_4=DAE mult_6=HGP mult_7=CK3 mult_8=5FA adder_0=073 adder_1=0DL adder_5=0AV adder_6=0MH adder_7=073
sc_cfg692,-260.3630,-267.4950,2.249236,2.258525,0.4130,29.32,39.762,1356,mult_3=5FA adder_0=0DL adder_1=0GK adder_4=0Q7 adder_6=0M0
sc_cfg693,-8691.3093,-8545.2475,16.387646,16.243593,0.8790,29.04,68.302,2352,mult_0=5FA mult_1=8VH mult_2=DAE mult_6=HGP mult_7=HGY adder_0=0EM adder_4=0EM adder_6=02E adder_7=0AV
sc_cfg694,-5815.8471,-11694.2048,25.437451,29.008562,14.0388,35.34,63.585,1799,mult_2=GPF mult_3=F6B mult_5=HGY mult_8=8VH adder_0=073 adder_1=02E adder_2=0AV adder_3=0EM adder_4=0DL adder_6=0MH
sc_cfg695,-0.4442,-2.0126,0.466112,0.466209,0.0206,26.93,31.186,1158,mult_0=AQ1 adder_2=0EM adder_4=0DL adder_5=073
sc_cfg696,-13159.5192,-13157.6094,24.476756,23.884274,2.4206,28.66,59.663,2082,mult_0=F6B mult_1=HGP mult_2=CK3 mult_4=8VH mult_5=F6B adder_2=0MH adder_3=0Q7 adder_4=0MH adder_6=02E
sc_cfg697,-9559.2875,-9553.0386,17.374654,17.356702,0.1033,35.47,94.768,2672,mult_0=AQ1 mult_1=CK3 mult_2=5FA mult_3=HGP mult_5=F6B mult_7=DAE adder_0=0Q7 adder_1=0DL adder_2=073 adder_3=0AV adder_4=0MH adder_5=0DL adder_6=0Q7
sc_cfg698,1706.6219,-2599.1930,14.422974,14.135044,1.9963,26.30,47.717,1814,mult_4=HGY mult_6=DAE mult_8=5FA adder_0=073 adder_6=0Q7 adder_7=0MH
sc_cfg699,-15447.9384,-15444.8312,24.695948,24.691226,0.0191,31.80,101.104,3180,mult_0=HGP mult_1=8VH mult_2=HGY mult_3=CK3 mult_4=AQ1 mult_5=DAE mult_6=AQ1 mult_7=CK3 mult_8=AQ1 adder_0=073 adder_1=0EM adder_2=0DL adder_3=0GK adder_4=073 adder_7=0EM
sc_cfg700,-5440.2681,-5428.1150,11.394008,11.370319,0.2079,26.79,35.901,1340,mult_3=DAE mult_6=AQ1 adder_2=0DL adder_3=0M0 adder_4=0MH
sc_cfg701,-3048.4736,-3053.5779,5.112456,5.118566,0.1195,24.46,30.949,1265,mult_1=8VH mult_8=F6B adder_3=0EM adder_7=0Q7
sc_cfg702,-18366.8436,-18390.8548,29.673521,29.712933,0.1328,28.82,52.450,1820,mult_3=CK3 mult_4=8VH mult_5=GPF adder_0=0DL adder_1=0AV adder_2=0GK adder_6=0EM
sc_cfg703,-8645.7201,-8663.0231,17.374101,17.393878,0.1138,30.77,65.937,2143,mult_2=DAE mult_3=DAE mult_4=HGY mult_7=F6B adder_0=0EM adder_1=0AV adder_2=0AV adder_3=0AV adder_5=02E
sc_cfg704,-13752.6796,-15175.7608,29.658217,30.866056,4.0725,38.03,91.757,2413,mult_0=8VH mult_1=HGP mult_2=HGP mult_3=DAE mult_4=8VH mult_5=8VH mult_6=AQ1 adder_0=0MH adder_1=0MH adder_2=073 adder_3=0Q7 adder_4=02E adder_5=0MH adder_6=0Q7 adder_7=02E
sc_cfg705,-6198.2112,-6196.8752,10.821622,10.825610,0.0369,21.72,41.298,1901,mult_2=HGP mult_3=F6B mult_6=5FA mult_8=HGY adder_4=0EM
sc_cfg706,-6234.8493,-6204.3170,20.281625,20.290868,0.0456,27.40,27.200,993,mult_6=CK3 adder_2=073 adder_5=0MH adder_6=073
sc_cfg707,-24454.5717,-24471.1647,39.434555,39.469820,0.0894,28.49,63.461,2227,mult_0=GPF mult_1=AQ1 mult_2=8VH mult_3=8VH mult_4=8VH adder_3=0GK adder_4=0GK adder_5=0MH adder_7=0Q7
sc_cfg708,530.2514,530.1823,4.400934,4.395537,0.1226,24.46,25.993,1063,mult_6=F6B adder_1=0AV adder_7=073
sc_cfg709,-14360.1224,-14366.5032,23.520127,23.535548,0.0656,28.58,77.818,2722,mult_0=F6B mult_3=AQ1 mult_4=HGP mult_5=8VH mult_7=8VH mult_8=AQ1 adder_1=0M0 adder_2=0M0 adder_4=0DL adder_5=0GK
sc_cfg710,-3584.0719,-3536.9125,10.781980,10.753087,0.2680,22.07,15.167,687,mult_7=8VH adder_1=02E
sc_cfg711,-2949.6728,-2933.9089,4.989791,4.968678,0.4231,30.90,56.323,1823,mult_0=CK3 mult_5=DAE mult_7=HGP adder_0=0EM adder_1=0EM adder_2=0AV adder_5=073 adder_7=0M0
sc_cfg712,-21746.6024,-21770.7970,34.684138,34.720783,0.1057,26.30,68.614,2608,mult_2=8VH mult_3=HGP mult_4=CK3 mult_6=HGP mult_7=5FA mult_8=CK3 adder_1=0M0 adder_3=0Q7 adder_6=0GK
sc_cfg713,-11151.1881,-11162.6316,19.679238,19.708294,0.1476,29.48,33.243,1128,mult_2=8VH adder_0=0M0 adder_2=0MH adder_3=0EM adder_5=0DL
sc_cfg714,-8810.0688,-8786.6802,14.936893,14.900493,0.2437,28.66,56.317,1965,mult_0=HGY mult_3=8VH mult_4=F6B mult_8=DAE adder_2=0DL adder_3=0EM adder_5=0DL adder_7=0GK
sc_cfg715,-3060.4403,-3050.6125,5.129323,5.116411,0.2517,21.91,36.035,1645,mult_0=HGP mult_1=AQ1 mult_7=CK3 adder_4=0EM
sc_cfg716,-20828.7683,-20846.3668,33.174222,33.198081,0.0719,26.30,58.593,2228,mult_1=HGY mult_3=DAE mult_4=CK3 mult_5=8VH mult_7=8VH adder_2=02E adder_3=02E adder_5=02E
sc_cfg717,-114.5522,-114.2971,0.302443,0.302481,0.0125,22.07,24.769,1122,mult_7=DAE adder_3=0EM
sc_cfg718,19.8840,19.8991,0.131701,0.131844,0.1084,24.41,20.425,837,adder_2=0M0 adder_3=0Q7
sc_cfg719,-18722.6415,-18551.7361,30.994639,30.758180,0.7629,33.06,96.570,2921,mult_0=F6B mult_1=5FA mult_3=CK3 mult_4=DAE mult_5=CK3 mult_8=HGP adder_1=0AV adder_2=02E adder_3=02E adder_4=0GK adder_5=02E adder_7=0DL
sc_cfg720,-6982.6145,-6986.0845,11.932090,11.938272,0.0518,31.16,75.820,2433,mult_4=5FA mult_5=CK3 mult_7=AQ1 mult_8=HGP adder_1=0DL adder_2=0DL adder_3=0EM adder_5=0Q7 adder_6=0EM
sc_cfg721,-23.1859,-23.9701,0.463228,0.463407,0.0386,24.73,19.238,778,adder_2=0DL adder_4=0AV
sc_cfg722,-11762.4406,-11323.9124,21.639530,20.983946,3.0296,32.83,89.351,2722,mult_0=HGP mult_1=HGP mult_2=AQ1 mult_3=HGP mult_4=DAE mult_6=8VH mult_8=AQ1 adder_0=0MH adder_1=0AV adder_2=0GK adder_3=02E adder_4=0MH adder_6=02E
sc_cfg723,-30882.5970,-30891.1008,48.592096,48.607005,0.0307,27.99,77.157,2756,mult_0=DAE mult_1=HGY mult_2=HGY mult_3=HGY mult_4=8VH mult_5=8VH mult_6=8VH mult_7=HGP adder_1=073 adder_3=0EM adder_4=0GK adder_6=0M0
sc_cfg724,-6223.7878,-6224.1362,10.381255,10.381659,0.0039,26.19,37.231,1421,mult_1=HGP mult_2=CK3 adder_0=0M0 adder_1=0EM adder_2=0M0
sc_cfg725,46.6431,46.5010,0.158132,0.158072,0.0384,26.33,75.590,2871,mult_2=5FA mult_4=5FA mult_7=5FA mult_8=AQ1 adder_2=0EM adder_3=0EM adder_5=0M0
sc_cfg726,-1892.9433,-1886.9550,4.474038,4.464575,0.2115,19.45,23.665,1216,mult_4=F6B mult_8=GPF
sc_cfg727,-8053.7570,-8035.2368,13.764747,13.741413,0.1695,33.57,80.090,2386,mult_2=8VH mult_3=AQ1 mult_5=5FA mult_6=GPF adder_0=02E adder_2=0DL adder_3=0M0 adder_4=0EM adder_5=0M0 adder_7=0M0
sc_cfg728,-22166.0249,-21935.1776,36.465968,35.941970,1.4369,31.37,51.939,1656,mult_2=HGP mult_3=CK3 mult_4=HGY mult_6=HGP adder_0=0GK adder_3=02E adder_4=0MH adder_5=073 adder_7=02E
sc_cfg729,-3060.9339,-2989.1451,9.975224,9.819578,1.5603,26.41,41.793,1583,mult_0=F6B mult_6=HGY mult_7=DAE adder_1=0M0 adder_2=0M0 adder_7=02E
sc_cfg730,-87.5827,-88.5781,0.472870,0.473393,0.1106,24.31,25.895,1065,mult_5=AQ1 adder_0=0EM adder_2=0DL
sc_cfg731,-22053.2598,-25051.3701,37.739081,41.561158,10.1276,35.78,87.072,2433,mult_1=HGY mult_2=8VH mult_3=CK3 mult_6=HGP mult_7=DAE mult_8=GPF adder_0=0M0 adder_1=02E adder_2=0MH adder_3=073 adder_4=0Q7 adder_5=0MH adder_6=02E
sc_cfg732,560.5224,549.7448,4.407018,4.393687,0.3025,24.19,24.379,1008,mult_2=F6B adder_2=0AV adder_3=073
sc_cfg733,-10984.8681,-11008.1435,18.218266,18.252362,0.1872,30.59,73.153,2391,mult_1=GPF mult_4=HGP mult_5=DAE mult_7=F6B mult_8=F6B adder_1=0GK adder_2=0EM adder_3=0Q7 adder_5=0M0 adder_7=0Q7
sc_cfg734,-1243.1025,-1242.6070,4.023454,4.020318,0.0779,26.98,23.199,860,mult_1=HGY adder_0=02E adder_1=0Q7 adder_3=073
sc_cfg735,-5494.9741,-5509.3903,9.436116,9.456777,0.2190,21.86,41.559,1901,mult_0=DAE mult_1=5FA mult_6=HGY mult_8=8VH adder_5=0GK
sc_cfg736,17.1875,17.2116,0.051437,0.051501,0.1235,22.29,8.700,390,adder_2=073
sc_cfg737,245.7867,280.0406,9.158292,9.158199,0.0010,24.31,21.127,869,mult_5=AQ1 adder_1=0GK adder_2=02E
sc_cfg738,-16425.3174,-15932.9809,26.381480,25.677181,2.6697,30.62,71.945,2350,mult_0=8VH mult_3=HGY mult_5=HGP mult_6=AQ1 mult_7=GPF mult_8=AQ1 adder_0=0GK adder_1=0M0 adder_2=0DL adder_5=0M0 adder_7=0GK
sc_cfg739,-6771.6245,-6767.7680,11.641520,11.636070,0.0468,21.80,43.132,1978,mult_0=GPF mult_2=AQ1 mult_3=CK3 mult_6=AQ1 adder_6=0DL
sc_cfg740,-4463.6186,-4455.5478,10.347427,10.346653,0.0075,22.36,7.239,324,adder_1=0MH
sc_cfg741,-12720.4460,-12430.5361,21.675921,21.317448,1.6538,33.37,84.407,2530,mult_0=8VH mult_1=F6B mult_4=DAE mult_6=HGP mult_7=GPF mult_8=DAE adder_0=02E adder_1=0EM adder_4=0Q7 adder_5=0AV adder_6=02E adder_7=02E
sc_cfg742,-16094.8234,-14077.7079,26.951207,29.541602,9.6114,31.10,68.416,2200,mult_0=DAE mult_2=5FA mult_3=CK3 mult_4=F6B adder_3=0AV adder_4=0GK adder_5=0EM adder_6=0MH adder_7=0EM
sc_cfg743,-116.8732,-118.6327,0.305322,0.306709,0.4542,26.61,39.304,1477,mult_1=DAE mult_4=AQ1 adder_2=0Q7 adder_3=0AV adder_5=0EM
sc_cfg744,-24878.1880,-24897.6815,39.486611,39.516728,0.0763,34.81,104.114,2991,mult_1=AQ1 mult_2=DAE mult_3=CK3 mult_4=8VH mult_6=HGY mult_7=CK3 mult_8=GPF adder_0=0EM adder_1=0EM adder_2=0EM adder_3=073 adder_5=0MH adder_6=0AV adder_7=0EM
sc_cfg745,5575.5243,7514.0033,19.827161,20.479916,3.2922,33.03,82.953,2511,mult_1=DAE mult_2=F6B mult_5=5FA mult_6=F6B mult_7=HGY mult_8=AQ1 adder_0=0MH adder_1=02E adder_2=0EM adder_3=0M0 adder_4=0GK adder_7=0MH
sc_cfg746,-1045.7904,-1048.5242,8.690307,8.668685,0.2488,26.29,67.390,2564,mult_3=5FA mult_5=5FA mult_7=AQ1 mult_8=F6B adder_0=0DL adder_5=0EM adder_6=02E
sc_cfg747,-1612.5832,1094.5431,21.099124,19.239100,8.8156,28.20,105.301,3734,mult_0=DAE mult_1=AQ1 mult_2=8VH mult_3=AQ1 mult_4=5FA mult_6=5FA mult_8=5FA adder_0=073 adder_2=02E adder_4=02E adder_7=0MH
sc_cfg748,-14916.6465,-15018.0372,25.190754,25.323753,0.5280,36.34,95.377,2625,mult_2=CK3 mult_4=5FA mult_5=GPF mult_6=AQ1 mult_7=HGP adder_0=0GK adder_1=0Q7 adder_2=0M0 adder_3=0M0 adder_4=02E adder_6=0GK adder_7=0AV
sc_cfg749,-6116.1490,-6093.7636,12.921615,12.889433,0.2491,36.12,88.622,2453,mult_0=F6B mult_1=CK3 mult_2=GPF mult_6=AQ1 mult_7=5FA adder_0=0DL adder_1=02E adder_3=0EM adder_4=0GK adder_5=0EM adder_6=0AV adder_7=0Q7
sc_cfg750,-26661.3621,-17583.6908,43.522447,31.038692,28.6835,37.34,116.598,3123,mult_0=8VH mult_2=F6B mult_3=HGP mult_4=HGP mult_5=5FA mult_6=HGY mult_7=AQ1 mult_8=5FA adder_0=0EM adder_1=0MH adder_2=0M0 adder_3=0EM adder_4=0DL adder_5=0Q7 adder_6=0DL adder_7=0MH
sc_cfg751,-8527.2457,-8519.4078,13.833823,13.823147,0.0772,20.97,56.014,2671,mult_0=DAE mult_1=8VH mult_2=HGP mult_4=AQ1 mult_5=DAE mult_7=CK3 adder_3=073
sc_cfg752,-0.7531,-0.7485,0.002659,0.002651,0.3112,22.24,10.405,468,adder_0=0AV
sc_cfg753,-14104.7003,-14111.3457,23.963282,23.988586,0.1056,28.43,59.818,2104,mult_0=CK3 mult_1=DAE mult_3=5FA mult_4=HGY adder_0=0M0 adder_1=0M0 adder_2=0DL adder_5=0MH
sc_cfg754,-18160.1464,-18165.1606,28.874801,28.884932,0.0351,37.10,101.421,2734,mult_0=8VH mult_1=8VH mult_2=HGP mult_5=HGP mult_6=8VH mult_7=DAE mult_8=HGP adder_0=0M0 adder_1=0M0 adder_2=0GK adder_3=0Q7 adder_4=0AV adder_5=0DL adder_6=0AV adder_7=0AV
sc_cfg755,-5546.7143,-5551.1005,10.474006,10.475596,0.0152,33.16,77.685,2342,mult_1=CK3 mult_2=F6B mult_5=F6B mult_7=GPF adder_1=0GK adder_2=0DL adder_3=0AV adder_4=0Q7 adder_6=073 adder_7=0AV
sc_cfg756,-6075.3453,-5973.4373,14.610650,14.396450,1.4661,32.65,104.967,3215,mult_0=HGP mult_1=DAE mult_2=5FA mult_3=5FA mult_5=F6B mult_6=AQ1 mult_8=CK3 adder_0=0DL adder_1=0DL adder_2=0MH adder_4=0GK adder_5=0Q7 adder_7=02E
sc_cfg757,-23739.8280,-25169.4039,37.732115,39.872813,5.6734,36.83,118.164,3208,mult_0=CK3 mult_1=8VH mult_2=AQ1 mult_3=HGP mult_4=F6B mult_5=GPF mult_6=HGY mult_7=AQ1 mult_8=8VH adder_0=0AV adder_1=0MH adder_2=0AV adder_3=02E adder_4=0Q7 adder_5=073 adder_6=0GK adder_7=0Q7
sc_cfg758,476.4970,518.9960,8.932392,8.934213,0.0204,24.79,13.477,544,adder_2=02E adder_7=0DL
sc_cfg759,-4077.5846,-4081.3591,7.219051,7.226357,0.1012,22.20,17.073,769,mult_6=8VH adder_5=0EM
sc_cfg760,-9287.7880,-9636.5369,18.744091,19.407324,3.5384,31.50,50.875,1615,mult_1=8VH mult_3=5FA mult_6=HGY adder_0=0MH adder_1=0MH adder_2=073 adder_4=0MH adder_6=02E
sc_cfg761,-11591.4427,-11548.4128,20.791683,20.744806,0.2255,26.07,63.866,2450,mult_0=AQ1 mult_1=HGY mult_4=5FA mult_5=CK3 mult_7=CK3 adder_1=02E adder_3=0AV adder_6=0M0
sc_cfg762,-23537.2096,-23556.2204,37.461557,37.493922,0.0864,34.89,101.600,2912,mult_0=F6B mult_3=HGY mult_4=GPF mult_5=GPF mult_6=5FA mult_8=GPF adder_0=0EM adder_1=0MH adder_2=0MH adder_3=073 adder_5=0AV adder_6=0AV adder_7=0AV
sc_cfg763,-2880.3466,-7412.9046,14.802354,16.954861,14.5417,26.52,43.465,1639,mult_1=F6B mult_4=CK3 mult_8=F6B adder_5=073 adder_6=0AV adder_7=0MH
sc_cfg764,-5124.7248,-4953.6346,12.582862,12.294728,2.2899,24.09,41.500,1723,mult_4=5FA mult_5=HGY mult_7=F6B adder_1=0EM adder_7=02E
sc_cfg765,-14172.8152,-14178.8053,22.786462,22.794953,0.0373,29.22,49.268,1686,mult_1=8VH mult_2=8VH mult_3=HGY mult_7=HGP adder_0=0EM adder_4=073 adder_5=073 adder_6=0DL
sc_cfg766,-4293.8825,-4297.2559,8.433490,8.434776,0.0153,21.43,57.992,2706,mult_0=HGP mult_1=5FA mult_3=F6B mult_5=F6B mult_8=8VH adder_6=0AV
sc_cfg767,-0.5009,-0.5029,0.004202,0.004202,0.0198,22.45,11.256,501,adder_4=0EM
sc_cfg768,-6975.5396,-6981.4666,12.106938,12.118165,0.0927,24.04,33.667,1400,mult_0=CK3 mult_5=8VH adder_0=0M0 adder_1=0GK
sc_cfg769,-18806.8051,-23307.7406,32.942644,43.294420,31.4236,37.63,108.124,2873,mult_0=HGP mult_1=CK3 mult_2=8VH mult_3=HGP mult_4=CK3 mult_5=F6B mult_8=AQ1 adder_0=02E adder_1=0M0 adder_2=073 adder_3=0EM adder_4=0EM adder_5=0AV adder_6=0MH adder_7=02E
sc_cfg770,-6877.4409,-6876.2015,11.777436,11.779704,0.0193,21.69,37.085,1710,mult_0=HGY mult_3=AQ1 mult_5=HGP mult_7=DAE adder_0=0EM
sc_cfg771,-180.9041,-208.5212,9.381533,9.272034,1.1672,32.99,82.404,2498,mult_1=F6B mult_3=AQ1 mult_4=F6B mult_6=5FA mult_8=F6B adder_0=0GK adder_1=0M0 adder_2=0GK adder_5=0EM adder_6=0DL adder_7=02E
sc_cfg772,24.0006,24.0025,0.044618,0.044618,0.0011,19.84,17.298,872,mult_2=5FA
sc_cfg773,-25550.7523,-21002.6145,41.027072,35.472872,13.5379,37.53,117.457,3130,mult_0=8VH mult_1=8VH mult_2=GPF mult_3=HGP mult_4=DAE mult_5=GPF mult_6=HGP mult_7=HGP mult_8=5FA adder_0=0M0 adder_1=0AV adder_2=02E adder_3=0Q7 adder_4=0MH adder_5=0DL adder_6=073 adder_7=02E
sc_cfg774,-8.4073,-8.6879,0.463617,0.463120,0.1071,22.30,22.698,1018,mult_8=5FA adder_1=0DL
sc_cfg775,-21358.2050,-21354.2436,33.862836,33.857950,0.0144,35.80,85.963,2401,mult_0=HGY mult_1=GPF mult_3=8VH mult_5=8VH mult_7=8VH mult_8=8VH adder_0=0AV adder_1=0MH adder_3=073 adder_4=0DL adder_5=0Q7 adder_6=0AV adder_7=0EM
sc_cfg776,-21729.5316,-21735.7653,34.719515,34.731644,0.0349,33.50,86.673,2587,mult_0=HGP mult_2=HGY mult_4=GPF mult_5=AQ1 mult_6=CK3 mult_7=AQ1 adder_0=0GK adder_1=0AV adder_3=0MH adder_4=0EM adder_5=0MH adder_6=0AV
sc_cfg777,-26448.8533,-25497.9319,42.282138,44.133141,4.3777,35.93,87.426,2433,mult_0=HGY mult_1=GPF mult_2=HGP mult_4=GPF mult_6=HGP mult_8=GPF adder_1=073 adder_2=0M0 adder_3=0M0 adder_4=0DL adder_5=0AV adder_6=0MH adder_7=0Q7
sc_cfg778,-118.3618,-120.1114,0.306353,0.307693,0.4376,19.70,12.480,634,mult_1=DAE
sc_cfg779,-17277.4327,-17237.7797,29.920274,29.882879,0.1250,38.34,97.868,2553,mult_1=DAE mult_2=HGY mult_3=HGP mult_4=DAE mult_5=8VH mult_6=HGP mult_7=F6B adder_0=0MH adder_1=0AV adder_2=02E adder_3=0DL adder_4=0DL adder_5=0AV adder_6=0Q7 adder_7=0Q7
sc_cfg780,-5371.8229,-8614.3655,21.676911,19.622371,9.4780,36.21,66.405,1834,mult_1=DAE mult_4=8VH mult_5=8VH adder_0=0M0 adder_1=0Q7 adder_2=0GK adder_3=0M0 adder_4=0M0 adder_5=0M0 adder_7=0MH
sc_cfg781,-132.7976,-152.9215,8.489369,8.485323,0.0477,24.90,18.096,727,adder_1=0AV adder_6=02E
sc_cfg782,-25780.5133,-25763.5994,40.829686,40.809110,0.0504,37.62,123.449,3281,mult_1=5FA mult_2=8VH mult_3=CK3 mult_4=CK3 mult_5=HGP mult_7=CK3 mult_8=5FA adder_0=0EM adder_1=02E adder_2=0Q7 adder_3=0M0 adder_4=0EM adder_5=0EM adder_6=0EM adder_7=0GK
sc_cfg783,193.2714,233.0222,9.933750,9.919966,0.1388,26.43,40.037,1515,mult_6=F6B mult_8=GPF adder_1=0M0 adder_2=02E adder_3=0AV
sc_cfg784,-8565.6162,-8554.9389,14.896533,14.876218,0.1364,29.74,35.494,1193,mult_5=CK3 adder_3=02E adder_4=0AV adder_5=073 adder_7=0M0
sc_cfg785,32.6965,32.8218,0.264038,0.263931,0.0406,21.98,21.400,974,mult_2=DAE adder_2=0M0
sc_cfg786,-8017.2755,-7977.2337,15.980998,15.940469,0.2536,25.03,77.684,3104,mult_0=F6B mult_1=HGP mult_3=DAE mult_4=AQ1 mult_5=8VH mult_7=DAE mult_8=HGY adder_1=0M0 adder_2=02E adder_3=073
sc_cfg787,-11858.6920,-11807.6803,26.233093,26.163428,0.2656,29.20,59.062,2023,mult_0=HGY mult_3=GPF mult_6=DAE adder_2=0GK adder_3=0EM adder_5=0MH adder_7=0Q7
sc_cfg788,-11756.7781,-11742.6707,19.111607,19.096503,0.0790,33.04,102.609,3105,mult_0=DAE mult_1=CK3 mult_2=CK3 mult_3=AQ1 mult_4=F6B mult_6=HGY mult_8=DAE adder_2=0AV adder_3=0Q7 adder_4=0Q7 adder_5=0M0 adder_6=0EM adder_7=0M0
sc_cfg789,-7524.1995,-7495.0132,21.257923,21.266526,0.0405,24.50,31.734,1295,mult_1=CK3 mult_2=DAE adder_4=0AV adder_5=0MH
sc_cfg790,-14069.4733,-14255.6075,22.507780,22.785979,1.2360,38.61,75.077,1944,mult_1=HGY mult_2=HGP mult_6=8VH mult_7=HGY mult_8=8VH adder_0=0DL adder_1=0Q7 adder_2=0GK adder_3=0AV adder_4=0AV adder_5=0GK adder_6=0GK adder_7=0M0
sc_cfg791,-16612.4550,-16348.9302,30.857644,30.516565,1.1053,33.74,89.382,2649,mult_0=HGP mult_2=CK3 mult_4=5FA mult_6=HGP mult_7=8VH mult_8=5FA adder_1=0M0 adder_3=0M0 adder_4=0GK adder_5=0MH adder_6=0GK adder_7=0DL
sc_cfg792,-4054.9041,-4051.4629,7.188830,7.188808,0.0003,19.49,26.129,1341,mult_2=CK3 mult_6=5FA
sc_cfg793,22.1189,21.8252,0.533881,0.534097,0.0404,26.81,45.050,1680,mult_2=DAE mult_6=AQ1 adder_2=0M0 adder_3=0DL adder_7=073
sc_cfg794,-443.9798,-1918.8565,11.402798,11.728848,2.8594,26.35,47.317,1796,mult_0=F6B mult_1=F6B mult_8=HGY adder_3=0GK adder_6=0EM adder_7=0MH
sc_cfg795,-14332.2532,-14286.3099,26.277932,26.224380,0.2038,33.77,73.173,2167,mult_4=GPF mult_6=CK3 mult_7=GPF mult_8=AQ1 adder_0=0EM adder_1=02E adder_3=0AV adder_5=02E adder_6=0AV adder_7=0GK
sc_cfg796,-14500.8726,-14947.5190,30.223182,30.862752,2.1162,24.81,26.928,1085,mult_4=AQ1 mult_5=8VH adder_3=0MH adder_6=0MH
sc_cfg797,-14961.2543,-14945.5538,25.007743,24.989763,0.0719,24.33,35.795,1471,mult_4=CK3 mult_6=CK3 mult_7=CK3 adder_2=0MH adder_7=0GK
sc_cfg798,-11100.9430,-11084.5167,19.311144,19.287370,0.1231,35.08,103.806,2959,mult_0=8VH mult_1=CK3 mult_2=5FA mult_4=F6B mult_6=GPF mult_8=5FA adder_0=0Q7 adder_1=0AV adder_2=0AV adder_3=0AV adder_4=0MH adder_5=073 adder_6=0M0
sc_cfg799,-4630.9527,-4451.3394,11.640857,11.474906,1.4256,27.08,40.756,1505,mult_2=HGY mult_8=DAE adder_0=0EM adder_4=0AV adder_6=02E
sc_cfg800,-2163.1928,-2167.1609,3.832160,3.835736,0.0933,22.18,20.741,935,mult_1=8VH adder_6=0Q7
sc_cfg801,-9147.5780,-9114.9989,17.597514,17.557806,0.2256,28.98,70.384,2429,mult_0=GPF mult_1=HGY mult_5=HGP mult_6=DAE mult_8=DAE adder_0=0EM adder_2=0M0 adder_4=0DL adder_5=02E
sc_cfg802,917.8637,896.8763,10.951555,10.942394,0.0837,27.02,37.865,1401,mult_6=5FA adder_2=0AV adder_5=02E adder_6=02E
sc_cfg803,2014.6588,-440.2733,14.571463,14.494009,0.5315,28.54,61.783,2165,mult_1=AQ1 mult_6=AQ1 mult_8=5FA adder_0=0Q7 adder_1=0MH adder_2=0Q7 adder_7=0MH
sc_cfg804,-22240.9802,-22254.2788,35.344692,35.364179,0.0551,28.08,70.273,2503,mult_1=HGP mult_2=8VH mult_3=CK3 mult_5=HGP mult_6=8VH mult_7=AQ1 adder_0=0MH adder_2=0M0 adder_3=0GK adder_5=0EM
sc_cfg805,-1935.2759,-1930.3181,3.784806,3.777827,0.1844,24.16,44.574,1845,mult_6=DAE mult_7=F6B mult_8=GPF adder_5=073 adder_7=073
sc_cfg806,-16227.9526,-13278.1170,26.995868,30.413223,12.6588,37.86,94.860,2505,mult_0=AQ1 mult_1=HGY mult_2=8VH mult_3=8VH mult_6=DAE mult_7=DAE mult_8=DAE adder_0=02E adder_1=073 adder_2=0M0 adder_3=0GK adder_4=0GK adder_5=02E adder_6=0MH adder_7=0GK
sc_cfg807,-12257.3319,-12255.9572,20.972932,20.971908,0.0049,26.50,42.493,1603,mult_1=F6B mult_3=CK3 mult_6=HGP adder_1=073 adder_3=0EM adder_4=0MH
sc_cfg808,-15394.4990,-15388.8349,24.588676,24.582189,0.0264,23.86,50.492,2116,mult_1=8VH mult_2=HGP mult_5=8VH mult_7=GPF mult_8=F6B adder_4=0DL adder_7=0DL
sc_cfg809,-10813.2540,-12023.6562,25.889794,22.836654,11.7928,32.66,89.276,2733,mult_0=GPF mult_1=HGY mult_2=F6B mult_4=DAE mult_5=HGP mult_6=HGP mult_8=F6B adder_0=0EM adder_2=0M0 adder_3=0M0 adder_4=0AV adder_6=0Q7 adder_7=0MH
sc_cfg810,-7922.5871,-7895.4309,21.688282,21.697125,0.0408,24.18,34.825,1440,mult_0=GPF mult_6=8VH mult_8=HGP adder_0=0GK adder_5=0MH
sc_cfg811,-33.7514,-32.2272,0.463757,0.464399,0.1386,22.04,24.635,1118,mult_6=5FA adder_7=0DL
sc_cfg812,-8290.2474,-8299.1372,14.035278,14.040594,0.0379,25.86,66.157,2558,mult_1=HGP mult_3=HGP mult_4=AQ1 mult_5=AQ1 mult_8=5FA adder_2=0GK adder_6=0Q7 adder_7=0AV
sc_cfg813,-6895.3536,-6882.2917,14.473501,14.453044,0.1413,37.36,111.240,2978,mult_0=HGP mult_1=AQ1 mult_2=DAE mult_3=AQ1 mult_4=HGP mult_5=AQ1 mult_6=AQ1 mult_7=DAE adder_0=0EM adder_1=0Q7 adder_2=02E adder_3=073 adder_4=0DL adder_5=0M0 adder_6=0M0 adder_7=0AV
sc_cfg814,-6124.9253,-6126.6108,10.331118,10.338712,0.0735,24.00,29.013,1209,mult_0=F6B mult_2=HGY mult_8=HGY adder_0=073 adder_3=0GK
sc_cfg815,-12691.6848,-12697.0459,20.807859,20.816755,0.0428,21.43,54.803,2558,mult_1=AQ1 mult_3=GPF mult_5=GPF mult_6=AQ1 mult_8=8VH adder_4=0DL
sc_cfg816,-4218.4972,-4056.1121,12.706105,12.395977,2.4408,26.66,52.198,1958,mult_1=AQ1 mult_4=8VH mult_6=F6B adder_4=0AV adder_6=0AV adder_7=02E
sc_cfg817,-8729.6056,-8751.9634,14.738074,14.772434,0.2331,31.59,52.641,1666,mult_1=8VH mult_4=HGY adder_0=0AV adder_3=0EM adder_5=0M0 adder_6=073 adder_7=0Q7
sc_cfg818,-1000.2953,-993.1943,3.651103,3.642058,0.2477,19.61,12.690,647,mult_4=F6B
sc_cfg819,-23429.2840,-24758.0334,38.530679,40.200727,4.3343,33.40,80.059,2397,mult_3=CK3 mult_4=HGY mult_5=GPF mult_6=GPF mult_7=GPF adder_0=0Q7 adder_3=0AV adder_4=0AV adder_5=0Q7 adder_6=02E adder_7=0EM
sc_cfg820,-6159.7276,-5975.9428,15.245325,14.860634,2.5233,26.89,31.959,1188,mult_3=HGY mult_6=DAE adder_0=0AV adder_3=0MH adder_7=02E
sc_cfg821,-4855.0037,-4858.0455,13.942441,13.953236,0.0774,24.40,34.579,1417,mult_3=AQ1 mult_6=5FA adder_1=0MH adder_6=02E
sc_cfg822,-5865.4899,-5870.0276,10.383323,10.388976,0.0544,19.66,11.301,575,mult_3=CK3
sc_cfg823,-6614.9265,-6632.9284,11.718773,11.747932,0.2488,19.61,7.691,392,mult_4=HGY
sc_cfg824,-14519.5756,-14530.5241,23.734444,23.748093,0.0575,30.07,111.946,3723,mult_0=5FA mult_1=CK3 mult_3=GPF mult_4=F6B mult_5=F6B mult_6=GPF mult_7=5FA mult_8=AQ1 adder_0=0DL adder_2=0DL adder_3=0EM adder_5=0DL adder_7=0DL
sc_cfg825,-4002.8760,-4002.5928,9.491422,9.488734,0.0283,24.62,28.944,1175,mult_1=8VH mult_8=DAE adder_1=073 adder_3=0MH
sc_cfg826,-14675.3535,-14687.1458,23.900318,23.914830,0.0607,28.77,59.888,2082,mult_0=GPF mult_1=GPF mult_2=HGY mult_4=HGY mult_5=F6B adder_0=0M0 adder_5=0DL adder_6=073 adder_7=0M0
sc_cfg827,-6424.7423,-6456.2266,12.027947,12.064527,0.3041,37.05,115.468,3117,mult_0=HGY mult_1=AQ1 mult_2=F6B mult_4=DAE mult_5=F6B mult_6=HGP mult_7=DAE mult_8=5FA adder_0=02E adder_1=0EM adder_2=073 adder_3=073 adder_4=0EM adder_5=0AV adder_6=073 adder_7=0AV
sc_cfg828,-11886.6627,-12890.7525,20.388267,21.780596,6.8291,27.82,87.300,3138,mult_0=8VH mult_1=F6B mult_3=F6B mult_4=F6B mult_5=GPF mult_6=F6B mult_7=GPF mult_8=HGY adder_1=0M0 adder_3=073 adder_5=0EM adder_6=0GK
sc_cfg829,-10257.1935,-10278.2542,17.453183,17.480989,0.1593,21.30,39.318,1846,mult_0=AQ1 mult_4=HGP mult_7=5FA mult_8=HGY adder_3=02E
sc_cfg830,-11539.2105,-11459.6609,21.848056,21.747932,0.4583,30.60,83.990,2745,mult_0=F6B mult_1=GPF mult_5=GPF mult_6=5FA mult_8=5FA adder_0=0DL adder_1=0MH adder_2=02E adder_3=0EM adder_6=0M0
sc_cfg831,1612.5838,-2685.3765,14.377849,14.164478,1.4840,27.05,34.754,1285,mult_4=HGP mult_5=AQ1 adder_1=073 adder_4=0Q7 adder_7=0MH
sc_cfg832,-6549.9948,-6546.8033,13.684719,13.686428,0.0125,32.35,102.410,3165,mult_1=CK3 mult_2=HGP mult_3=5FA mult_4=F6B mult_5=DAE mult_7=5FA mult_8=HGP adder_0=0MH adder_1=0AV adder_2=02E adder_3=0EM adder_4=0GK adder_7=0EM
sc_cfg833,-0.9975,-1.0015,0.004473,0.004470,0.0657,24.97,20.712,830,adder_2=0AV adder_7=0EM
sc_cfg834,0.0000,0.0000,0.000000,0.000000,0.0000,22.11,13.883,628,adder_3=0AV
sc_cfg835,-5865.4899,-5870.0276,10.383323,10.388976,0.0544,19.50,13.487,692,mult_3=HGP
sc_cfg836,1155.6527,1153.0332,8.691567,8.705219,0.1571,27.12,47.216,1741,mult_1=HGP mult_8=5FA adder_2=0Q7 adder_4=02E adder_5=0M0
sc_cfg837,-265.0155,-265.3806,2.212627,2.216451,0.1728,22.22,8.773,395,adder_2=0GK
sc_cfg838,-5042.2905,-5046.8504,8.581495,8.589850,0.0974,23.75,40.160,1691,mult_0=DAE mult_6=8VH mult_8=GPF adder_0=0DL adder_2=0EM
sc_cfg839,-1609.1671,-1607.7384,2.739169,2.738184,0.0360,24.46,32.406,1325,mult_0=HGP mult_8=GPF adder_0=0DL adder_6=0EM
sc_cfg840,0.0000,0.0000,0.000000,0.000000,0.0000,19.63,14.892,758,mult_6=AQ1
sc_cfg841,-56.4854,-1660.5240,24.437907,25.275089,3.4258,35.39,111.081,3139,mult_0=CK3 mult_1=CK3 mult_3=5FA mult_4=CK3 mult_5=AQ1 mult_6=GPF mult_7=AQ1 adder_1=073 adder_2=0EM adder_3=0GK adder_4=02E adder_5=073 adder_6=0MH adder_7=02E
sc_cfg842,-5724.8868,-5718.0587,11.778433,11.771391,0.0598,22.35,17.071,764,mult_2=GPF adder_3=0MH
sc_cfg843,-14101.0330,-14097.1812,22.852261,22.845490,0.0296,23.44,75.091,3204,mult_0=F6B mult_1=GPF mult_2=HGY mult_3=GPF mult_4=F6B mult_5=AQ1 mult_7=DAE adder_5=0M0 adder_7=0EM
sc_cfg844,-4384.4455,-4366.0980,11.135796,11.141568,0.0518,27.17,41.762,1537,mult_1=8VH mult_7=CK3 adder_5=02E adder_6=0M0 adder_7=0DL
sc_cfg845,-8259.6478,-8274.2784,15.603446,15.624044,0.1320,21.75,26.524,1219,mult_0=AQ1 mult_4=GPF adder_3=0MH
sc_cfg846,-7766.2079,-7780.3446,13.468678,13.491671,0.1707,24.79,38.871,1568,mult_0=HGP mult_4=HGY mult_8=5FA adder_4=073 adder_6=0GK
sc_cfg847,-10774.4690,-10775.0811,17.700849,17.703992,0.0178,38.35,79.058,2062,mult_0=HGP mult_2=8VH mult_3=HGP mult_4=DAE adder_0=0EM adder_1=0AV adder_2=0M0 adder_3=0Q7 adder_4=073 adder_5=073 adder_6=0EM adder_7=0Q7
sc_cfg848,-12374.9432,-12360.5059,21.153290,21.133867,0.0918,31.41,67.427,2147,mult_0=AQ1 mult_5=GPF mult_7=DAE mult_8=F6B adder_1=0EM adder_3=0DL adder_4=0MH adder_5=0EM adder_7=0Q7
sc_cfg849,-5376.1183,-5343.0822,19.579244,19.588103,0.0452,22.73,7.987,351,adder_5=0MH
sc_cfg850,-2642.3804,-2660.0174,10.185250,10.201689,0.1614,22.16,16.739,755,mult_6=HGY adder_4=02E
sc_cfg851,-8768.6511,-8417.4383,16.797759,16.300908,2.9578,25.63,66.863,2609,mult_0=GPF mult_1=F6B mult_3=DAE mult_5=HGP mult_7=8VH adder_1=0M0 adder_2=0GK adder_7=02E
sc_cfg852,-23550.8667,-28700.3526,37.901441,48.622867,28.2876,34.85,102.442,2939,mult_0=HGP mult_1=8VH mult_2=GPF mult_3=8VH mult_5=F6B mult_6=HGY mult_7=HGP mult_8=8VH adder_0=073 adder_1=073 adder_2=0Q7 adder_3=0Q7 adder_4=0AV adder_6=0MH adder_7=0DL
sc_cfg853,-14884.7058,-15663.7952,26.085558,26.928902,3.2330,28.45,83.122,2922,mult_0=CK3 mult_1=F6B mult_2=5FA mult_5=GPF mult_6=AQ1 mult_7=8VH adder_0=0EM adder_3=0MH adder_4=0MH adder_6=02E
sc_cfg854,-5789.8309,-5796.8316,10.269167,10.275718,0.0638,29.02,58.462,2015,mult_1=8VH mult_5=5FA mult_8=HGP adder_2=0M0 adder_3=02E adder_6=0EM adder_7=0Q7
sc_cfg855,-13503.1165,-14272.8687,23.301393,24.562465,5.4120,25.50,87.516,3433,mult_0=5FA mult_2=8VH mult_3=CK3 mult_5=AQ1 mult_6=HGY mult_7=DAE mult_8=5FA adder_0=0DL adder_6=02E adder_7=0Q7
sc_cfg856,-7735.5917,-7709.4485,14.296436,14.257337,0.2735,24.52,27.528,1123,mult_7=CK3 adder_2=0Q7 adder_4=0MH
sc_cfg857,-28113.9280,-20158.5472,46.328437,34.012310,26.5844,33.11,101.960,3079,mult_1=GPF mult_2=GPF mult_3=CK3 mult_4=HGY mult_6=5FA mult_7=8VH mult_8=F6B adder_0=0GK adder_2=0M0 adder_3=0GK adder_5=0GK adder_6=073 adder_7=0MH
sc_cfg858,-13371.6528,-13388.4261,21.950177,21.980705,0.1391,21.81,44.816,2055,mult_0=GPF mult_1=5FA mult_4=HGY mult_5=CK3 adder_5=0Q7
sc_cfg859,-6766.0888,-6765.0692,11.632051,11.634390,0.0201,22.07,25.978,1177,mult_0=GPF mult_5=8VH adder_6=0DL
sc_cfg860,-21308.5151,-21312.7416,34.939109,34.941498,0.0068,35.49,103.357,2912,mult_1=F6B mult_2=CK3 mult_3=8VH mult_4=CK3 mult_6=8VH mult_7=5FA mult_8=AQ1 adder_0=0AV adder_1=0M0 adder_2=02E adder_4=0DL adder_5=0Q7 adder_6=0Q7 adder_7=0M0
sc_cfg861,-11886.7473,-11846.0686,21.359978,21.300070,0.2805,30.47,71.690,2353,mult_0=8VH mult_2=GPF mult_3=CK3 mult_4=AQ1 mult_8=CK3 adder_0=02E adder_1=0EM adder_2=02E adder_3=0EM adder_5=0GK
sc_cfg862,-7242.1128,-7241.1473,11.870230,11.869123,0.0093,27.82,118.233,4251,mult_0=5FA mult_1=GPF mult_2=CK3 mult_4=5FA mult_5=5FA mult_6=DAE mult_7=DAE mult_8=CK3 adder_1=0Q7 adder_4=0DL adder_5=0AV adder_6=0M0
sc_cfg863,-27119.7247,-25555.1492,43.250661,44.173399,2.1335,32.77,99.722,3043,mult_0=8VH mult_2=GPF mult_3=DAE mult_4=HGP mult_6=8VH mult_7=CK3 mult_8=GPF adder_0=0DL adder_1=0AV adder_2=0AV adder_3=0Q7 adder_4=073 adder_6=0MH
sc_cfg864,-3554.3067,-3517.5173,11.033243,11.016097,0.1554,26.50,44.961,1696,mult_6=CK3 mult_7=AQ1 adder_1=0DL adder_2=02E adder_4=0AV
sc_cfg865,-13997.2303,-14067.4694,22.258552,22.367173,0.4880,26.26,64.264,2448,mult_1=8VH mult_2=HGP mult_6=8VH mult_7=8VH mult_8=GPF adder_1=073 adder_5=0GK adder_6=0DL
sc_cfg866,-28915.9605,-19412.9777,46.076904,33.873587,26.4847,32.04,99.208,3096,mult_0=5FA mult_1=DAE mult_2=DAE mult_3=HGY mult_4=GPF mult_5=GPF mult_7=HGP adder_0=0DL adder_1=0GK adder_2=0AV adder_3=02E adder_6=073 adder_7=0MH
sc_cfg867,-10416.6872,-10385.0383,19.017450,18.978793,0.2033,25.98,39.407,1517,mult_2=8VH mult_5=HGY mult_7=F6B adder_0=0EM adder_1=02E adder_3=073
sc_cfg868,-7545.0320,-7584.3853,15.443180,15.559802,0.7552,37.65,119.173,3165,mult_2=HGP mult_3=5FA mult_4=F6B mult_5=5FA mult_6=DAE mult_7=8VH mult_8=5FA adder_0=0GK adder_1=0EM adder_2=0AV adder_3=0EM adder_4=073 adder_5=0GK adder_6=02E adder_7=0DL
sc_cfg869,15.0283,15.1628,0.172035,0.172178,0.0834,29.63,29.693,1002,adder_2=0M0 adder_5=0M0 adder_6=0EM adder_7=0AV
sc_cfg870,-6612.4278,-6630.4412,11.715466,11.744640,0.2490,21.77,24.584,1129,mult_1=AQ1 mult_4=8VH adder_2=0EM
sc_cfg871,-10248.9959,-10544.9172,24.800683,25.997135,4.8243,32.56,96.263,2956,mult_0=F6B mult_1=AQ1 mult_2=DAE mult_3=DAE mult_6=DAE mult_7=HGY mult_8=5FA adder_0=0Q7 adder_1=0M0 adder_2=02E adder_3=0DL adder_4=0M0 adder_6=0MH
sc_cfg872,-7537.7101,-7554.9686,13.002323,13.029640,0.2101,23.90,46.565,1948,mult_0=GPF mult_2=AQ1 mult_4=GPF adder_3=0DL adder_4=0DL
sc_cfg873,-5181.6277,-5177.9509,8.436564,8.430257,0.0748,21.34,47.279,2215,mult_1=8VH mult_3=DAE mult_7=GPF mult_8=HGP adder_1=0M0
sc_cfg874,-13366.3573,-13387.3236,21.946175,21.978035,0.1452,21.42,39.997,1867,mult_0=HGY mult_3=8VH mult_4=8VH mult_6=AQ1 adder_4=0Q7
sc_cfg875,-5526.7879,-5541.3833,10.894278,10.906356,0.1109,23.68,49.394,2086,mult_2=F6B mult_4=AQ1 mult_5=F6B mult_6=HGY adder_3=02E adder_4=0AV
sc_cfg876,-20795.1655,-23187.4442,37.077421,41.594569,12.1830,31.02,61.811,1993,mult_0=HGP mult_4=HGP mult_5=CK3 mult_8=HGY adder_0=0EM adder_1=0M0 adder_3=0MH adder_4=073 adder_6=0MH
sc_cfg877,-167.7625,-164.0923,2.061168,2.063746,0.1251,24.59,19.117,778,adder_0=0GK adder_6=073
sc_cfg878,-11070.7468,-11090.8356,19.894768,19.918864,0.1211,30.86,79.096,2563,mult_1=CK3 mult_2=DAE mult_3=HGY mult_6=GPF mult_8=F6B adder_0=0AV adder_2=073 adder_5=02E adder_6=0Q7 adder_7=0EM
sc_cfg879,-9191.5971,-9193.7203,16.609945,16.617886,0.0478,28.23,80.163,2839,mult_1=DAE mult_2=GPF mult_3=AQ1 mult_5=5FA mult_6=CK3 mult_8=AQ1 adder_1=0MH adder_3=0DL adder_4=0AV adder_5=0GK
sc_cfg880,-22527.7201,-22299.6033,37.533849,36.790996,1.9792,37.54,110.949,2955,mult_0=HGP mult_1=F6B mult_2=GPF mult_3=DAE mult_4=GPF mult_5=HGP mult_6=HGY mult_7=DAE mult_8=F6B adder_0=0MH adder_1=0MH adder_2=02E adder_3=0DL adder_4=0GK adder_5=0Q7 adder_6=0GK adder_7=02E
sc_cfg881,-2011.2699,-2021.4090,3.874044,3.887926,0.3583,26.64,37.230,1398,mult_1=F6B mult_8=CK3 adder_2=0Q7 adder_4=0M0 adder_5=0AV
sc_cfg882,-10802.1564,-10794.6983,17.736926,17.728253,0.0489,26.49,37.426,1413,mult_0=HGY mult_3=HGP mult_6=8VH adder_1=0M0 adder_5=0AV adder_6=0M0
sc_cfg883,-2236.9845,-2228.4521,6.458209,6.455975,0.0346,29.53,44.018,1491,mult_4=AQ1 mult_6=DAE adder_0=073 adder_3=02E adder_4=0EM adder_6=0EM
sc_cfg884,-7895.6814,-7912.0584,16.359236,16.387471,0.1726,29.63,84.123,2839,mult_1=5FA mult_4=DAE mult_5=F6B mult_6=CK3 mult_7=5FA adder_1=0MH adder_3=0MH adder_4=0M0 adder_6=073
sc_cfg885,-3048.7467,-3051.3722,5.114260,5.115680,0.0278,22.24,24.118,1084,mult_0=HGY mult_1=8VH adder_7=073
sc_cfg886,-10952.4152,-11612.8342,22.127414,23.008340,3.9812,27.91,96.805,3469,mult_0=GPF mult_1=F6B mult_3=AQ1 mult_4=F6B mult_5=8VH mult_6=F6B mult_7=HGP mult_8=CK3 adder_1=0GK adder_3=02E adder_4=0MH adder_6=0GK
sc_cfg887,-240.7991,-239.3475,0.650006,0.647812,0.3374,24.25,39.211,1617,mult_4=5FA mult_8=DAE adder_4=0AV adder_5=0DL
sc_cfg888,-2094.2236,-2094.3283,3.745595,3.744209,0.0370,31.39,42.389,1350,mult_1=8VH adder_1=0M0 adder_2=073 adder_4=0EM adder_5=0Q7 adder_7=0M0
sc_cfg889,-5590.6554,-5573.5417,11.564335,11.541116,0.2008,24.82,13.514,545,adder_2=0DL adder_4=0MH
sc_cfg890,-4519.3330,-4512.9109,7.467612,7.457911,0.1299,26.19,66.838,2552,mult_0=DAE mult_1=GPF mult_2=AQ1 mult_5=DAE mult_7=8VH adder_3=0EM adder_5=0M0 adder_7=0DL
sc_cfg891,-4957.1723,-4954.7113,8.449957,8.450690,0.0087,24.11,57.618,2390,mult_2=8VH mult_3=5FA mult_7=5FA mult_8=HGY adder_5=0M0 adder_7=0AV
sc_cfg892,-7799.6653,-7814.6871,15.120166,15.148652,0.1884,29.36,35.139,1197,mult_4=CK3 adder_2=0MH adder_3=0Q7 adder_4=0EM adder_6=0GK
sc_cfg893,-11098.7666,-11008.6670,27.806432,22.443108,19.2881,36.35,70.796,1948,mult_1=HGP mult_3=GPF mult_4=GPF adder_0=073 adder_1=0GK adder_2=0GK adder_4=0Q7 adder_5=0EM adder_6=0M0 adder_7=0MH
sc_cfg894,-15223.8159,-15041.1581,27.206941,28.563895,4.9875,32.53,96.467,2965,mult_0=8VH mult_1=DAE mult_2=HGP mult_3=AQ1 mult_4=F6B mult_5=8VH mult_7=8VH mult_8=DAE adder_0=0AV adder_1=02E adder_2=0EM adder_3=073 adder_5=02E adder_6=02E
sc_cfg895,-9666.5456,-9687.0627,18.355426,18.371969,0.0901,26.39,70.035,2654,mult_0=HGP mult_2=AQ1 mult_4=8VH mult_5=F6B mult_7=F6B mult_8=5FA adder_0=02E adder_4=02E adder_5=0Q7
sc_cfg896,-951.4241,-948.0399,1.721267,1.717498,0.2189,22.09,12.090,547,mult_0=HGY adder_7=0DL
sc_cfg897,-13677.5455,-13323.7844,25.660132,24.711258,3.6979,34.94,108.351,3101,mult_0=AQ1 mult_1=AQ1 mult_2=8VH mult_3=F6B mult_4=8VH mult_5=HGY mult_6=5FA mult_8=5FA adder_0=0MH adder_1=0MH adder_2=073 adder_3=0M0 adder_5=0M0 adder_6=0AV adder_7=02E
sc_cfg898,-23142.1294,-17713.4382,39.968242,37.233497,6.8423,38.07,80.276,2109,mult_3=8VH mult_5=F6B mult_6=AQ1 mult_7=AQ1 mult_8=HGY adder_0=0M0 adder_1=0Q7 adder_2=0DL adder_3=0EM adder_4=0DL adder_5=0MH adder_6=0MH adder_7=0EM
sc_cfg899,-2264.0334,-2267.6021,4.667143,4.672622,0.1174,24.41,31.847,1305,mult_1=F6B mult_7=F6B adder_2=0EM adder_4=073
sc_cfg900,-6000.3259,-5991.0473,13.065441,13.055052,0.0795,21.24,39.981,1883,mult_1=AQ1 mult_2=F6B mult_5=8VH mult_7=GPF adder_0=0MH
sc_cfg901,-12215.3203,-11479.0528,26.558218,26.863863,1.1509,28.85,48.417,1678,mult_0=GPF mult_4=F6B mult_6=HGP adder_0=0AV adder_1=0EM adder_3=0MH adder_6=0MH
sc_cfg902,-1169.8686,-1169.3515,2.270254,2.268843,0.0622,26.95,38.335,1422,mult_5=AQ1 mult_7=AQ1 adder_4=0AV adder_5=0EM adder_7=0GK
sc_cfg903,-15794.5504,-15817.6156,27.080650,27.104069,0.0865,33.03,104.320,3158,mult_0=F6B mult_1=GPF mult_2=HGY mult_3=5FA mult_4=CK3 mult_5=5FA mult_6=5FA adder_0=0Q7 adder_1=0DL adder_2=073 adder_3=0MH adder_4=0MH adder_6=0Q7
sc_cfg904,-8411.1155,-8380.5818,15.543167,15.506561,0.2355,35.49,92.788,2614,mult_0=AQ1 mult_1=AQ1 mult_2=GPF mult_5=F6B mult_6=8VH mult_8=GPF adder_1=0AV adder_2=0Q7 adder_3=0MH adder_4=0M0 adder_5=0Q7 adder_6=0DL adder_7=0Q7
sc_cfg905,-25443.6660,-25495.7525,40.321789,40.399186,0.1919,37.18,123.352,3317,mult_0=HGY mult_1=CK3 mult_2=5FA mult_3=CK3 mult_4=HGY mult_5=HGP mult_6=GPF mult_7=DAE mult_8=DAE adder_0=0Q7 adder_1=0Q7 adder_2=0Q7 adder_3=0EM adder_4=073 adder_5=0DL adder_6=073 adder_7=0AV
sc_cfg906,-9751.3606,-9759.4132,15.977185,15.985161,0.0499,21.74,34.705,1596,mult_0=HGY mult_1=8VH mult_3=CK3 mult_8=F6B adder_0=073
sc_cfg907,-4985.7131,-5046.9845,9.208624,9.282210,0.7991,34.09,57.836,1697,mult_1=HGP mult_2=AQ1 mult_8=AQ1 adder_0=0DL adder_1=0Q7 adder_3=02E adder_4=0M0 adder_6=0DL adder_7=0M0
sc_cfg908,369.9710,368.6815,4.429213,4.422296,0.1562,24.38,44.758,1836,mult_0=5FA mult_1=DAE mult_6=F6B adder_1=0DL adder_5=0DL
sc_cfg909,-10336.0912,-10309.7860,23.192289,23.191958,0.0014,24.58,29.342,1194,mult_6=GPF mult_7=HGP adder_1=0EM adder_5=0MH
sc_cfg910,-7262.7422,-7268.9022,12.081167,12.096591,0.1277,30.97,74.274,2398,mult_1=CK3 mult_5=DAE mult_6=GPF mult_7=AQ1 mult_8=GPF adder_1=0GK adder_3=0M0 adder_4=0EM adder_5=0Q7 adder_6=0M0
sc_cfg911,-5319.1542,-5312.0412,11.285106,11.284030,0.0095,33.28,74.943,2252,mult_0=5FA mult_4=AQ1 mult_8=F6B adder_0=0AV adder_1=0MH adder_2=0AV adder_3=0M0 adder_4=0AV adder_7=0Q7
sc_cfg912,-11025.1634,-11019.9404,18.177877,18.174700,0.0175,26.34,47.990,1822,mult_2=HGP mult_5=GPF mult_8=HGP adder_0=0GK adder_3=0DL adder_4=073
sc_cfg913,-9458.2037,-9380.3256,23.763434,23.660386,0.4336,22.13,20.043,906,mult_7=CK3 adder_6=0MH
sc_cfg914,-119.5522,-119.2971,0.306950,0.306978,0.0089,19.59,16.325,833,mult_7=DAE
sc_cfg915,-69.3600,-69.2745,0.349025,0.350248,0.3504,22.08,23.580,1068,mult_4=DAE adder_6=0Q7
sc_cfg916,-9124.4425,-9115.6190,15.057813,15.049613,0.0545,21.37,43.408,2032,mult_0=HGY mult_1=5FA mult_5=HGY mult_7=CK3 adder_3=0DL
sc_cfg917,-12710.5750,-12728.9358,21.482447,21.503733,0.0991,30.20,83.422,2762,mult_0=HGY mult_1=HGY mult_2=DAE mult_4=AQ1 mult_5=8VH mult_6=8VH mult_8=HGP adder_2=0GK adder_3=0MH adder_4=073 adder_5=0DL adder_7=0DL
sc_cfg918,-14071.8375,-14028.6875,22.365271,22.305365,0.2679,32.53,112.268,3451,mult_1=8VH mult_2=8VH mult_3=5FA mult_4=5FA mult_5=AQ1 mult_6=HGY mult_7=8VH mult_8=F6B adder_0=073 adder_1=0Q7 adder_3=0DL adder_4=0Q7 adder_5=0DL adder_7=0GK
sc_cfg919,-11127.3868,-11138.0214,18.276653,18.291211,0.0797,25.98,46.339,1783,mult_3=HGY mult_6=8VH mult_8=5FA adder_1=0GK adder_2=073 adder_3=02E
sc_cfg920,-6978.3986,-6982.4028,11.554298,11.562267,0.0690,26.41,56.868,2154,mult_0=HGP mult_1=F6B mult_6=CK3 mult_8=F6B adder_4=0AV adder_6=0M0 adder_7=0AV
sc_cfg921,1736.9905,-2115.9478,14.139905,13.653945,3.4368,31.55,44.419,1408,mult_3=HGP mult_6=AQ1 adder_1=0DL adder_2=0EM adder_4=0DL adder_6=0AV adder_7=0MH
sc_cfg922,-6579.5281,-9109.2736,26.245400,26.571374,1.2420,33.13,84.364,2547,mult_0=AQ1 mult_2=F6B mult_4=5FA mult_5=DAE mult_6=CK3 mult_7=HGY adder_2=073 adder_3=02E adder_4=0AV adder_5=0M0 adder_6=0MH adder_7=02E
sc_cfg923,-856.7207,-857.6107,1.539596,1.540455,0.0558,28.76,61.563,2140,mult_0=AQ1 mult_5=AQ1 mult_8=F6B adder_0=0EM adder_2=0M0 adder_5=0AV adder_7=0M0
sc_cfg924,-6577.8311,-6585.4405,13.573924,13.584119,0.0751,33.04,66.205,2004,mult_0=8VH mult_1=GPF mult_5=AQ1 mult_7=8VH adder_0=0DL adder_1=073 adder_2=073 adder_3=02E adder_4=073 adder_5=02E
sc_cfg925,-22492.6317,-22485.8818,36.556449,36.554770,0.0046,33.14,59.174,1785,mult_2=CK3 mult_3=HGP mult_5=CK3 mult_6=F6B adder_2=0Q7 adder_3=0DL adder_4=073 adder_5=0MH adder_6=0EM
sc_cfg926,-5527.1872,-5186.6369,17.081236,18.195115,6.5211,34.65,103.106,2976,mult_0=AQ1 mult_1=AQ1 mult_2=DAE mult_3=DAE mult_5=DAE mult_6=DAE mult_7=HGY mult_8=CK3 adder_0=0M0 adder_1=073 adder_2=0EM adder_4=0MH adder_5=02E adder_6=0DL adder_7=02E
sc_cfg927,0.0000,0.0000,0.000000,0.000000,0.0000,19.45,12.197,627,mult_6=AQ1
sc_cfg928,-9372.2210,-9378.8514,15.084694,15.094388,0.0643,32.86,82.554,2513,mult_0=HGP mult_1=GPF mult_2=GPF mult_7=8VH mult_8=5FA adder_0=0GK adder_1=0Q7 adder_3=0DL adder_4=0DL adder_5=0M0 adder_7=073
sc_cfg929,-7390.1760,-7401.2685,18.436208,18.448793,0.0683,34.08,117.057,3435,mult_0=AQ1 mult_1=AQ1 mult_2=F6B mult_3=5FA mult_4=HGP mult_5=AQ1 mult_6=F6B mult_7=DAE mult_8=F6B adder_0=0GK adder_1=0M0 adder_2=0GK adder_3=02E adder_4=0MH adder_5=0EM adder_6=0AV
sc_cfg930,-4259.9653,-7931.4860,17.886623,18.677785,4.4232,38.61,75.217,1948,mult_0=HGY mult_2=DAE mult_4=F6B mult_8=GPF adder_0=0M0 adder_1=0Q7 adder_2=0MH adder_3=0DL adder_4=0Q7 adder_5=0M0 adder_6=0M0 adder_7=0MH
sc_cfg931,-2879.6143,-2873.3668,5.057980,5.049468,0.1683,37.55,81.834,2179,mult_0=HGP mult_6=5FA mult_7=F6B mult_8=HGY adder_0=0AV adder_1=0EM adder_2=0Q7 adder_3=0M0 adder_4=0M0 adder_5=0Q7 adder_6=0Q7 adder_7=0AV
sc_cfg932,-17908.3039,-18140.7423,35.460021,39.602297,11.6815,34.84,120.710,3465,mult_0=5FA mult_1=GPF mult_2=GPF mult_3=CK3 mult_4=GPF mult_5=AQ1 mult_6=DAE mult_7=HGY mult_8=5FA adder_0=0DL adder_2=02E adder_3=0DL adder_4=0EM adder_5=02E adder_6=0MH adder_7=0MH
sc_cfg933,-2301.4898,-2323.7072,9.423602,9.396167,0.2911,26.56,38.599,1453,mult_1=HGY mult_5=5FA adder_4=0AV adder_6=02E adder_7=0Q7
sc_cfg934,-1389.4287,-1350.3856,9.321529,9.319730,0.0193,26.31,27.385,1041,mult_6=AQ1 adder_1=02E adder_2=0Q7 adder_5=0M0
sc_cfg935,-17381.4984,-14066.3257,28.837457,29.007548,0.5898,33.31,76.290,2290,mult_0=DAE mult_2=GPF mult_5=5FA mult_7=CK3 adder_1=0EM adder_2=0GK adder_3=0AV adder_4=073 adder_6=0MH adder_7=0DL
sc_cfg936,-15609.2817,-14436.4428,33.253124,29.380440,11.6461,30.55,72.527,2374,mult_1=DAE mult_2=F6B mult_4=8VH mult_5=HGP mult_6=HGY mult_7=DAE adder_2=073 adder_3=0AV adder_5=02E adder_6=0DL adder_7=0MH
sc_cfg937,-8757.4515,-8777.5724,15.116458,15.148925,0.2148,23.49,35.304,1503,mult_3=F6B mult_4=HGY mult_8=F6B adder_0=0Q7 adder_3=0Q7
sc_cfg938,-7756.6089,-7573.0140,15.905204,15.658566,1.5507,37.22,119.238,3203,mult_0=5FA mult_2=AQ1 mult_3=DAE mult_4=CK3 mult_5=DAE mult_7=5FA mult_8=GPF adder_0=0M0 adder_1=0DL adder_2=0DL adder_3=0DL adder_4=0EM adder_5=0GK adder_6=02E adder_7=0DL
sc_cfg939,-16241.4786,-16251.6134,27.015255,27.044999,0.1101,24.00,29.139,1214,mult_1=8VH mult_5=HGY mult_8=HGP adder_0=0M0 adder_5=0MH
sc_cfg940,-8177.0000,-8176.1713,13.536742,13.541688,0.0365,26.28,39.803,1515,mult_2=HGY mult_4=AQ1 mult_6=HGP adder_0=0DL adder_5=0Q7 adder_7=0AV
sc_cfg941,-715.5528,-713.0071,1.415578,1.413429,0.1518,21.66,18.748,866,mult_0=GPF adder_0=0DL
sc_cfg942,58.2182,58.6797,0.380496,0.380342,0.0406,31.25,67.219,2151,mult_2=5FA mult_3=DAE mult_6=AQ1 adder_1=0M0 adder_2=0EM adder_3=0Q7 adder_4=0M0 adder_7=0Q7
sc_cfg943,-26012.5137,-26071.0987,41.630856,41.723874,0.2234,37.13,118.745,3198,mult_0=5FA mult_1=CK3 mult_2=CK3 mult_3=8VH mult_4=HGP mult_5=AQ1 mult_6=CK3 mult_7=HGP mult_8=HGP adder_0=0AV adder_1=0DL adder_2=0MH adder_3=0EM adder_4=0M0 adder_5=0GK adder_6=073 adder_7=073
sc_cfg944,55.8751,56.3430,0.371051,0.370795,0.0692,19.42,23.211,1195,mult_1=AQ1 mult_3=DAE
sc_cfg945,-8252.8377,-8269.2340,14.324233,14.341382,0.1197,26.10,49.833,1909,mult_1=F6B mult_3=HGP mult_5=F6B adder_1=0AV adder_3=0Q7 adder_5=0EM
sc_cfg946,-31530.5795,-31783.6653,49.564577,54.410285,9.7766,32.48,94.713,2916,mult_0=HGY mult_1=DAE mult_2=8VH mult_3=GPF mult_4=CK3 mult_5=8VH mult_6=HGP mult_7=GPF mult_8=HGP adder_0=0MH adder_1=0MH adder_3=02E adder_4=0GK adder_5=0Q7 adder_6=0MH
sc_cfg947,-2603.4648,-2582.8671,10.139075,10.074935,0.6326,28.05,73.409,2617,mult_0=DAE mult_1=AQ1 mult_3=5FA mult_5=F6B mult_8=GPF adder_3=0DL adder_4=0DL adder_5=0EM adder_6=02E
sc_cfg948,-0.4933,-0.4981,0.002152,0.002162,0.4914,22.02,15.155,688,adder_5=0AV
sc_cfg949,-1616.3086,-1614.8393,7.417611,7.415289,0.0313,26.42,51.642,1955,mult_3=5FA mult_7=AQ1 adder_3=0MH adder_5=0AV adder_7=0EM
sc_cfg950,-6580.8862,-6598.9074,11.673777,11.702951,0.2499,21.58,21.142,980,mult_4=8VH adder_2=073
sc_cfg951,-11222.2519,-11157.3225,18.752019,18.657104,0.5062,28.32,76.320,2695,mult_0=F6B mult_3=8VH mult_4=F6B mult_5=F6B mult_7=GPF adder_1=0EM adder_2=0DL adder_4=0Q7 adder_6=0DL
sc_cfg952,-2215.0236,-2206.4008,6.441823,6.439759,0.0320,26.03,48.812,1875,mult_0=5FA mult_6=DAE adder_1=0EM adder_3=02E adder_4=0M0
sc_cfg953,-14979.8056,-15618.6764,24.424746,25.377228,3.8997,32.27,79.157,2453,mult_0=8VH mult_4=HGP mult_5=8VH mult_6=DAE mult_8=HGP adder_0=0EM adder_1=0M0 adder_2=0MH adder_3=0GK adder_6=0GK adder_7=0GK
sc_cfg954,-9856.2894,-9853.6232,18.200430,18.197202,0.0177,31.31,77.578,2478,mult_3=DAE mult_4=AQ1 mult_5=CK3 mult_6=F6B mult_7=5FA adder_0=0GK adder_1=0MH adder_3=073 adder_4=0DL adder_7=0DL
sc_cfg955,-8030.5858,-8035.1355,13.495997,13.502456,0.0479,19.61,13.513,689,mult_1=HGY mult_5=HGP
sc_cfg956,-12511.8662,-12046.3108,21.910285,21.324468,2.6737,30.62,90.848,2967,mult_0=8VH mult_1=8VH mult_2=GPF mult_3=AQ1 mult_4=CK3 mult_7=5FA mult_8=8VH adder_1=0M0 adder_2=0EM adder_4=0M0 adder_5=073 adder_7=02E
sc_cfg957,-6828.1461,-6833.7087,11.714609,11.721657,0.0602,19.39,25.793,1330,mult_3=8VH mult_4=DAE mult_8=8VH
sc_cfg958,-17240.3546,-16894.3474,29.909418,29.442078,1.5625,29.75,34.530,1161,mult_4=AQ1 mult_6=HGY adder_1=0GK adder_4=0MH adder_5=0AV adder_6=0MH
sc_cfg959,-3031.2406,-3022.4828,5.688290,5.669733,0.3262,26.78,58.679,2191,mult_0=F6B mult_3=5FA mult_7=F6B mult_8=F6B adder_1=0M0 adder_4=0GK adder_7=0EM
sc_cfg960,-23082.7556,-14696.7041,40.288611,31.952792,20.6903,37.69,106.436,2824,mult_1=HGY mult_2=5FA mult_4=HGP mult_5=GPF mult_6=GPF mult_8=AQ1 adder_0=0Q7 adder_1=0GK adder_2=0EM adder_3=0MH adder_4=0AV adder_5=0MH adder_6=0DL adder_7=0MH
sc_cfg961,-10781.5699,-10774.4315,18.113443,18.095511,0.0990,32.61,96.767,2967,mult_1=GPF mult_2=F6B mult_3=CK3 mult_5=5FA mult_7=HGP mult_8=5FA adder_0=073 adder_1=0EM adder_2=0EM adder_5=073 adder_6=0Q7 adder_7=0GK
sc_cfg962,-22361.7907,-22460.1570,36.132948,36.284187,0.4186,37.71,100.408,2662,mult_0=HGY mult_1=GPF mult_2=8VH mult_3=F6B mult_4=CK3 mult_6=HGP mult_7=HGP mult_8=F6B adder_0=0GK adder_1=0M0 adder_2=0MH adder_3=0Q7 adder_4=073 adder_5=0GK adder_6=073 adder_7=0DL
sc_cfg963,2.5065,2.4994,0.006234,0.006222,0.1898,22.27,17.625,792,mult_7=AQ1 adder_1=0EM
sc_cfg964,-13731.3433,-14565.3653,25.396416,26.356771,3.7815,28.57,55.542,1944,mult_2=CK3 mult_4=HGP mult_6=F6B mult_7=8VH mult_8=HGY adder_0=0Q7 adder_1=0MH adder_3=0EM adder_6=02E
sc_cfg965,-106.8304,-107.0149,8.370929,8.380528,0.1147,22.82,7.646,335,adder_5=02E
sc_cfg966,-12970.9097,-12960.7174,20.957655,20.947917,0.0465,24.37,50.249,2062,mult_2=GPF mult_5=HGP mult_7=HGY mult_8=GPF adder_2=0Q7 adder_5=0M0
sc_cfg967,1.0047,0.9933,0.004056,0.004052,0.0931,22.30,12.871,577,adder_2=0EM
sc_cfg968,-2143.2119,-2146.7004,3.836780,3.838863,0.0543,24.86,26.925,1083,mult_1=GPF adder_3=0M0 adder_6=0DL
sc_cfg969,-18175.1702,-18204.3841,29.058204,29.092437,0.1178,28.66,82.552,2881,mult_0=8VH mult_1=CK3 mult_2=5FA mult_3=GPF mult_5=HGP mult_8=CK3 adder_0=0AV adder_3=0Q7 adder_4=02E adder_6=073
sc_cfg970,-2305.7114,-2281.3795,9.414470,9.372766,0.4430,27.10,46.007,1698,mult_2=5FA mult_7=8VH adder_1=0M0 adder_5=0EM adder_6=02E
sc_cfg971,-10045.7185,-10105.2808,18.188934,18.279625,0.4986,28.91,59.064,2043,mult_1=HGY mult_4=DAE mult_5=AQ1 mult_7=DAE adder_2=0MH adder_3=0GK adder_5=0M0 adder_6=0GK
sc_cfg972,-8839.4413,-8646.4535,16.859127,16.494557,2.1624,31.37,56.824,1812,mult_4=CK3 mult_5=DAE mult_7=HGY adder_0=0DL adder_1=0EM adder_5=0DL adder_6=0GK adder_7=02E
sc_cfg973,-1730.6570,-1729.7271,2.900471,2.899377,0.0377,19.32,24.813,1285,mult_0=CK3 mult_3=DAE mult_8=HGY
sc_cfg974,-8780.0188,-8684.3876,23.700024,20.248672,14.5626,36.05,64.371,1786,mult_0=AQ1 mult_1=HGY mult_5=HGP mult_8=F6B adder_1=02E adder_2=0DL adder_3=0DL adder_4=0Q7 adder_5=0M0 adder_6=0GK adder_7=0MH
sc_cfg975,-25056.2273,-25099.1566,39.980732,40.041771,0.1527,28.13,71.504,2542,mult_0=AQ1 mult_1=HGP mult_2=F6B mult_3=HGY mult_4=HGY mult_5=8VH mult_6=HGP mult_8=HGY adder_0=073 adder_1=0Q7 adder_4=0DL adder_5=073
sc_cfg976,-17524.2794,-17513.6931,29.773840,29.771246,0.0087,35.62,111.581,3132,mult_0=CK3 mult_1=5FA mult_2=8VH mult_3=5FA mult_4=F6B mult_6=AQ1 mult_7=HGY mult_8=HGP adder_0=02E adder_2=0MH adder_3=0Q7 adder_4=02E adder_5=073 adder_6=073 adder_7=0GK
sc_cfg977,-10622.2628,-10616.4402,17.639280,17.637507,0.0101,35.98,80.635,2241,mult_0=AQ1 mult_1=8VH mult_2=HGP mult_6=CK3 mult_7=HGP adder_0=02E adder_1=0M0 adder_2=0AV adder_4=0GK adder_5=073 adder_6=0Q7 adder_7=0Q7
sc_cfg978,-24569.8153,-24502.6384,38.851095,38.756197,0.2443,37.23,112.615,3025,mult_0=F6B mult_1=AQ1 mult_2=8VH mult_3=AQ1 mult_4=8VH mult_5=CK3 mult_6=8VH mult_7=HGY mult_8=F6B adder_0=0AV adder_1=0Q7 adder_2=0Q7 adder_3=0MH adder_4=0Q7 adder_5=0M0 adder_6=0M0 adder_7=0Q7
sc_cfg979,-4699.6407,-4704.5709,13.643221,13.663217,0.1466,28.86,72.117,2499,mult_4=8VH mult_5=5FA mult_6=F6B mult_7=HGP mult_8=DAE adder_1=073 adder_3=02E adder_4=0M0 adder_6=0EM
sc_cfg980,-8173.3883,-8167.1986,13.703780,13.698984,0.0350,28.50,46.827,1643,mult_5=HGY mult_6=DAE mult_7=GPF adder_0=0Q7 adder_2=0DL adder_3=073 adder_4=0DL
sc_cfg981,-6614.9265,-6632.9284,11.718773,11.747932,0.2488,19.66,9.822,500,mult_4=8VH
sc_cfg982,-10005.7394,-9989.2336,17.347890,17.331674,0.0935,36.39,63.045,1732,mult_2=AQ1 mult_3=F6B mult_5=8VH adder_0=073 adder_1=0MH adder_3=0DL adder_4=073 adder_5=0GK adder_6=0AV adder_7=0M0
sc_cfg983,-11324.5237,-10958.5777,18.815720,18.311706,2.6787,33.58,71.702,2135,mult_1=CK3 mult_2=DAE mult_3=HGP mult_5=F6B mult_8=HGP adder_0=0GK adder_1=0Q7 adder_2=0AV adder_5=0GK adder_6=0GK adder_7=0M0
sc_cfg984,-2359.5305,-2353.6077,7.907364,7.904686,0.0339,26.38,25.010,948,mult_0=HGP adder_0=0DL adder_1=0EM adder_3=0MH
sc_cfg985,-8679.3505,-8688.9206,14.675889,14.692835,0.1155,38.49,81.261,2111,mult_3=5FA mult_4=GPF mult_7=8VH adder_0=073 adder_1=073 adder_2=0M0 adder_3=0AV adder_4=073 adder_5=0EM adder_6=0AV adder_7=0DL
sc_cfg986,-18915.0511,-18915.8389,30.116813,30.120030,0.0107,30.86,80.520,2609,mult_0=GPF mult_1=HGY mult_2=GPF mult_4=CK3 mult_6=HGY mult_8=5FA adder_0=073 adder_1=0M0 adder_5=0DL adder_6=0EM adder_7=0GK
sc_cfg987,-16473.2981,-16478.0017,27.434487,27.438808,0.0158,26.86,35.711,1329,mult_4=HGY mult_6=CK3 mult_7=F6B adder_0=0MH adder_2=0GK adder_5=0MH
sc_cfg988,3817.1055,3734.3229,13.592949,13.633802,0.3005,24.70,13.940,564,adder_0=0GK adder_7=0MH
sc_cfg989,-18783.5122,-18817.3330,30.139366,30.202682,0.2101,35.21,119.879,3405,mult_0=8VH mult_1=DAE mult_2=8VH mult_3=CK3 mult_4=GPF mult_5=5FA mult_7=DAE mult_8=8VH adder_0=0DL adder_2=0Q7 adder_3=0Q7 adder_4=0AV adder_5=0DL adder_6=0GK adder_7=0DL
sc_cfg990,-11008.8380,-11013.5210,19.267577,19.286089,0.0961,33.48,58.540,1748,mult_0=HGP mult_7=CK3 mult_8=CK3 adder_1=0DL adder_2=0MH adder_3=0EM adder_4=0DL adder_5=0AV adder_7=0Q7
sc_cfg991,-7982.8942,-7955.0704,15.565221,15.533726,0.2023,32.65,95.672,2930,mult_0=GPF mult_3=5FA mult_4=F6B mult_6=F6B mult_7=HGY mult_8=5FA adder_0=0AV adder_1=0MH adder_2=0Q7 adder_3=0AV adder_5=073 adder_6=0Q7
sc_cfg992,-1764.5238,-1766.2300,5.352937,5.348278,0.0870,29.12,46.884,1610,mult_1=8VH mult_7=DAE mult_8=HGP adder_0=02E adder_3=0GK adder_4=0GK adder_6=0AV
sc_cfg993,521.9773,521.9296,4.398675,4.393047,0.1279,19.54,12.066,617,mult_6=F6B
sc_cfg994,-13955.1519,-13550.1588,28.566674,28.067869,1.7461,35.47,90.957,2564,mult_0=HGY mult_2=DAE mult_3=GPF mult_4=AQ1 mult_6=HGY mult_8=5FA adder_0=073 adder_2=0Q7 adder_3=0DL adder_4=0AV adder_5=0MH adder_6=0GK adder_7=0Q7
sc_cfg995,-2769.3535,-2684.3650,9.433052,9.293870,1.4755,28.77,66.919,2326,mult_1=CK3 mult_6=5FA mult_7=8VH mult_8=GPF adder_0=0EM adder_3=0AV adder_5=0EM adder_7=02E
sc_cfg996,-14353.8571,-11408.6246,32.190690,22.386266,30.4573,38.34,71.051,1853,mult_3=HGP mult_4=DAE mult_5=HGY mult_7=CK3 adder_0=0DL adder_1=0GK adder_2=0AV adder_3=0MH adder_4=02E adder_5=073 adder_6=02E adder_7=0MH
sc_cfg997,-5439.1790,-5412.0633,19.596160,19.605829,0.0493,24.70,26.225,1062,mult_4=DAE adder_0=0Q7 adder_5=0MH
sc_cfg998,-4008.1330,-4007.5421,6.872199,6.870572,0.0237,27.73,88.220,3182,mult_1=HGY mult_2=DAE mult_3=5FA mult_4=AQ1 mult_5=DAE mult_7=F6B mult_8=F6B adder_0=0M0 adder_1=0DL adder_3=0EM adder_6=0EM
sc_cfg999,-9269.0179,-9277.0976,15.411273,15.423707,0.0807,25.29,73.847,2920,mult_1=HGP mult_4=DAE mult_5=HGP mult_6=5FA mult_7=DAE mult_8=8VH adder_1=0AV adder_3=0GK adder_7=0AV
sc_cfg1000,0.0000,0.0000,0.000000,0.000000,0.0000,19.74,3.829,194,
sc_cfg1001,-3447.0691,-3440.1650,6.732811,6.721390,0.1696,32.91,98.905,3005,mult_0=DAE mult_2=DAE mult_3=DAE mult_5=F6B mult_6=5FA mult_7=HGP adder_0=0AV adder_1=0Q7 adder_3=0EM adder_4=0DL adder_6=073 adder_7=0AV
sc_cfg1002,3913.5959,3915.3776,13.590392,13.599146,0.0644,22.53,8.700,386,adder_7=0MH
sc_cfg1003,-6366.8846,-6314.4974,20.367996,20.345468,0.1106,29.43,25.102,853,adder_2=0DL adder_3=02E adder_5=0MH adder_7=0EM
sc_cfg1004,-18144.3491,-18168.2526,29.189378,29.225132,0.1225,31.41,53.629,1707,mult_1=GPF mult_5=HGY mult_6=GPF adder_0=073 adder_2=0MH adder_4=0DL adder_5=0AV adder_7=0DL
sc_cfg1005,1321.2883,5050.6606,17.010633,20.296028,19.3138,32.79,87.174,2658,mult_0=5FA mult_2=5FA mult_4=F6B mult_7=F6B mult_8=AQ1 adder_1=0GK adder_2=02E adder_3=0Q7 adder_4=02E adder_5=0Q7 adder_7=0MH
sc_cfg1006,-20890.3527,-17136.3365,33.939869,33.257681,2.0100,33.78,56.457,1671,mult_0=HGP mult_2=8VH mult_7=GPF adder_0=0GK adder_2=0GK adder_3=0MH adder_4=0DL adder_6=0MH adder_7=073
sc_cfg1007,-184.7878,-181.0546,2.064236,2.066588,0.1140,22.06,7.809,354,adder_0=0GK
sc_cfg1008,-16827.4578,-16846.9649,27.199583,27.230976,0.1154,25.95,62.481,2408,mult_0=DAE mult_2=HGP mult_3=CK3 mult_4=GPF mult_8=DAE adder_2=0DL adder_3=0DL adder_5=0Q7
sc_cfg1009,-3099.1999,-3097.7499,6.107515,6.105499,0.0330,28.36,75.053,2647,mult_0=HGP mult_2=5FA mult_3=F6B mult_4=AQ1 mult_8=F6B adder_2=0EM adder_4=0DL adder_6=0AV adder_7=0AV
sc_cfg1010,-14052.7709,-14079.0653,22.966333,23.000859,0.1503,32.42,89.746,2768,mult_0=DAE mult_1=DAE mult_2=AQ1 mult_4=HGY mult_5=F6B mult_6=HGP mult_8=8VH adder_0=0Q7 adder_2=0DL adder_3=02E adder_5=0M0 adder_6=0AV adder_7=0DL
sc_cfg1011,-28512.6121,-29064.4904,45.401514,46.207678,1.7756,37.28,109.970,2949,mult_0=GPF mult_1=DAE mult_2=HGP mult_3=8VH mult_4=GPF mult_5=F6B mult_6=AQ1 mult_7=HGY mult_8=HGY adder_0=0AV adder_1=0EM adder_2=0M0 adder_3=0DL adder_4=0MH adder_5=0MH adder_6=0Q7 adder_7=0GK
sc_cfg1012,-13135.4597,-14113.9257,22.910571,24.355303,6.3060,34.76,94.146,2708,mult_0=8VH mult_2=DAE mult_3=DAE mult_4=HGP mult_6=CK3 mult_7=HGY mult_8=DAE adder_0=0AV adder_1=0Q7 adder_2=0Q7 adder_3=02E adder_4=0EM adder_5=0DL adder_6=02E
sc_cfg1013,-19008.1832,-20610.8980,35.388786,37.578027,6.1863,25.34,71.322,2815,mult_3=DAE mult_4=8VH mult_5=CK3 mult_6=DAE mult_7=5FA mult_8=HGY adder_0=0AV adder_6=0MH adder_7=0AV
sc_cfg1014,-8395.4753,-8387.7495,13.636759,13.626221,0.0773,23.69,44.621,1883,mult_1=HGP mult_2=CK3 mult_3=AQ1 mult_7=CK3 adder_2=0M0 adder_4=0Q7
sc_cfg1015,-5973.1978,-6069.6059,21.356284,21.410453,0.2536,26.36,48.961,1857,mult_1=CK3 mult_6=5FA mult_7=F6B adder_4=0EM adder_5=0MH adder_7=02E
sc_cfg1016,-10537.2639,-10521.5705,17.674482,17.646256,0.1597,27.12,99.464,3667,mult_0=HGY mult_1=HGP mult_2=8VH mult_3=5FA mult_4=F6B mult_5=5FA mult_6=F6B mult_7=GPF mult_8=HGY adder_1=0Q7 adder_3=0AV adder_4=0DL adder_5=073
sc_cfg1017,-6242.7336,-6251.9572,11.747437,11.758883,0.0974,24.24,36.230,1494,mult_0=8VH mult_2=F6B mult_5=8VH adder_3=0Q7 adder_4=0DL
sc_cfg1018,-22465.0734,-22483.2992,35.706481,35.733935,0.0769,25.57,63.610,2488,mult_0=GPF mult_2=8VH mult_3=CK3 mult_4=GPF mult_5=AQ1 mult_6=HGY adder_1=0Q7 adder_3=02E adder_4=0DL
sc_cfg1019,-5865.9913,-5870.5233,10.383986,10.389634,0.0544,22.25,16.492,741,mult_3=8VH adder_5=0EM
sc_cfg1020,-1061.5451,-1063.0475,8.569086,8.579260,0.1187,24.38,47.187,1936,mult_0=GPF mult_6=5FA mult_7=DAE adder_0=073 adder_5=02E
sc_cfg1021,-19095.9488,-19149.9552,31.480111,31.560716,0.2561,37.14,118.536,3192,mult_0=F6B mult_1=F6B mult_2=AQ1 mult_3=DAE mult_4=HGP mult_5=HGY mult_6=F6B mult_7=5FA mult_8=F6B adder_0=0AV adder_1=0MH adder_2=0MH adder_3=0GK adder_4=0GK adder_5=073 adder_6=0M0 adder_7=0EM
sc_cfg1022,-27819.1696,-27855.6109,43.887818,43.942046,0.1236,32.39,108.253,3343,mult_0=DAE mult_1=GPF mult_2=GPF mult_3=8VH mult_4=8VH mult_5=F6B mult_6=CK3 mult_7=8VH mult_8=F6B adder_0=02E adder_1=0Q7 adder_2=0M0 adder_4=0MH adder_5=0EM adder_7=073
sc_cfg1023,-57.8944,-56.2217,0.468641,0.469051,0.0875,22.15,10.910,493,adder_7=0DL
sc_cfg1024,-19347.7895,-19380.6567,31.260897,31.304920,0.1408,26.35,60.582,2299,mult_2=F6B mult_3=GPF mult_4=HGP mult_7=F6B mult_8=8VH adder_2=0DL adder_3=0MH adder_5=0GK
sc_cfg1025,-8627.6727,-8557.0501,17.236753,17.141782,0.5510,37.18,93.568,2517,mult_0=CK3 mult_1=CK3 mult_3=HGP mult_4=DAE mult_6=F6B adder_0=0AV adder_1=0AV adder_2=0AV adder_3=0AV adder_4=0M0 adder_5=0AV adder_6=02E adder_7=0AV
sc_cfg1026,-3532.6658,-3530.0430,6.157495,6.152827,0.0758,23.77,79.014,3324,mult_1=CK3 mult_3=5FA mult_5=5FA mult_6=AQ1 mult_7=F6B mult_8=DAE adder_4=0Q7 adder_6=0AV
sc_cfg1027,-19775.5980,-20147.9596,32.956979,33.263436,0.9299,37.74,97.506,2583,mult_0=DAE mult_2=GPF mult_3=HGP mult_4=HGP mult_6=HGY mult_7=AQ1 mult_8=AQ1 adder_0=0EM adder_1=0Q7 adder_2=0Q7 adder_3=02E adder_4=0GK adder_5=0DL adder_6=0M0 adder_7=02E
sc_cfg1028,-14510.8500,-14479.7752,25.535623,25.496820,0.1520,28.34,73.745,2602,mult_1=HGP mult_2=GPF mult_4=5FA mult_5=DAE mult_7=8VH adder_0=0EM adder_1=02E adder_2=0MH adder_5=0Q7
sc_cfg1029,-14696.3484,-14721.6518,23.929029,23.965050,0.1505,31.23,51.462,1648,mult_1=HGY mult_3=HGP mult_4=HGY adder_0=0AV adder_1=0Q7 adder_3=0Q7 adder_4=0AV adder_7=0DL
sc_cfg1030,-10446.5916,-10300.2986,19.099765,18.967209,0.6940,28.99,44.892,1549,mult_1=CK3 mult_5=HGY mult_7=HGP adder_0=0AV adder_3=0DL adder_5=0GK adder_6=02E
sc_cfg1031,-6951.4898,-6965.3495,12.059366,12.074721,0.1273,21.31,33.675,1580,mult_1=F6B mult_3=CK3 mult_7=AQ1 adder_1=073
sc_cfg1032,-1786.0356,-1785.5789,2.956346,2.955856,0.0166,19.23,20.659,1074,mult_0=GPF mult_8=8VH
sc_cfg1033,-7677.1256,-7672.8627,14.252872,14.249866,0.0211,31.57,58.612,1857,mult_1=CK3 mult_6=DAE mult_8=F6B adder_0=0DL adder_1=0MH adder_4=0EM adder_6=073 adder_7=0EM
sc_cfg1034,-22800.1001,-22805.4115,36.864416,36.872880,0.0230,33.20,80.523,2426,mult_0=CK3 mult_3=HGY mult_4=GPF mult_5=HGP mult_6=AQ1 mult_7=GPF adder_1=0Q7 adder_2=0DL adder_3=0EM adder_4=0MH adder_5=0EM adder_6=0Q7
sc_cfg1035,-5292.1202,-5287.2075,9.609231,9.608185,0.0109,24.07,37.490,1558,mult_2=HGP mult_3=F6B mult_6=DAE adder_4=073 adder_5=0DL
sc_cfg1036,-8194.9360,-8196.2106,13.885157,13.884077,0.0078,24.05,29.290,1218,mult_1=8VH mult_5=CK3 adder_0=0AV adder_4=0GK
sc_cfg1037,-4261.9775,-4255.7928,7.006090,7.001274,0.0687,36.93,121.407,3287,mult_0=HGP mult_1=8VH mult_2=5FA mult_3=AQ1 mult_4=AQ1 mult_5=5FA mult_6=5FA mult_8=HGY adder_0=02E adder_1=0M0 adder_2=0EM adder_3=0EM adder_4=0EM adder_5=0DL adder_6=073 adder_7=0GK
sc_cfg1038,17.1875,17.2116,0.051437,0.051501,0.1235,22.27,8.884,399,adder_2=073
sc_cfg1039,-4816.0057,-4808.6595,9.544941,9.538840,0.0639,23.99,47.312,1972,mult_1=DAE mult_2=HGP mult_6=F6B mult_7=F6B adder_0=0EM adder_5=0EM
sc_cfg1040,-7100.2476,-7106.4274,11.650106,11.660136,0.0861,21.58,35.349,1638,mult_0=8VH mult_1=CK3 mult_6=8VH adder_4=073
sc_cfg1041,-12656.5751,-12660.8597,20.832893,20.842608,0.0466,24.18,36.209,1498,mult_2=CK3 mult_4=HGP mult_7=HGY adder_2=0GK adder_5=0GK
sc_cfg1042,3918.1676,3942.3592,13.596060,13.618011,0.1614,24.38,17.671,725,adder_3=0M0 adder_7=0MH
sc_cfg1043,537.0287,525.7899,4.433934,4.420605,0.3006,30.67,67.715,2208,mult_0=DAE mult_2=F6B mult_5=AQ1 adder_1=0DL adder_2=0Q7 adder_3=0M0 adder_4=0Q7 adder_7=0AV
sc_cfg1044,-6572.4681,-6509.1291,20.606840,20.555796,0.2477,24.22,45.752,1889,mult_0=HGY mult_3=5FA mult_5=F6B adder_5=0MH adder_7=073
sc_cfg1045,-5898.6126,-5918.3886,12.451446,12.464992,0.1088,26.39,41.720,1581,mult_0=GPF mult_6=5FA adder_1=0GK adder_3=0GK adder_4=0MH
sc_cfg1046,-7139.0565,-7126.2930,11.704960,11.690612,0.1226,26.19,43.415,1658,mult_0=CK3 mult_2=CK3 mult_7=HGY adder_0=0Q7 adder_4=0AV adder_7=0Q7
sc_cfg1047,-1669.0760,-1687.8826,10.098205,10.101847,0.0361,24.38,33.283,1365,mult_2=F6B mult_6=HGP adder_4=0Q7 adder_5=02E
sc_cfg1048,-23017.2387,-23035.3673,37.554642,37.583887,0.0779,30.49,87.723,2877,mult_0=5FA mult_3=HGY mult_4=CK3 mult_5=GPF mult_6=DAE mult_8=F6B adder_1=0MH adder_2=0AV adder_5=02E adder_6=0AV adder_7=0EM
sc_cfg1049,-7144.4729,-7140.9713,12.739448,12.733432,0.0472,21.84,26.793,1227,mult_3=GPF mult_4=F6B adder_5=0GK
sc_cfg1050,4418.0392,5374.3667,14.434736,15.923508,10.3138,31.60,43.308,1371,mult_0=5FA adder_0=0MH adder_4=0DL adder_5=0AV adder_6=0M0 adder_7=0MH
sc_cfg1051,-20078.3322,-20056.5945,33.335772,33.348598,0.0385,32.18,109.252,3395,mult_0=F6B mult_1=HGP mult_2=8VH mult_3=GPF mult_4=CK3 mult_5=5FA mult_6=AQ1 mult_7=5FA adder_0=0M0 adder_1=0M0 adder_2=0EM adder_3=0DL adder_5=02E adder_7=0DL
sc_cfg1052,-17974.0222,-17979.6426,28.794788,28.803239,0.0293,24.03,40.840,1700,mult_1=HGP mult_2=HGY mult_3=8VH mult_5=HGY adder_5=0Q7 adder_6=0AV
sc_cfg1053,-9314.3490,-9255.5662,19.440531,19.375984,0.3320,35.29,90.323,2559,mult_1=HGP mult_2=CK3 mult_4=DAE mult_5=HGY mult_6=5FA mult_8=AQ1 adder_0=0EM adder_1=02E adder_2=02E adder_3=0DL adder_4=0M0 adder_5=0DL adder_7=0AV
sc_cfg1054,-6786.6816,-6775.3110,13.051441,13.035392,0.1230,24.64,31.263,1269,mult_0=HGY mult_5=5FA adder_4=0MH adder_7=0GK
sc_cfg1055,-7602.8764,-7595.4996,14.182132,14.174049,0.0570,29.57,32.421,1097,mult_2=HGP adder_2=0DL adder_4=0MH adder_5=0EM adder_7=0DL
sc_cfg1056,-12746.0582,-12753.7691,22.575034,22.595774,0.0919,32.64,87.164,2671,mult_1=DAE mult_3=8VH mult_4=CK3 mult_5=DAE mult_6=F6B mult_7=F6B adder_1=0AV adder_2=0MH adder_3=0EM adder_4=0Q7 adder_5=0GK adder_7=0Q7
sc_cfg1057,-5544.8722,-5529.8223,19.781290,19.819945,0.1954,29.07,37.261,1282,mult_0=5FA adder_0=0GK adder_3=0DL adder_4=0EM adder_5=0MH
sc_cfg1058,-4113.4996,-4109.9240,7.274000,7.273993,0.0001,23.89,34.126,1429,mult_2=GPF mult_4=DAE adder_1=073 adder_3=0EM
sc_cfg1059,-16889.5145,-16849.4596,27.570823,27.527618,0.1567,25.80,78.431,3040,mult_1=DAE mult_3=CK3 mult_4=F6B mult_5=HGY mult_6=5FA mult_7=F6B mult_8=8VH adder_1=02E adder_4=0AV adder_6=0M0
sc_cfg1060,-13256.9089,-13120.4485,23.997564,24.005018,0.0311,37.24,115.289,3096,mult_1=CK3 mult_2=F6B mult_3=DAE mult_4=HGY mult_5=DAE mult_6=AQ1 mult_7=GPF mult_8=F6B adder_0=02E adder_1=0MH adder_2=0AV adder_3=0Q7 adder_4=0EM adder_5=0GK adder_6=0M0 adder_7=02E
sc_cfg1061,-2591.8082,-2556.6796,13.753862,13.766206,0.0898,27.33,31.209,1142,mult_5=CK3 adder_2=02E adder_4=02E adder_6=0M0
sc_cfg1062,-24571.8520,-21808.2340,41.566344,39.294201,5.4663,35.76,85.297,2385,mult_0=GPF mult_1=HGP mult_4=DAE mult_5=8VH mult_6=GPF adder_0=0AV adder_1=0AV adder_2=0AV adder_4=0GK adder_5=0MH adder_6=0MH adder_7=0DL
sc_cfg1063,-5688.3016,-5693.3659,9.648284,9.651570,0.0341,31.25,55.177,1766,mult_0=8VH mult_5=F6B mult_7=GPF adder_2=0GK adder_3=0GK adder_4=0EM adder_5=0DL adder_6=073
sc_cfg1064,-17284.6310,-17306.2735,29.538368,29.569662,0.1059,27.93,85.281,3053,mult_2=HGP mult_3=8VH mult_4=8VH mult_5=5FA mult_6=5FA mult_8=AQ1 adder_0=0DL adder_3=0GK adder_4=0DL adder_5=02E
sc_cfg1065,-15228.5069,-15009.2905,27.247624,27.605921,1.3150,37.92,88.769,2341,mult_0=AQ1 mult_1=HGY mult_3=DAE mult_4=HGP mult_5=AQ1 mult_6=8VH adder_0=0Q7 adder_1=0DL adder_2=0MH adder_3=0DL adder_4=0MH adder_5=0EM adder_6=0DL adder_7=02E
sc_cfg1066,-11864.5478,-11882.6949,20.263930,20.297174,0.1641,22.99,72.194,3140,mult_1=5FA mult_2=DAE mult_4=8VH mult_5=HGY mult_6=F6B mult_8=5FA adder_2=0Q7 adder_3=0M0
sc_cfg1067,-6758.1380,-6763.7883,11.614488,11.621318,0.0588,19.19,20.983,1093,mult_3=CK3 mult_8=8VH
sc_cfg1068,1650.5612,814.7617,14.263422,13.645003,4.3357,24.14,43.897,1818,mult_2=F6B mult_5=F6B mult_7=CK3 adder_2=0DL adder_7=0MH
sc_cfg1069,-10204.9338,-10634.4063,19.167573,19.793498,3.2655,35.68,92.559,2594,mult_1=8VH mult_2=F6B mult_5=GPF mult_7=HGP mult_8=DAE adder_0=073 adder_2=0DL adder_3=0GK adder_4=0Q7 adder_5=0DL adder_6=02E adder_7=073
sc_cfg1070,-6155.7195,-6145.7769,10.398390,10.385831,0.1208,28.11,66.861,2379,mult_0=HGP mult_1=AQ1 mult_2=CK3 mult_7=DAE mult_8=GPF adder_3=073 adder_4=0GK adder_5=0M0 adder_7=0M0
sc_cfg1071,1457.5967,1447.3132,8.898712,8.901813,0.0348,23.26,16.902,727,mult_2=DAE adder_4=02E
sc_cfg1072,-12251.6688,-12269.5092,19.906326,19.931937,0.1287,29.81,79.746,2675,mult_0=AQ1 mult_1=CK3 mult_2=DAE mult_3=HGP mult_4=AQ1 mult_6=CK3 adder_0=0DL adder_1=0Q7 adder_2=0Q7 adder_6=0M0 adder_7=0M0
sc_cfg1073,-5865.4899,-5870.0276,10.383323,10.388976,0.0544,19.58,11.287,576,mult_3=CK3
sc_cfg1074,-2666.5161,-2654.9273,5.053045,5.041962,0.2193,30.90,83.910,2716,mult_0=GPF mult_2=5FA mult_4=5FA mult_8=CK3 adder_0=02E adder_2=0GK adder_4=073 adder_6=0M0 adder_7=0GK
sc_cfg1075,-26583.9807,-26585.4430,42.114101,42.120186,0.0144,28.15,83.750,2975,mult_2=HGP mult_3=8VH mult_4=CK3 mult_5=GPF mult_6=8VH mult_7=5FA mult_8=DAE adder_0=0M0 adder_4=0M0 adder_5=0DL adder_6=0M0
sc_cfg1076,-14718.6902,-18908.1924,31.953344,36.550128,14.3859,32.31,109.944,3403,mult_0=5FA mult_2=F6B mult_3=5FA mult_4=5FA mult_5=CK3 mult_6=8VH mult_7=5FA adder_0=0GK adder_1=0DL adder_2=0MH adder_3=0MH adder_4=0M0 adder_6=0MH
sc_cfg1077,-3698.2814,-3652.1279,11.429595,11.384806,0.3919,27.23,29.252,1074,mult_2=GPF adder_0=0GK adder_2=02E adder_5=0GK
sc_cfg1078,-17233.0951,-17206.4559,27.677713,27.642403,0.1276,26.07,66.071,2535,mult_0=DAE mult_2=8VH mult_3=GPF mult_5=8VH mult_6=AQ1 adder_5=0Q7 adder_6=0AV adder_7=0GK
sc_cfg1079,-4079.4085,-4075.9560,7.221246,7.221179,0.0009,21.85,18.266,836,mult_2=CK3 adder_4=0AV
sc_cfg1080,0.7474,0.7424,0.002535,0.002529,0.2490,19.34,12.100,626,mult_3=AQ1
sc_cfg1081,-2328.1852,-2328.8819,4.565836,4.553574,0.2686,21.85,12.010,550,mult_1=HGY adder_4=0GK
sc_cfg1082,-892.8981,-891.2669,1.580694,1.578731,0.1242,22.11,18.778,849,mult_0=F6B adder_5=0Q7
sc_cfg1083,3560.8870,6501.1083,15.150241,19.228111,26.9162,31.48,45.928,1459,mult_8=5FA adder_1=0Q7 adder_2=073 adder_4=02E adder_6=073 adder_7=0MH
sc_cfg1084,-2151.7513,-2171.8223,9.119199,9.210953,1.0062,36.18,40.919,1131,adder_0=0Q7 adder_1=0EM adder_3=0EM adder_4=0GK adder_5=0GK adder_6=02E adder_7=073
sc_cfg1085,-29238.1713,-30087.1651,46.144991,47.374684,2.6648,29.26,81.410,2782,mult_0=HGY mult_1=HGP mult_2=HGY mult_3=GPF mult_4=CK3 mult_5=GPF mult_6=CK3 mult_8=8VH adder_0=0MH adder_1=02E adder_2=0GK adder_6=0GK adder_7=0EM
sc_cfg1086,-2169.5490,-2161.2862,3.841215,3.830512,0.2786,19.19,12.665,660,mult_7=GPF
sc_cfg1087,-6737.6676,-6743.0310,11.587280,11.593741,0.0558,28.46,40.265,1415,mult_3=CK3 mult_8=HGP adder_0=073 adder_5=0M0 adder_6=0AV adder_7=0AV
sc_cfg1088,-19109.9839,-20614.2649,35.352685,37.445024,5.9185,26.26,55.467,2112,mult_4=GPF mult_5=AQ1 mult_7=8VH mult_8=8VH adder_3=0MH adder_5=0Q7 adder_6=0MH
sc_cfg1089,-20408.3689,-24783.4397,34.725788,40.960854,17.9551,30.38,76.559,2520,mult_0=CK3 mult_1=CK3 mult_2=DAE mult_5=GPF mult_7=HGP mult_8=HGP adder_1=0MH adder_3=0Q7 adder_5=0MH adder_6=02E adder_7=02E
sc_cfg1090,-10109.2896,-10135.3871,19.110255,19.144137,0.1773,36.52,131.112,3590,mult_0=CK3 mult_1=GPF mult_2=5FA mult_3=DAE mult_4=8VH mult_5=DAE mult_6=AQ1 mult_7=5FA mult_8=CK3 adder_0=0M0 adder_1=073 adder_2=0M0 adder_3=0M0 adder_4=073 adder_5=02E adder_6=073 adder_7=073
sc_cfg1091,-9943.9099,-9944.9338,16.498076,16.502032,0.0240,21.70,26.726,1232,mult_2=CK3 mult_3=GPF adder_5=0Q7
sc_cfg1092,-11447.3363,-11440.9386,20.032802,20.035215,0.0120,34.04,85.027,2498,mult_0=CK3 mult_1=F6B mult_2=5FA mult_7=F6B mult_8=GPF adder_0=073 adder_2=0MH adder_3=0M0 adder_4=0EM adder_5=0EM adder_7=0GK
sc_cfg1093,-1501.0069,-1494.3072,6.167439,6.169846,0.0390,36.13,87.830,2431,mult_0=HGY mult_2=5FA mult_3=F6B mult_6=F6B mult_7=5FA adder_0=0M0 adder_2=0DL adder_4=0Q7 adder_5=0AV adder_6=0M0 adder_7=073
sc_cfg1094,-11449.6819,-11445.2438,18.989159,18.984590,0.0241,24.99,69.486,2781,mult_0=AQ1 mult_1=HGP mult_2=HGY mult_4=DAE mult_5=CK3 mult_6=AQ1 mult_8=DAE adder_0=02E adder_1=073 adder_3=0M0
sc_cfg1095,-6161.8812,-6157.4935,10.984430,10.984823,0.0036,22.38,20.371,910,mult_5=CK3 adder_6=0GK
sc_cfg1096,-14897.3313,-14887.6185,23.970229,23.960686,0.0398,21.01,60.888,2898,mult_1=5FA mult_2=HGP mult_3=GPF mult_4=AQ1 mult_6=HGY mult_8=HGY adder_6=0M0
sc_cfg1097,-13837.9232,-14852.2846,22.648328,24.148666,6.6245,32.70,107.043,3274,mult_1=8VH mult_2=HGY mult_3=HGP mult_4=F6B mult_5=5FA mult_7=F6B mult_8=AQ1 adder_0=0MH adder_3=0M0 adder_4=0AV adder_5=073 adder_6=0GK adder_7=0Q7
sc_cfg1098,-5456.5536,-5507.1390,16.624858,16.729133,0.6272,37.58,96.632,2572,mult_0=GPF mult_1=CK3 mult_4=GPF mult_6=F6B mult_7=F6B mult_8=CK3 adder_0=0Q7 adder_1=073 adder_2=0MH adder_3=0DL adder_4=02E adder_5=02E adder_6=0GK adder_7=0GK
sc_cfg1099,-2855.4423,-2853.9744,5.924320,5.916191,0.1372,23.78,41.259,1735,mult_0=GPF mult_2=DAE mult_5=F6B adder_0=02E adder_1=0Q7
sc_cfg1100,-158.6687,-3196.2104,15.653204,14.605555,6.6929,22.24,36.081,1623,mult_3=GPF mult_5=F6B mult_6=DAE adder_7=0MH
sc_cfg1101,-16348.1136,-16308.3217,27.776329,27.729598,0.1682,29.47,61.317,2081,mult_1=GPF mult_2=HGY mult_3=F6B mult_5=HGP mult_6=CK3 mult_7=AQ1 adder_0=0AV adder_2=02E adder_3=02E
sc_cfg1102,-10334.6388,-10318.2729,24.058517,24.091766,0.1382,31.56,47.047,1491,mult_0=GPF mult_2=GPF adder_1=0AV adder_3=0DL adder_5=0MH adder_7=0EM
sc_cfg1103,-8005.4859,-7997.7281,13.459038,13.451568,0.0555,22.02,26.871,1220,mult_0=AQ1 mult_5=HGY mult_7=8VH adder_1=0M0
sc_cfg1104,-9072.0743,-9025.2568,18.268744,18.199819,0.3773,32.81,87.149,2656,mult_0=DAE mult_2=CK3 mult_3=CK3 mult_6=F6B mult_7=AQ1 adder_0=0DL adder_1=0M0 adder_2=02E adder_3=073 adder_5=0GK adder_6=0DL
sc_cfg1105,-6636.6099,-6653.5158,11.756069,11.784458,0.2415,23.74,40.996,1727,mult_4=HGY mult_5=5FA mult_6=AQ1 adder_0=0DL adder_4=0AV
sc_cfg1106,-16224.6494,-16068.1064,27.765541,27.501141,0.9523,31.05,50.091,1613,mult_3=HGP mult_5=HGP mult_7=AQ1 adder_0=0DL adder_1=0MH adder_4=0GK adder_5=02E adder_7=0DL
sc_cfg1107,-11661.8468,-11673.9403,19.299820,19.316095,0.0843,30.93,74.494,2409,mult_2=HGP mult_3=AQ1 mult_4=CK3 mult_6=DAE mult_7=F6B adder_2=0EM adder_4=0EM adder_5=0DL adder_6=0M0 adder_7=073
sc_cfg1108,-0.9970,-0.9997,0.004454,0.004465,0.2641,21.95,9.937,453,adder_0=0EM
sc_cfg1109,-5647.1323,-5627.9210,19.689460,19.700926,0.0582,26.13,44.904,1718,mult_3=DAE mult_6=AQ1 mult_7=F6B adder_0=0M0 adder_2=0EM adder_5=0MH
sc_cfg1110,-3538.7063,-3501.6540,11.011702,10.994561,0.1557,23.83,19.435,816,mult_6=HGP adder_1=0Q7 adder_2=02E
sc_cfg1111,-11155.7810,-11164.0841,19.455899,19.478828,0.1179,30.34,73.125,2410,mult_0=GPF mult_4=AQ1 mult_6=AQ1 mult_7=CK3 mult_8=HGP adder_2=0MH adder_3=0AV adder_4=0EM adder_6=0Q7 adder_7=0DL
sc_cfg1112,-5676.7772,-8408.9627,21.434474,18.940077,11.6373,36.74,83.067,2261,mult_0=DAE mult_1=HGY mult_2=DAE mult_3=HGY mult_6=8VH mult_8=DAE adder_1=0Q7 adder_2=073 adder_3=0EM adder_4=0EM adder_5=0GK adder_6=0GK adder_7=0MH
sc_cfg1113,-6116.8402,-6074.9116,14.023465,13.980768,0.3045,26.27,44.948,1711,mult_3=DAE mult_5=8VH mult_7=DAE adder_2=0AV adder_4=073 adder_5=02E
sc_cfg1114,-15537.6778,-15535.6860,25.213484,25.216022,0.0101,29.95,89.731,2996,mult_0=5FA mult_2=DAE mult_3=5FA mult_4=8VH mult_5=HGY mult_7=HGY mult_8=8VH adder_2=0AV adder_4=0M0 adder_5=0GK adder_6=0AV adder_7=0DL
sc_cfg1115,-4003.6999,-4000.2456,7.121901,7.122145,0.0034,24.12,21.601,896,mult_2=HGP adder_1=0M0 adder_5=0AV
sc_cfg1116,-8128.0673,-9387.7409,16.990601,18.824818,10.7955,33.13,80.024,2415,mult_0=F6B mult_2=8VH mult_3=8VH mult_5=DAE mult_7=AQ1 mult_8=F6B adder_0=0MH adder_1=0MH adder_3=073 adder_4=0GK adder_5=073 adder_6=02E
sc_cfg1117,-7311.3708,-7322.4224,12.563083,12.575923,0.1022,32.42,72.949,2250,mult_1=AQ1 mult_2=5FA mult_3=CK3 mult_8=HGP adder_0=0DL adder_1=0DL adder_2=073 adder_3=0GK adder_4=0AV adder_5=0AV
sc_cfg1118,-3056.4831,-3061.5675,5.123651,5.129726,0.1186,19.01,16.256,855,mult_1=HGY mult_8=GPF
sc_cfg1119,-2086.9563,-2078.0489,3.749381,3.738546,0.2890,21.38,21.578,1009,mult_5=DAE mult_7=HGY adder_1=073
sc_cfg1120,1.4250,1.4049,0.015521,0.015528,0.0501,23.85,23.561,988,mult_3=AQ1 adder_2=0Q7 adder_4=0EM
sc_cfg1121,-14446.2455,-14520.5164,25.005288,25.368258,1.4516,32.64,109.916,3368,mult_0=5FA mult_1=5FA mult_2=DAE mult_3=AQ1 mult_4=HGP mult_5=CK3 mult_7=CK3 adder_0=0M0 adder_1=0M0 adder_3=02E adder_5=0GK adder_6=0Q7 adder_7=02E
sc_cfg1122,-6130.2191,-6117.6842,14.044147,14.042380,0.0126,28.40,31.570,1111,mult_0=AQ1 adder_0=0DL adder_1=0MH adder_3=0MH adder_4=0AV
sc_cfg1123,-9304.8161,-9334.3538,17.073255,17.114364,0.2408,25.89,61.213,2364,mult_1=F6B mult_4=GPF mult_5=DAE mult_8=5FA adder_3=0MH adder_5=0Q7 adder_6=073
sc_cfg1124,-6736.4584,-7196.9910,13.737042,14.271182,3.8883,32.47,93.181,2870,mult_1=HGY mult_2=GPF mult_3=AQ1 mult_4=DAE mult_6=DAE mult_7=5FA mult_8=8VH adder_0=0MH adder_1=02E adder_3=0DL adder_4=073 adder_5=0M0 adder_7=0GK
sc_cfg1125,-11458.4986,-11453.7764,18.974437,18.971476,0.0156,27.84,73.114,2627,mult_0=GPF mult_1=5FA mult_4=F6B mult_5=8VH mult_6=8VH adder_0=0M0 adder_2=0AV adder_3=0DL adder_5=0M0
sc_cfg1126,-1921.5477,-1918.0809,9.304251,9.305965,0.0184,28.94,34.387,1188,mult_1=GPF adder_0=0M0 adder_4=0GK adder_5=02E adder_6=0M0
sc_cfg1127,-8043.8379,-8057.7148,14.996370,15.006443,0.0672,35.50,99.091,2791,mult_0=8VH mult_3=5FA mult_4=AQ1 mult_5=AQ1 mult_7=8VH adder_1=0GK adder_2=0EM adder_3=0DL adder_4=0MH adder_5=0M0 adder_6=0EM adder_7=0DL
sc_cfg1128,-12449.5732,-12448.5903,21.490328,21.485489,0.0225,33.38,69.727,2089,mult_0=HGY mult_1=DAE mult_2=AQ1 mult_4=HGP mult_5=AQ1 adder_0=0M0 adder_2=0GK adder_4=0MH adder_5=0DL adder_6=0EM adder_7=0M0
sc_cfg1129,-7684.9701,-7714.2743,18.112110,18.135862,0.1311,32.40,88.224,2723,mult_1=HGP mult_2=F6B mult_3=CK3 mult_4=DAE mult_5=F6B mult_7=8VH mult_8=AQ1 adder_0=073 adder_1=0AV adder_2=0DL adder_3=02E adder_4=02E adder_5=0M0
sc_cfg1130,-1905.5650,-1932.0017,9.421050,9.442291,0.2255,24.30,40.512,1667,mult_1=AQ1 mult_7=GPF mult_8=AQ1 adder_4=02E adder_7=0GK
sc_cfg1131,-7074.9502,-7077.3512,14.382291,14.380447,0.0128,34.57,113.444,3281,mult_0=AQ1 mult_2=8VH mult_3=5FA mult_4=DAE mult_5=AQ1 mult_6=5FA mult_7=HGY mult_8=8VH adder_1=0AV adder_2=0Q7 adder_3=0AV adder_4=0M0 adder_5=02E adder_6=0Q7 adder_7=073
sc_cfg1132,-23919.6109,-23914.6281,37.899007,37.893734,0.0139,34.98,97.687,2793,mult_1=HGP mult_2=HGY mult_3=GPF mult_4=F6B mult_5=CK3 mult_6=CK3 mult_7=5FA adder_1=0Q7 adder_2=0GK adder_3=0EM adder_4=0MH adder_5=0Q7 adder_6=0Q7 adder_7=0AV
sc_cfg1133,-6904.1114,-6994.9268,19.096069,18.576093,2.7230,37.31,102.987,2761,mult_0=HGY mult_1=HGP mult_2=F6B mult_4=GPF mult_5=F6B mult_6=F6B mult_7=HGP mult_8=CK3 adder_0=0M0 adder_1=0GK adder_2=0EM adder_3=02E adder_4=0DL adder_5=0M0 adder_6=073 adder_7=02E
sc_cfg1134,-21415.3937,-21355.3914,34.813548,34.705044,0.3117,34.95,113.248,3240,mult_0=5FA mult_1=DAE mult_3=8VH mult_4=DAE mult_5=8VH mult_6=5FA mult_7=CK3 mult_8=F6B adder_0=0DL adder_1=0M0 adder_3=0DL adder_4=0M0 adder_5=0MH adder_6=0DL adder_7=0Q7
sc_cfg1135,-4077.0832,-4080.8634,7.218386,7.225692,0.1012,19.24,9.975,518,mult_6=8VH
sc_cfg1136,-2812.9455,-2796.7559,8.246860,8.238618,0.0999,33.11,57.815,1746,mult_0=DAE mult_2=HGY mult_5=DAE adder_0=0MH adder_1=0M0 adder_2=073 adder_4=0Q7 adder_6=0DL adder_7=0M0
sc_cfg1137,-9120.3080,-9125.8872,15.195426,15.201727,0.0415,20.94,39.439,1883,mult_1=F6B mult_3=HGP mult_7=CK3 mult_8=AQ1 adder_3=073
sc_cfg1138,-6000.6653,-6024.0635,11.115109,11.134659,0.1759,30.61,68.807,2248,mult_0=CK3 mult_1=DAE mult_2=F6B mult_4=AQ1 mult_6=HGY adder_1=073 adder_3=0EM adder_4=0Q7 adder_5=0GK adder_7=0GK
sc_cfg1139,-5899.4273,-5897.9172,13.366039,13.377135,0.0830,31.35,42.246,1347,mult_2=DAE mult_3=HGY adder_0=0DL adder_2=0M0 adder_4=073 adder_5=02E adder_6=073
sc_cfg1140,-293.4255,-298.9748,2.138429,2.145073,0.3107,21.72,8.688,400,adder_3=0GK
sc_cfg1141,-892.6481,-893.7607,1.580447,1.581703,0.0795,19.27,12.444,646,mult_8=HGP
sc_cfg1142,-21534.1015,-21538.3538,35.492417,35.500907,0.0239,32.86,94.578,2878,mult_0=5FA mult_1=DAE mult_2=HGP mult_5=HGP mult_6=DAE mult_8=HGP adder_0=0Q7 adder_1=0DL adder_4=0MH adder_5=0MH adder_6=0DL adder_7=0EM
sc_cfg1143,-15001.0208,-14205.3878,25.228619,24.544157,2.7130,36.69,116.811,3184,mult_0=CK3 mult_1=GPF mult_2=HGP mult_3=5FA mult_4=F6B mult_5=F6B mult_6=HGY mult_7=AQ1 mult_8=AQ1 adder_0=0Q7 adder_1=0DL adder_2=0M0 adder_3=02E adder_4=0DL adder_5=073 adder_6=02E adder_7=0DL
sc_cfg1144,-12434.7526,-12398.0879,20.651552,20.595800,0.2700,34.73,94.412,2719,mult_0=GPF mult_1=HGP mult_2=CK3 mult_3=8VH mult_4=5FA mult_6=F6B adder_0=02E adder_2=0DL adder_3=0EM adder_4=073 adder_5=0AV adder_6=0M0 adder_7=0M0
sc_cfg1145,-14914.0560,-13032.0427,25.323280,28.117454,11.0340,29.18,28.633,981,mult_3=HGY adder_0=0DL adder_1=073 adder_5=0GK adder_6=0MH
sc_cfg1146,-9089.9416,-9081.4269,15.115606,15.101222,0.0952,21.83,32.423,1485,mult_0=8VH mult_1=F6B mult_3=HGP adder_7=0GK
sc_cfg1147,-314.8856,-311.1191,2.237331,2.235345,0.0888,27.22,37.439,1375,mult_5=5FA adder_0=0DL adder_4=0AV adder_6=0GK
sc_cfg1148,-4185.7399,-4182.4724,11.155660,11.154194,0.0131,22.01,14.043,638,mult_2=HGY adder_5=02E
sc_cfg1149,-10719.2110,-10273.4613,19.503199,18.936980,2.9032,31.95,113.054,3538,mult_0=F6B mult_1=GPF mult_2=5FA mult_4=AQ1 mult_5=GPF mult_6=CK3 mult_7=DAE mult_8=HGY adder_0=073 adder_1=0AV adder_2=0AV adder_4=0GK adder_5=0M0 adder_7=02E
sc_cfg1150,-4059.8957,-4063.6518,7.195746,7.203030,0.1012,21.65,16.051,741,mult_6=HGP adder_2=073
sc_cfg1151,-2426.2931,-2424.5423,4.717463,4.713742,0.0789,26.51,43.627,1646,mult_2=5FA mult_7=HGP adder_1=0GK adder_4=0AV adder_5=073
sc_cfg1152,1.9997,2.0007,0.004596,0.004600,0.0888,21.85,10.218,468,adder_1=0EM
sc_cfg1153,-726.4472,-706.9279,8.637483,8.568532,0.7983,23.84,36.297,1523,mult_0=HGP mult_7=F6B mult_8=8VH adder_1=0GK adder_7=02E
sc_cfg1154,-14975.2631,-14937.8221,26.387856,26.336318,0.1953,31.22,43.850,1404,mult_5=5FA mult_6=HGY adder_1=0MH adder_2=02E adder_3=02E adder_4=0MH adder_5=02E
sc_cfg1155,-8067.5354,-8062.4127,13.553432,13.547481,0.0439,21.42,48.187,2250,mult_1=5FA mult_3=HGP mult_6=5FA mult_7=HGY adder_7=0DL
sc_cfg1156,-7286.7067,-7297.1314,12.403442,12.417417,0.1127,28.06,66.517,2371,mult_0=GPF mult_1=DAE mult_3=HGY mult_5=DAE adder_1=0GK adder_2=0Q7 adder_3=0Q7 adder_6=0EM
sc_cfg1157,-17449.3916,-17102.8989,33.135891,32.714990,1.2702,36.20,66.829,1846,mult_2=5FA mult_3=DAE adder_0=0M0 adder_1=0MH adder_3=0GK adder_4=0M0 adder_5=0MH adder_6=0MH adder_7=073
sc_cfg1158,-9046.9660,-9064.1540,15.336119,15.362047,0.1691,26.64,49.770,1868,mult_2=5FA mult_4=CK3 mult_7=8VH adder_1=0GK adder_4=0Q7 adder_6=073
sc_cfg1159,-5865.4899,-5870.0276,10.383323,10.388976,0.0544,19.24,7.891,410,mult_3=HGY
sc_cfg1160,-9587.7174,-9519.1475,16.335380,16.242249,0.5701,30.77,67.786,2203,mult_2=AQ1 mult_3=HGY mult_4=F6B mult_5=AQ1 mult_7=F6B adder_2=0DL adder_3=0M0 adder_4=0GK adder_6=0GK adder_7=0GK
sc_cfg1161,-8616.5713,-8623.0525,14.961954,14.965322,0.0225,21.59,17.427,807,mult_3=GPF adder_3=02E
sc_cfg1162,-5507.9305,-5793.2317,25.107113,24.933944,0.6897,30.99,72.139,2328,mult_1=GPF mult_2=F6B mult_3=5FA mult_4=GPF mult_8=HGY adder_2=073 adder_4=02E adder_5=0MH adder_6=0MH adder_7=0DL
sc_cfg1163,-1759.5290,-1759.0625,2.919139,2.918636,0.0172,23.98,29.926,1248,mult_0=HGP mult_8=F6B adder_3=073 adder_6=0AV
sc_cfg1164,-6758.1380,-6763.7883,11.614488,11.621318,0.0588,19.22,21.316,1109,mult_3=GPF mult_8=F6B
sc_cfg1165,-7518.6741,-7490.4804,21.260790,21.269302,0.0400,23.97,40.470,1688,mult_0=5FA mult_1=CK3 adder_2=0Q7 adder_5=0MH
sc_cfg1166,-10882.9081,-10961.8451,17.951029,18.057334,0.5922,30.86,78.752,2552,mult_0=5FA mult_5=8VH mult_6=GPF mult_8=F6B adder_2=0Q7 adder_3=0GK adder_5=0DL adder_6=0DL adder_7=0Q7
sc_cfg1167,3913.9934,3932.3072,13.591332,13.612482,0.1556,24.04,33.556,1396,mult_2=DAE mult_3=AQ1 adder_0=0Q7 adder_7=0MH
sc_cfg1168,-5866.7508,-5867.3287,10.384636,10.387642,0.0289,19.33,11.588,600,mult_5=CK3
sc_cfg1169,-10287.8110,-10279.2619,16.677594,16.672087,0.0330,27.60,91.741,3325,mult_0=AQ1 mult_1=5FA mult_2=HGP mult_5=5FA mult_6=CK3 mult_7=8VH adder_1=073 adder_3=0EM adder_5=0EM adder_7=0EM
sc_cfg1170,-4077.0832,-4080.8634,7.218386,7.225692,0.1012,19.37,14.319,739,mult_6=8VH
sc_cfg1171,-14600.7189,-14645.8086,23.872997,23.934898,0.2593,23.40,58.565,2503,mult_0=DAE mult_1=HGP mult_3=F6B mult_4=HGY mult_6=GPF adder_3=0EM adder_6=0GK
sc_cfg1172,-26113.4660,-22800.2279,41.815412,42.088055,0.6520,32.27,85.611,2653,mult_0=8VH mult_1=HGY mult_2=5FA mult_4=8VH mult_6=AQ1 mult_8=CK3 adder_0=0MH adder_1=0MH adder_3=02E adder_5=0EM adder_6=0MH adder_7=0EM
sc_cfg1173,-25807.5472,-23119.0149,41.410021,41.538673,0.3107,36.68,104.287,2843,mult_0=8VH mult_1=HGP mult_2=AQ1 mult_3=HGP mult_4=5FA mult_5=8VH mult_6=8VH mult_7=HGP mult_8=HGY adder_0=0DL adder_1=073 adder_2=0DL adder_3=0MH adder_4=0DL adder_5=02E adder_6=0MH adder_7=0Q7
sc_cfg1174,-12327.1734,-12321.0498,20.010973,20.005459,0.0276,24.17,33.296,1377,mult_2=GPF mult_3=HGY mult_7=HGY adder_4=0DL adder_7=0AV
sc_cfg1175,-18422.1277,-18413.5564,30.968226,30.960669,0.0244,34.76,81.860,2355,mult_0=DAE mult_2=CK3 mult_3=GPF mult_4=HGY mult_8=HGP adder_0=0Q7 adder_1=0AV adder_2=0EM adder_3=0M0 adder_5=02E adder_6=0M0 adder_7=0DL
sc_cfg1176,-18468.7056,-18476.7412,29.544227,29.555354,0.0377,30.13,87.936,2918,mult_0=AQ1 mult_1=HGP mult_2=8VH mult_3=CK3 mult_5=GPF mult_6=AQ1 mult_8=DAE adder_0=0EM adder_2=073 adder_4=0GK adder_5=0DL adder_7=073
sc_cfg1177,-8764.6488,-8445.1510,22.799157,23.047935,1.0912,33.68,64.614,1918,mult_0=CK3 mult_6=5FA adder_0=0DL adder_2=0M0 adder_3=0EM adder_4=0DL adder_6=0MH adder_7=0GK
sc_cfg1178,-18669.3650,-18468.6660,30.807683,30.533305,0.8906,36.95,130.508,3532,mult_0=5FA mult_1=5FA mult_2=5FA mult_4=HGY mult_5=5FA mult_6=HGP mult_7=AQ1 mult_8=8VH adder_0=02E adder_1=02E adder_2=0Q7 adder_3=0EM adder_4=02E adder_5=0GK adder_6=0AV adder_7=0GK
sc_cfg1179,-5214.5931,-5227.5477,9.041832,9.062871,0.2327,26.38,39.889,1512,mult_1=F6B mult_6=8VH adder_3=0EM adder_6=0AV adder_7=0EM
sc_cfg1180,-17889.6404,-18272.7347,30.851811,30.970172,0.3836,36.71,113.854,3102,mult_1=GPF mult_2=8VH mult_3=DAE mult_4=8VH mult_5=CK3 mult_6=DAE mult_7=8VH mult_8=AQ1 adder_0=073 adder_1=0DL adder_2=0GK adder_3=0EM adder_4=0AV adder_5=0MH adder_6=02E adder_7=0Q7
sc_cfg1181,-7740.2172,-7763.2797,13.439477,13.473770,0.2552,26.00,47.299,1819,mult_0=HGP mult_4=CK3 mult_6=5FA adder_0=073 adder_1=0GK adder_7=0AV
sc_cfg1182,-5585.6494,-5586.8277,11.757258,11.693305,0.5439,34.29,54.240,1582,mult_1=8VH mult_6=AQ1 mult_8=HGY adder_1=0Q7 adder_2=0GK adder_3=0MH adder_4=0GK adder_6=0AV adder_7=0GK
sc_cfg1183,-8003.3703,-8012.9794,13.459883,13.469816,0.0738,29.12,44.982,1545,mult_1=GPF mult_3=HGP adder_0=0AV adder_3=0Q7 adder_4=073 adder_6=0EM
sc_cfg1184,1347.8299,1374.1921,8.374470,8.353066,0.2556,34.70,83.147,2396,mult_0=F6B mult_4=DAE mult_7=AQ1 mult_8=5FA adder_0=0GK adder_1=0Q7 adder_2=0Q7 adder_3=073 adder_4=0Q7 adder_5=0M0 adder_7=02E
sc_cfg1185,-15157.7219,-11116.0596,32.426331,24.159184,25.4952,30.51,75.955,2489,mult_1=F6B mult_3=8VH mult_5=HGY mult_6=GPF mult_7=5FA adder_1=0AV adder_2=02E adder_3=0M0 adder_5=0AV adder_7=0MH
sc_cfg1186,-7586.1919,-7581.8735,13.207731,13.205206,0.0191,35.41,92.705,2618,mult_0=GPF mult_2=HGY mult_4=5FA mult_5=AQ1 mult_8=5FA adder_0=0GK adder_2=0DL adder_3=02E adder_4=0AV adder_5=0AV adder_6=073 adder_7=073
sc_cfg1187,-11332.5283,-11322.5065,18.220171,18.211845,0.0457,23.64,59.758,2528,mult_0=F6B mult_2=HGP mult_6=HGP mult_7=CK3 mult_8=5FA adder_6=0AV adder_7=0DL
sc_cfg1188,1478.9054,1488.4284,6.456638,6.465797,0.1418,23.63,44.063,1865,mult_3=AQ1 mult_7=AQ1 mult_8=5FA adder_0=0MH adder_1=0EM
sc_cfg1189,-9152.3232,-9147.8486,14.772185,14.767055,0.0347,30.05,109.873,3657,mult_1=CK3 mult_2=8VH mult_3=5FA mult_4=DAE mult_6=5FA mult_7=HGP mult_8=HGP adder_1=0M0 adder_2=0DL adder_3=0M0 adder_4=0DL adder_6=0EM
sc_cfg1190,-3874.7800,-3772.5205,11.247508,11.050615,1.7506,24.23,38.283,1580,mult_5=GPF mult_6=DAE adder_5=073 adder_7=02E
sc_cfg1191,-8636.3361,-8599.9309,15.673979,15.635317,0.2467,28.33,65.650,2317,mult_0=HGP mult_1=5FA mult_7=CK3 mult_8=F6B adder_1=0MH adder_5=0GK adder_6=0M0 adder_7=0GK
sc_cfg1192,-1253.1584,-1254.1479,4.120043,4.121155,0.0270,19.25,12.225,635,mult_3=F6B
sc_cfg1193,-12802.0886,-12827.3861,20.888970,20.924656,0.1708,23.26,50.072,2153,mult_1=HGP mult_3=DAE mult_4=GPF mult_6=CK3 adder_6=0AV adder_7=0Q7
sc_cfg1194,-9690.8509,-9677.0473,17.000945,16.984464,0.0969,26.21,34.145,1303,mult_2=8VH mult_7=8VH adder_0=0M0 adder_1=0EM adder_4=0MH
sc_cfg1195,-5185.4247,-5191.3791,9.022914,9.026149,0.0359,25.72,62.701,2438,mult_0=HGY mult_1=GPF mult_5=F6B mult_8=GPF adder_1=0Q7 adder_2=0EM adder_5=0M0
sc_cfg1196,-15439.6730,-15591.5947,29.356417,29.582763,0.7710,26.13,62.591,2395,mult_0=DAE mult_2=CK3 mult_6=5FA mult_7=8VH adder_3=02E adder_5=0MH adder_6=0GK
sc_cfg1197,-11561.9722,-11546.7988,20.027233,20.006071,0.1057,31.19,66.242,2124,mult_1=CK3 mult_4=5FA mult_5=HGP mult_8=AQ1 adder_0=0EM adder_2=0DL adder_4=0MH adder_5=0DL adder_6=0AV
sc_cfg1198,0.9957,0.9996,0.005628,0.005636,0.1353,24.32,16.323,671,adder_3=0EM adder_4=0EM
sc_cfg1199,-995.6748,-988.3486,3.648722,3.639487,0.2531,21.00,54.263,2584,mult_0=AQ1 mult_1=5FA mult_4=F6B mult_5=5FA adder_3=0Q7
sc_cfg1200,0.0000,0.0000,0.000000,0.000000,0.0000,21.75,10.686,491,adder_2=0AV
sc_cfg1201,-6147.6830,-6134.2591,10.388721,10.363993,0.2380,18.38,62.103,3380,mult_0=F6B mult_1=GPF mult_3=DAE mult_4=F6B mult_6=5FA mult_7=CK3
sc_cfg1202,128.2934,136.6238,6.058188,6.062168,0.0657,31.05,101.982,3284,mult_0=GPF mult_2=5FA mult_4=5FA mult_6=AQ1 mult_7=DAE mult_8=F6B adder_0=0MH adder_2=0M0 adder_3=073 adder_5=0AV adder_6=073
sc_cfg1203,-8329.0403,-8357.0246,15.176256,15.211640,0.2332,28.09,65.458,2330,mult_0=8VH mult_2=F6B mult_3=F6B mult_4=HGY mult_7=DAE adder_1=0DL adder_2=0EM adder_4=0EM adder_5=0Q7
sc_cfg1204,-12599.9722,-12598.7359,20.866430,20.865713,0.0034,21.34,33.229,1557,mult_2=GPF mult_5=HGP mult_7=DAE adder_3=02E
sc_cfg1205,-23724.6435,-18529.9730,37.999493,36.135746,4.9047,36.48,101.441,2781,mult_0=AQ1 mult_1=F6B mult_2=AQ1 mult_3=CK3 mult_4=HGP mult_5=HGY mult_6=HGY mult_7=HGY mult_8=DAE adder_0=02E adder_1=0AV adder_2=0M0 adder_3=073 adder_4=02E adder_5=0GK adder_6=0MH adder_7=0M0
sc_cfg1206,-6936.6223,-6915.5537,21.071019,21.044283,0.1269,30.67,55.436,1807,mult_0=GPF mult_4=F6B mult_7=HGP adder_1=0EM adder_2=0GK adder_3=0DL adder_5=0MH adder_6=0M0
sc_cfg1207,-818.6712,-817.4753,1.488860,1.487762,0.0737,23.25,62.614,2693,mult_0=8VH mult_5=5FA mult_6=AQ1 mult_8=5FA adder_0=0M0 adder_6=0EM
sc_cfg1208,-14302.2850,-14321.5825,23.760106,23.783599,0.0989,25.93,66.052,2547,mult_0=HGP mult_1=GPF mult_2=HGY mult_4=GPF mult_5=F6B mult_6=F6B adder_1=0Q7 adder_3=0DL adder_4=0Q7
sc_cfg1209,-12153.3978,-14137.2069,31.221920,32.246110,3.2804,37.51,82.420,2197,mult_0=CK3 mult_1=AQ1 mult_2=F6B mult_6=HGY mult_7=HGP mult_8=CK3 adder_0=0GK adder_1=0GK adder_2=0MH adder_3=02E adder_4=0Q7 adder_5=02E adder_6=0MH adder_7=073
sc_cfg1210,-9258.5806,-9298.9842,16.127566,16.181744,0.3359,25.58,77.099,3014,mult_0=AQ1 mult_2=F6B mult_3=8VH mult_5=DAE mult_6=8VH mult_7=5FA adder_0=073 adder_2=073 adder_6=073
sc_cfg1211,-11266.7794,-11228.0268,25.308287,25.291449,0.0665,24.28,48.226,1986,mult_3=HGP mult_6=5FA mult_7=AQ1 adder_2=0DL adder_5=0MH
sc_cfg1212,960.2630,949.9808,8.301325,8.282578,0.2258,29.14,40.367,1385,mult_7=F6B adder_0=073 adder_1=073 adder_4=0Q7 adder_7=02E
sc_cfg1213,-889.3951,-887.8266,1.576041,1.574172,0.1186,21.62,21.203,981,mult_0=CK3 adder_1=0Q7
sc_cfg1214,-19682.0973,-19723.5111,31.649265,31.709122,0.1891,32.54,97.839,3007,mult_0=HGP mult_1=8VH mult_2=F6B mult_3=CK3 mult_4=CK3 mult_6=HGP mult_8=DAE adder_0=02E adder_1=0GK adder_3=073 adder_5=073 adder_6=073 adder_7=0Q7
sc_cfg1215,-4210.6391,-4173.5675,12.321752,12.284690,0.3008,31.05,52.013,1675,mult_1=F6B mult_6=F6B mult_7=HGY adder_1=02E adder_2=0DL adder_3=0AV adder_4=0Q7 adder_5=0Q7
sc_cfg1216,-9845.1912,-9612.6502,28.068146,25.938018,7.5891,34.85,87.657,2515,mult_0=GPF mult_2=8VH mult_3=AQ1 mult_5=HGP mult_6=AQ1 mult_7=8VH mult_8=8VH adder_0=0GK adder_1=0MH adder_2=02E adder_3=0GK adder_4=02E adder_6=0EM adder_7=0MH
sc_cfg1217,-1635.1646,-1586.0684,9.431819,9.412232,0.2077,21.80,14.553,667,mult_7=8VH adder_2=02E
sc_cfg1218,-209.8826,-210.4307,0.414782,0.415605,0.1984,26.27,35.425,1349,mult_0=DAE adder_1=0Q7 adder_2=0Q7 adder_4=0Q7
sc_cfg1219,-18616.9889,-16564.1218,36.177703,32.857827,9.1766,33.07,103.421,3127,mult_0=CK3 mult_1=CK3 mult_3=8VH mult_4=8VH mult_6=HGY mult_7=F6B mult_8=5FA adder_0=073 adder_2=0EM adder_4=0AV adder_5=02E adder_6=0M0 adder_7=0MH
sc_cfg1220,-22049.8542,-22075.0134,35.750890,35.783412,0.0910,27.76,74.857,2697,mult_0=5FA mult_1=HGP mult_3=8VH mult_4=CK3 mult_5=DAE mult_7=8VH adder_1=0DL adder_2=0MH adder_5=0MH adder_7=0M0
sc_cfg1221,-891.8994,-893.0138,1.579453,1.580714,0.0798,19.48,18.413,945,mult_5=AQ1 mult_8=8VH
sc_cfg1222,-17472.0460,-17479.1044,28.015256,28.028602,0.0476,34.71,106.528,3069,mult_0=5FA mult_1=8VH mult_2=HGY mult_4=F6B mult_5=HGY mult_6=CK3 mult_7=AQ1 mult_8=AQ1 adder_0=0EM adder_2=0DL adder_3=0Q7 adder_4=0EM adder_5=0GK adder_6=0EM adder_7=0AV
sc_cfg1223,-5802.0408,-5806.2022,10.305508,10.310847,0.0518,21.80,32.681,1499,mult_2=AQ1 mult_3=8VH mult_5=DAE adder_7=073
sc_cfg1224,-7343.0371,-7331.6216,13.231006,13.212270,0.1416,30.69,63.464,2068,mult_0=HGP mult_1=5FA mult_2=F6B mult_5=HGP adder_0=0Q7 adder_1=073 adder_3=0M0 adder_6=0DL adder_7=0GK
sc_cfg1225,-25832.4576,-22286.1897,41.307229,39.665130,3.9753,32.44,94.955,2927,mult_0=CK3 mult_1=DAE mult_2=HGY mult_3=DAE mult_5=HGY mult_6=CK3 mult_7=DAE mult_8=AQ1 adder_0=0Q7 adder_2=0EM adder_3=0M0 adder_4=0M0 adder_6=0MH adder_7=0AV
sc_cfg1226,538.1678,538.1415,4.403390,4.397860,0.1256,25.93,29.917,1154,mult_6=F6B adder_0=0EM adder_1=0AV adder_2=073
sc_cfg1227,-2575.3434,-2575.0560,5.126267,5.125155,0.0217,30.36,52.963,1745,mult_0=HGP mult_7=F6B adder_0=0AV adder_1=0GK adder_2=0DL adder_3=0Q7 adder_4=0DL
sc_cfg1228,-7284.5157,-7285.6429,11.923267,11.925124,0.0156,24.03,48.728,2028,mult_1=8VH mult_2=HGY mult_3=DAE mult_8=GPF adder_4=0Q7 adder_7=0DL
sc_cfg1229,-28541.0934,-18928.4802,46.474036,33.286124,28.3769,35.65,86.463,2425,mult_0=HGP mult_2=HGY mult_4=DAE mult_5=F6B mult_6=HGY mult_8=F6B adder_0=0DL adder_1=0GK adder_2=0MH adder_4=0MH adder_5=073 adder_6=0Q7 adder_7=0MH
sc_cfg1230,20.0409,20.0290,0.066051,0.066059,0.0121,22.32,22.989,1030,mult_8=5FA adder_6=073
sc_cfg1231,-6663.5607,-6680.7828,11.793690,11.819334,0.2174,28.93,33.286,1150,mult_4=CK3 adder_1=073 adder_3=0EM adder_5=0DL adder_6=0Q7
sc_cfg1232,-8844.4950,-8841.2558,14.666194,14.661912,0.0292,22.85,56.740,2483,mult_3=HGY mult_5=DAE mult_6=5FA mult_7=HGP mult_8=CK3 adder_0=0AV adder_1=0EM
sc_cfg1233,-5770.7446,-5772.5074,13.639405,13.644565,0.0378,26.57,37.999,1430,mult_3=HGY mult_8=5FA adder_0=02E adder_2=073 adder_5=02E
sc_cfg1234,-17586.6647,-17846.5882,30.383226,30.406472,0.0765,30.31,68.280,2252,mult_0=F6B mult_1=DAE mult_2=8VH mult_4=HGP mult_6=CK3 adder_0=02E adder_2=0MH adder_3=0AV adder_5=0MH adder_6=02E
sc_cfg1235,-3940.7213,-3943.6064,8.500948,8.497763,0.0375,24.14,38.213,1583,mult_2=5FA mult_3=F6B adder_3=02E adder_5=073
sc_cfg1236,-2851.6547,-2850.5347,5.167672,5.155353,0.2384,25.90,31.586,1220,mult_0=CK3 mult_1=HGY adder_2=0Q7 adder_3=0EM adder_4=0GK
sc_cfg1237,-878.9121,-861.7361,9.735551,9.562501,1.7775,28.69,75.729,2639,mult_1=AQ1 mult_3=F6B mult_6=F6B mult_7=DAE mult_8=5FA adder_3=0Q7 adder_4=0AV adder_6=0GK adder_7=02E
sc_cfg1238,-6230.0852,-6238.6158,10.396362,10.409974,0.1309,23.61,32.095,1359,mult_1=GPF mult_6=CK3 adder_2=0DL adder_3=073
sc_cfg1239,-0.0114,0.0483,0.015467,0.015491,0.1542,24.28,17.580,724,adder_4=0EM adder_5=0Q7
sc_cfg1240,-4529.7045,-4526.0165,7.457040,7.450730,0.0846,26.06,43.888,1684,mult_1=HGP mult_7=HGP adder_3=0DL adder_4=0AV adder_7=0Q7
sc_cfg1241,-18648.2901,-18640.0236,29.917048,29.903688,0.0447,28.26,61.107,2163,mult_1=CK3 mult_3=CK3 mult_4=8VH mult_6=HGY adder_1=073 adder_2=073 adder_5=0M0 adder_6=0DL
sc_cfg1242,-7632.3583,-7608.2661,13.361288,13.322628,0.2893,27.73,94.268,3399,mult_0=F6B mult_1=AQ1 mult_2=HGP mult_4=AQ1 mult_5=AQ1 mult_6=F6B mult_7=8VH mult_8=F6B adder_1=073 adder_3=073 adder_4=0GK adder_6=0DL
sc_cfg1243,-875.4605,-876.5491,1.558440,1.559564,0.0721,21.66,16.895,780,mult_8=HGP adder_2=073
sc_cfg1244,-6283.7890,-6236.3977,20.237111,20.214454,0.1120,29.05,37.607,1295,mult_0=8VH adder_2=0AV adder_4=0EM adder_5=0MH adder_7=0EM
sc_cfg1245,-8589.3083,-8406.5695,19.911709,19.614058,1.4949,35.60,86.648,2434,mult_1=5FA mult_2=HGY mult_3=F6B mult_4=HGY mult_8=HGP adder_0=0MH adder_1=0Q7 adder_2=02E adder_4=0GK adder_5=0AV adder_6=0EM adder_7=02E
sc_cfg1246,-9944.7318,-9948.9935,16.502287,16.508383,0.0369,18.76,35.532,1894,mult_2=AQ1 mult_3=5FA mult_5=HGY mult_6=8VH
sc_cfg1247,-12582.6623,-12599.2297,22.198331,22.209914,0.0522,30.40,77.074,2536,mult_0=AQ1 mult_2=F6B mult_3=CK3 mult_4=GPF mult_7=HGY adder_0=0MH adder_2=0Q7 adder_4=073 adder_6=0AV adder_7=0AV
sc_cfg1248,-8578.7992,-9365.7414,22.420571,23.860607,6.4228,24.32,42.013,1728,mult_0=CK3 mult_3=F6B mult_7=AQ1 adder_4=0AV adder_6=0MH
sc_cfg1249,-13227.2211,-13236.4249,22.476995,22.499118,0.0984,32.47,107.684,3316,mult_2=DAE mult_3=DAE mult_4=HGP mult_5=GPF mult_6=F6B mult_7=GPF adder_0=0Q7 adder_2=0MH adder_3=0AV adder_4=0Q7 adder_5=0MH adder_6=0AV
sc_cfg1250,-1404.1116,-1365.3926,9.326315,9.324853,0.0157,23.98,19.473,812,adder_0=0M0 adder_1=02E
sc_cfg1251,-7454.8589,-7441.2345,21.316305,21.334972,0.0876,26.46,51.551,1948,mult_1=F6B mult_6=HGY mult_8=AQ1 adder_4=0DL adder_5=0MH adder_7=0AV
sc_cfg1252,-17833.4895,-17844.8021,30.075054,30.093426,0.0611,36.65,138.563,3781,mult_0=DAE mult_1=HGP mult_2=HGP mult_3=F6B mult_4=GPF mult_5=5FA mult_6=8VH mult_7=HGP mult_8=8VH adder_0=0GK adder_1=0EM adder_2=0AV adder_3=073 adder_4=02E adder_5=0EM adder_6=0AV adder_7=0EM
sc_cfg1253,-18311.8601,-17757.8920,32.132165,35.764672,11.3049,28.59,50.620,1771,mult_0=8VH mult_1=F6B mult_3=8VH mult_4=HGP adder_0=073 adder_3=073 adder_6=0MH adder_7=02E
sc_cfg1254,-7143.6900,-7135.1564,21.717343,21.676709,0.1871,24.06,30.170,1254,mult_3=AQ1 mult_5=DAE adder_0=0M0 adder_6=0MH
sc_cfg1255,-8176.3380,-8164.4927,15.065434,15.047911,0.1163,26.52,30.010,1132,mult_1=HGP mult_2=HGP adder_0=0Q7 adder_3=0MH adder_6=0GK
sc_cfg1256,-26402.5085,-31212.7115,42.484800,50.448467,18.7447,34.43,121.989,3544,mult_0=AQ1 mult_1=HGY mult_2=CK3 mult_3=CK3 mult_4=GPF mult_5=AQ1 mult_6=GPF mult_7=5FA mult_8=5FA adder_0=073 adder_1=0Q7 adder_2=0MH adder_3=0M0 adder_4=0MH adder_5=0DL adder_6=0MH
sc_cfg1257,-6957.8767,-6947.3588,14.926932,14.925097,0.0123,30.58,44.103,1442,mult_5=DAE mult_6=F6B adder_0=0DL adder_1=0MH adder_2=0M0 adder_3=0MH adder_5=0DL
sc_cfg1258,-2465.4365,-2462.4928,5.726932,5.716316,0.1854,25.67,45.146,1759,mult_4=DAE mult_5=F6B mult_7=F6B adder_1=0DL adder_2=0Q7 adder_3=0M0
sc_cfg1259,-20776.5008,-20787.0491,33.949727,33.968948,0.0566,34.29,114.310,3334,mult_0=5FA mult_2=DAE mult_3=CK3 mult_4=GPF mult_5=GPF mult_6=F6B mult_7=5FA adder_0=073 adder_1=0DL adder_2=073 adder_3=0EM adder_4=02E adder_5=0AV adder_6=0EM
sc_cfg1260,0.4987,0.5014,0.001082,0.001085,0.2613,19.28,11.333,588,mult_4=AQ1
sc_cfg1261,-7549.2175,-7512.0766,18.130845,18.107061,0.1312,27.92,72.901,2611,mult_2=F6B mult_4=AQ1 mult_5=GPF mult_6=8VH mult_7=AQ1 mult_8=CK3 adder_1=02E adder_4=0DL adder_5=02E adder_7=073
sc_cfg1262,-18956.2690,-18952.0886,31.547645,31.561473,0.0438,25.14,76.211,3031,mult_1=DAE mult_2=HGP mult_3=DAE mult_4=5FA mult_6=GPF mult_7=HGP mult_8=HGP adder_1=0MH adder_2=0MH adder_6=0M0
sc_cfg1263,-15095.0212,-15111.3723,25.542499,25.573569,0.1216,24.84,85.302,3434,mult_0=DAE mult_1=CK3 mult_2=GPF mult_3=F6B mult_4=8VH mult_5=AQ1 mult_7=AQ1 mult_8=DAE adder_0=02E adder_2=0MH adder_4=0Q7
sc_cfg1264,-1166.8251,-1158.2194,3.790459,3.780957,0.2507,21.15,38.401,1816,mult_4=F6B mult_5=DAE mult_8=DAE adder_0=0AV
sc_cfg1265,-5865.9006,-5819.9254,13.514429,13.474853,0.2928,26.14,43.127,1650,mult_4=DAE mult_5=HGY mult_7=8VH adder_1=0AV adder_2=02E adder_7=0Q7
sc_cfg1266,-15474.1319,-11408.6077,34.099654,29.287974,14.1106,28.30,72.981,2579,mult_0=DAE mult_2=CK3 mult_4=AQ1 mult_5=GPF mult_6=F6B adder_0=0Q7 adder_3=0EM adder_5=0MH adder_7=0MH
sc_cfg1267,-2056.3507,-2045.4575,3.714156,3.700336,0.3721,28.79,46.136,1602,mult_5=DAE mult_7=CK3 adder_1=0M0 adder_2=0AV adder_6=0M0 adder_7=0Q7
sc_cfg1268,-5866.2517,-5866.8289,10.383974,10.386981,0.0290,22.08,18.803,852,mult_5=GPF adder_5=0EM
sc_cfg1269,-16453.4803,-13523.5977,29.759337,31.641560,6.3248,32.34,97.256,3007,mult_0=HGY mult_1=GPF mult_2=AQ1 mult_4=F6B mult_5=5FA mult_6=F6B mult_7=CK3 mult_8=8VH adder_0=0MH adder_1=0GK adder_2=0MH adder_5=0GK adder_6=0MH adder_7=0AV
sc_cfg1270,4.7284,4.7801,0.038229,0.038197,0.0836,19.07,25.300,1327,mult_0=5FA mult_8=AQ1
sc_cfg1271,-21776.0460,-21792.7474,34.841278,34.865966,0.0709,34.07,120.578,3539,mult_0=F6B mult_1=DAE mult_2=HGP mult_3=GPF mult_4=HGY mult_5=5FA mult_6=5FA mult_7=CK3 mult_8=AQ1 adder_0=0DL adder_1=0AV adder_2=0AV adder_3=02E adder_4=073 adder_5=0GK adder_6=0Q7
sc_cfg1272,-6158.3000,-6165.1084,11.642768,11.652330,0.0821,23.85,37.897,1589,mult_0=CK3 mult_2=F6B mult_5=8VH adder_1=0M0 adder_6=0DL
sc_cfg1273,-18180.0676,-18167.0540,28.951075,28.936804,0.0493,29.19,82.108,2812,mult_0=CK3 mult_2=CK3 mult_4=5FA mult_5=8VH mult_6=HGY mult_7=HGY mult_8=F6B adder_0=0GK adder_1=0M0 adder_2=0GK adder_3=0EM adder_7=0Q7
sc_cfg1274,-20840.9512,-20826.6575,33.691111,33.676287,0.0440,33.25,96.859,2913,mult_0=GPF mult_1=GPF mult_2=GPF mult_3=AQ1 mult_4=F6B mult_5=AQ1 mult_6=8VH mult_7=HGY adder_2=0MH adder_3=02E adder_4=0DL adder_5=0EM adder_6=0Q7 adder_7=0DL
sc_cfg1275,-849.9532,-848.3069,1.525041,1.523055,0.1302,26.69,43.269,1621,mult_0=F6B mult_6=5FA adder_0=0Q7 adder_4=0AV adder_5=073
sc_cfg1276,-10423.3626,-10434.3716,17.397940,17.415870,0.1031,36.81,118.961,3232,mult_0=F6B mult_2=DAE mult_3=5FA mult_4=CK3 mult_6=5FA mult_7=8VH mult_8=AQ1 adder_0=073 adder_1=0GK adder_2=0Q7 adder_3=0Q7 adder_4=0AV adder_5=0GK adder_6=0EM adder_7=0Q7
sc_cfg1277,-7636.1969,-7436.1215,16.697143,16.283502,2.4773,24.23,37.882,1563,mult_2=8VH mult_6=HGY mult_8=GPF adder_1=0MH adder_7=02E
sc_cfg1278,-13869.8254,-13862.1771,22.936795,22.926826,0.0435,35.60,95.028,2669,mult_1=GPF mult_3=F6B mult_4=GPF mult_8=5FA adder_0=0EM adder_1=0MH adder_3=073 adder_4=0Q7 adder_5=0DL adder_6=073 adder_7=0GK
sc_cfg1279,-5518.7638,-8214.1327,19.598219,24.127146,23.1089,33.16,89.483,2699,mult_1=5FA mult_2=HGP mult_6=DAE mult_7=GPF mult_8=GPF adder_1=0AV adder_2=0DL adder_4=0MH adder_5=02E adder_6=0Q7 adder_7=0MH
sc_cfg1280,-17741.9534,-17761.7971,29.453024,29.482560,0.1003,30.50,68.584,2248,mult_0=5FA mult_2=8VH mult_4=8VH mult_5=HGY mult_7=DAE adder_0=0EM adder_1=0GK adder_2=02E adder_3=0MH adder_6=0EM
sc_cfg1281,-0.9969,-1.0064,0.004457,0.004463,0.1285,22.38,11.071,495,adder_6=0EM
sc_cfg1282,-2163.5933,-2155.2963,3.833557,3.822779,0.2811,21.66,12.233,565,mult_7=HGY adder_0=073
sc_cfg1283,-23028.5112,-23048.6605,37.224662,37.253694,0.0780,30.30,79.592,2627,mult_1=8VH mult_2=CK3 mult_3=F6B mult_5=HGY mult_6=GPF mult_8=8VH adder_1=073 adder_2=0MH adder_3=0AV adder_4=0M0 adder_5=0MH
sc_cfg1284,-12525.9332,-12510.6324,20.508972,20.488691,0.0989,23.66,42.752,1807,mult_0=DAE mult_2=8VH mult_5=HGP mult_7=HGY adder_0=02E adder_4=0DL
sc_cfg1285,-2323.3608,-2329.0681,9.481310,9.484959,0.0385,29.96,111.217,3712,mult_1=5FA mult_2=AQ1 mult_4=DAE mult_5=5FA mult_6=GPF mult_8=5FA adder_0=0DL adder_1=0DL adder_2=0AV adder_5=02E adder_7=0Q7
sc_cfg1286,-6797.8416,-8972.0983,23.060863,19.952937,13.4771,26.31,51.151,1944,mult_3=CK3 mult_5=GPF mult_7=F6B adder_0=0EM adder_6=0GK adder_7=0MH
sc_cfg1287,-6743.5310,-6744.7496,11.596248,11.599530,0.0283,19.02,22.554,1186,mult_5=HGP mult_6=DAE mult_8=HGY
sc_cfg1288,-19187.1290,-19171.2097,30.419007,30.400040,0.0624,34.57,102.601,2968,mult_0=HGY mult_1=AQ1 mult_2=DAE mult_3=F6B mult_4=AQ1 mult_5=HGP mult_7=HGP mult_8=AQ1 adder_0=02E adder_1=0GK adder_2=0AV adder_3=073 adder_4=0MH adder_6=0Q7 adder_7=0Q7
sc_cfg1289,-5976.5444,-5978.8545,10.533749,10.538713,0.0471,24.09,41.036,1704,mult_1=DAE mult_3=AQ1 mult_5=CK3 adder_2=0Q7 adder_4=0Q7
sc_cfg1290,-194.4524,-193.6205,0.396513,0.395628,0.2232,20.99,49.647,2366,mult_3=AQ1 mult_6=5FA mult_7=AQ1 mult_8=DAE adder_2=0EM
sc_cfg1291,-1135.5225,-1175.8893,10.202772,10.331081,1.2576,26.94,52.804,1960,mult_0=CK3 mult_3=F6B mult_4=5FA adder_4=02E adder_6=0GK adder_7=0Q7
sc_cfg1292,-861.5273,-862.8998,1.544815,1.546413,0.1035,22.03,16.372,743,mult_8=CK3 adder_6=0M0
sc_cfg1293,-866.8177,-863.9546,1.556084,1.552283,0.2443,28.85,36.833,1277,mult_0=GPF adder_0=0Q7 adder_4=0EM adder_6=0M0 adder_7=0M0
sc_cfg1294,-291.9918,-286.5505,2.175006,2.177428,0.1114,21.97,12.395,564,adder_4=0GK
sc_cfg1295,-12182.8951,-12182.9985,21.057768,21.051300,0.0307,21.73,21.147,973,mult_4=GPF adder_4=0MH
sc_cfg1296,-2384.5516,-2387.6561,4.136985,4.139717,0.0660,18.98,25.844,1361,mult_1=GPF mult_8=DAE
sc_cfg1297,-10762.4179,-12579.6999,25.178373,23.130368,8.1340,32.83,90.484,2756,mult_0=8VH mult_3=HGY mult_4=DAE mult_6=8VH mult_7=GPF mult_8=HGP adder_1=0Q7 adder_3=0M0 adder_4=0EM adder_5=0AV adder_6=073 adder_7=0MH
sc_cfg1298,-7175.0212,-8400.9265,16.463158,17.810028,8.1811,35.65,72.514,2034,mult_1=CK3 mult_2=DAE mult_4=HGY mult_7=AQ1 mult_8=8VH adder_0=02E adder_2=073 adder_3=0Q7 adder_4=02E adder_5=0DL adder_6=02E adder_7=0DL
sc_cfg1299,-3413.5562,-3413.3740,6.716911,6.715481,0.0213,33.51,63.716,1901,mult_3=F6B mult_5=DAE mult_8=GPF adder_0=0GK adder_1=0GK adder_3=0AV adder_4=0GK adder_6=0M0 adder_7=0M0
sc_cfg1300,-21333.3127,-21312.0172,34.994744,34.967531,0.0778,25.68,56.111,2185,mult_1=HGP mult_2=CK3 mult_3=HGY mult_5=8VH mult_7=HGP mult_8=DAE adder_3=0DL adder_5=02E adder_6=0DL
sc_cfg1301,-14253.8746,-17985.2048,24.230440,29.753231,22.7928,34.60,85.022,2457,mult_0=GPF mult_1=CK3 mult_2=F6B mult_3=8VH mult_6=HGY mult_7=HGP mult_8=HGY adder_0=02E adder_1=0GK adder_2=0EM adder_3=0EM adder_5=0M0 adder_6=02E adder_7=0EM
sc_cfg1302,-5676.2928,-5675.8278,9.548997,9.547096,0.0199,33.18,68.944,2078,mult_0=HGP mult_1=AQ1 mult_6=HGY mult_7=5FA adder_0=0Q7 adder_3=02E adder_4=0EM adder_5=0EM adder_6=073 adder_7=0Q7
sc_cfg1303,2063.5642,2058.6564,8.464928,8.458713,0.0734,24.48,13.892,568,adder_2=0Q7 adder_7=02E
sc_cfg1304,-10263.6275,-10227.0368,19.019182,18.980185,0.2050,28.03,58.934,2103,mult_0=HGP mult_4=DAE mult_5=HGP mult_6=CK3 mult_8=CK3 adder_0=073 adder_1=0DL adder_2=073 adder_5=02E
sc_cfg1305,-4111.5406,-4114.6118,7.278869,7.286564,0.1057,26.09,36.041,1381,mult_3=AQ1 mult_6=8VH adder_1=0AV adder_4=0EM adder_5=0DL
sc_cfg1306,-16863.1895,-16986.6964,27.959802,28.540423,2.0766,27.76,74.270,2676,mult_0=HGP mult_2=CK3 mult_3=HGP mult_4=F6B mult_6=GPF mult_8=5FA adder_0=02E adder_2=0AV adder_6=02E adder_7=0DL
sc_cfg1307,-14429.8663,-14425.6984,24.822482,24.810439,0.0485,22.84,68.602,3004,mult_1=DAE mult_3=CK3 mult_4=CK3 mult_5=5FA mult_7=8VH mult_8=DAE adder_2=02E adder_7=0AV
sc_cfg1308,-8081.7855,-8095.0043,22.477097,22.458213,0.0840,28.71,32.994,1149,mult_8=8VH adder_0=0AV adder_3=0M0 adder_5=0AV adder_6=0MH
sc_cfg1309,-2863.8655,-2035.2274,20.339312,18.167231,10.6792,36.90,135.200,3664,mult_0=5FA mult_1=CK3 mult_3=AQ1 mult_4=5FA mult_5=CK3 mult_6=AQ1 mult_7=5FA mult_8=DAE adder_0=073 adder_1=0M0 adder_2=0DL adder_3=02E adder_4=02E adder_5=0AV adder_6=0Q7 adder_7=0MH
sc_cfg1310,-160.0484,-105.8467,13.222610,13.212180,0.0789,34.09,41.856,1228,mult_3=F6B adder_1=02E adder_2=02E adder_3=0GK adder_4=0GK adder_5=0DL adder_6=0AV
sc_cfg1311,-6193.8990,-6317.4373,16.154305,16.224381,0.4338,26.33,56.235,2136,mult_2=5FA mult_4=8VH mult_5=AQ1 mult_8=DAE adder_3=0M0 adder_5=02E adder_6=02E
sc_cfg1312,-1707.2534,-1668.3984,9.680264,9.671717,0.0883,24.34,17.350,713,adder_1=02E adder_6=0GK
sc_cfg1313,-13548.2085,-13535.2765,21.993807,21.975795,0.0819,23.82,43.195,1813,mult_4=HGP mult_6=CK3 mult_7=GPF adder_6=0M0 adder_7=0GK
sc_cfg1314,-6614.9265,-6632.9284,11.718773,11.747932,0.2488,19.27,13.661,709,mult_4=8VH
sc_cfg1315,-6234.3157,-6234.7131,10.395433,10.395898,0.0045,25.33,99.736,3938,mult_0=5FA mult_1=HGP mult_2=CK3 mult_5=5FA mult_7=5FA mult_8=5FA adder_0=0Q7 adder_4=0AV adder_7=0AV
sc_cfg1316,415.4752,439.1471,10.308880,10.301701,0.0696,24.46,16.277,665,adder_3=0MH adder_5=02E
sc_cfg1317,-11883.4592,-11879.5404,19.475861,19.471601,0.0219,34.78,99.355,2857,mult_0=5FA mult_4=5FA mult_5=HGY mult_6=HGY mult_7=GPF adder_0=0M0 adder_1=0AV adder_2=0M0 adder_3=0EM adder_4=0GK adder_6=0EM adder_7=073
sc_cfg1318,-15959.0034,-16001.1598,26.691372,26.749906,0.2193,37.17,123.004,3309,mult_0=5FA mult_2=5FA mult_4=GPF mult_5=CK3 mult_6=CK3 mult_7=5FA mult_8=DAE adder_0=0MH adder_1=0M0 adder_2=073 adder_3=0M0 adder_4=0Q7 adder_5=02E adder_6=0M0 adder_7=073
sc_cfg1319,-10564.6169,-12563.1079,27.110983,27.671390,2.0671,24.30,31.628,1301,mult_2=F6B mult_5=GPF adder_0=0Q7 adder_6=0MH
sc_cfg1320,2100.3178,2092.8468,8.483707,8.482091,0.0191,26.72,40.330,1509,mult_0=5FA adder_3=073 adder_5=0Q7 adder_7=02E
sc_cfg1321,-9671.3854,-9663.2528,16.127889,16.112144,0.0976,25.27,72.896,2885,mult_0=GPF mult_1=GPF mult_2=HGP mult_6=F6B mult_7=GPF mult_8=CK3 adder_1=0Q7 adder_2=0Q7 adder_4=0AV
sc_cfg1322,-6756.0117,-6772.1215,12.526898,12.552323,0.2030,28.48,48.072,1688,mult_4=8VH mult_7=5FA adder_0=02E adder_2=0EM adder_3=0GK adder_7=0Q7
sc_cfg1323,-3644.5981,-3644.9607,7.368604,7.362454,0.0835,23.88,22.735,952,mult_0=8VH adder_3=02E adder_7=0Q7
sc_cfg1324,-11760.4892,-11785.2005,19.438168,19.472814,0.1782,30.12,104.932,3484,mult_0=5FA mult_1=CK3 mult_2=AQ1 mult_3=CK3 mult_5=AQ1 mult_7=8VH mult_8=AQ1 adder_2=0AV adder_3=0EM adder_4=02E adder_6=0M0 adder_7=0AV
sc_cfg1325,-16324.3608,-13862.5203,31.794831,31.570622,0.7052,34.34,115.946,3376,mult_0=AQ1 mult_1=GPF mult_2=F6B mult_3=AQ1 mult_4=DAE mult_5=HGP mult_7=HGP mult_8=AQ1 adder_0=0MH adder_1=0M0 adder_2=0Q7 adder_3=0Q7 adder_4=0AV adder_6=0MH adder_7=0M0
sc_cfg1326,-11946.0377,-11621.7215,22.054385,21.702593,1.5951,30.56,61.449,2011,mult_1=HGY mult_2=HGP mult_3=8VH mult_8=DAE adder_1=02E adder_3=0MH adder_4=0M0 adder_5=0Q7 adder_7=02E
sc_cfg1327,-4063.2920,-4059.9087,7.199965,7.200141,0.0025,22.12,17.216,778,mult_2=CK3 adder_4=073
sc_cfg1328,-903.9079,-902.7909,1.660922,1.660374,0.0330,21.83,15.966,732,mult_0=CK3 adder_4=0DL
sc_cfg1329,-6714.7289,-6709.6773,11.555724,11.548233,0.0648,23.80,47.691,2004,mult_3=GPF mult_6=5FA mult_8=F6B adder_0=0AV adder_6=0M0
sc_cfg1330,-2169.5490,-2161.2862,3.841215,3.830512,0.2786,19.09,22.505,1179,mult_2=AQ1 mult_7=CK3
sc_cfg1331,-6725.0643,-6730.5399,11.570026,11.576631,0.0571,25.95,40.987,1579,mult_3=CK3 mult_8=8VH adder_2=0Q7 adder_3=0EM adder_5=0M0
sc_cfg1332,-10311.8868,-9719.0896,19.139307,18.370081,4.0191,26.25,37.340,1422,mult_3=8VH mult_5=GPF adder_4=0DL adder_5=073 adder_7=02E
sc_cfg1333,-4111.3388,-3995.3734,11.639316,11.418850,1.8941,28.23,35.941,1273,mult_5=CK3 adder_0=0GK adder_1=0AV adder_6=0EM adder_7=02E
sc_cfg1334,-8400.8373,-8417.1784,15.760426,15.790383,0.1901,32.31,60.592,1875,mult_0=CK3 mult_3=AQ1 mult_4=HGP adder_1=0AV adder_2=0MH adder_3=0Q7 adder_4=0Q7 adder_5=0DL adder_7=073
sc_cfg1335,-1156.4909,-1155.3105,2.916246,2.916822,0.0198,26.15,32.124,1229,mult_0=GPF adder_0=0Q7 adder_2=0GK adder_6=0AV
sc_cfg1336,-11228.9021,-11257.0702,18.667197,18.713604,0.2486,32.23,97.704,3031,mult_0=AQ1 mult_2=GPF mult_3=HGP mult_4=F6B mult_5=DAE mult_7=5FA adder_0=0EM adder_1=0AV adder_3=0EM adder_4=0GK adder_5=0DL adder_6=0M0
sc_cfg1337,-8953.6222,-8968.3046,16.022535,16.039102,0.1034,23.17,57.770,2494,mult_2=F6B mult_3=5FA mult_4=HGP mult_7=HGP mult_8=CK3 adder_0=02E adder_4=073
sc_cfg1338,-11549.3643,-5902.6197,27.314617,27.146071,0.6171,23.88,39.864,1670,mult_2=HGP mult_7=GPF mult_8=AQ1 adder_6=0MH adder_7=0MH
sc_cfg1339,56.1732,62.7872,8.993881,8.999920,0.0671,24.34,12.276,504,adder_0=02E adder_5=02E
sc_cfg1340,0.0000,0.0000,0.000000,0.000000,0.0000,19.50,3.142,161,
sc_cfg1341,-6236.2209,-6231.9159,10.395041,10.392002,0.0292,21.29,18.024,847,mult_6=HGY mult_7=HGY adder_0=0M0
sc_cfg1342,-16121.8511,-16093.9406,25.892468,25.853906,0.1489,27.15,90.031,3316,mult_0=8VH mult_1=5FA mult_2=AQ1 mult_3=8VH mult_5=HGY mult_6=AQ1 mult_7=8VH mult_8=8VH adder_1=0Q7 adder_3=073 adder_6=0DL adder_7=0GK
sc_cfg1343,-2147.6509,-2151.5967,3.811814,3.815349,0.0927,23.89,33.423,1399,mult_1=GPF mult_4=AQ1 adder_2=073 adder_7=0EM
sc_cfg1344,-21436.8316,-23473.3571,36.791607,38.601256,4.9186,34.76,96.481,2776,mult_0=F6B mult_1=AQ1 mult_2=HGP mult_3=8VH mult_4=GPF mult_5=HGY mult_7=8VH mult_8=AQ1 adder_1=0GK adder_2=0MH adder_3=0DL adder_4=0DL adder_5=0MH adder_6=02E adder_7=0AV
sc_cfg1345,-2995.5654,-2981.2029,6.126508,6.106680,0.3236,28.15,53.688,1907,mult_0=HGP mult_4=F6B mult_7=F6B adder_1=0AV adder_2=073 adder_3=0Q7 adder_6=0AV
sc_cfg1346,-20568.9123,-20537.2098,32.945917,33.011657,0.1995,33.09,77.140,2331,mult_1=GPF mult_2=CK3 mult_3=HGY mult_4=HGY mult_5=F6B mult_8=DAE adder_0=0MH adder_1=0Q7 adder_2=0M0 adder_4=0MH adder_5=0GK adder_6=0GK
sc_cfg1347,3913.5959,3915.3776,13.590392,13.599146,0.0644,22.14,11.959,540,adder_7=0MH
sc_cfg1348,-10304.1141,-10277.7251,23.158917,23.156934,0.0086,30.73,63.833,2077,mult_6=5FA mult_7=GPF adder_0=073 adder_1=073 adder_3=02E adder_5=0MH adder_7=0Q7
sc_cfg1349,0.9655,1.0640,0.032874,0.032860,0.0435,19.51,21.069,1080,mult_7=5FA
sc_cfg1350,-11035.3349,-11037.3981,18.079674,18.084236,0.0252,23.47,50.757,2162,mult_0=GPF mult_5=CK3 mult_6=HGY mult_8=DAE adder_1=0DL adder_4=073
sc_cfg1351,-2978.4073,-6214.9747,17.976816,16.521994,8.0928,23.71,38.331,1617,mult_2=8VH mult_6=HGP mult_7=8VH adder_1=0GK adder_7=0MH
sc_cfg1352,-8355.5271,-8356.5122,14.727606,14.728476,0.0059,27.91,56.433,2022,mult_1=8VH mult_3=F6B mult_4=DAE mult_5=HGY adder_0=02E adder_1=0EM adder_2=073 adder_4=073
sc_cfg1353,-18075.3165,-16088.3625,29.627600,31.463372,6.1962,23.84,40.791,1711,mult_3=8VH mult_7=CK3 mult_8=F6B adder_1=0M0 adder_6=0MH
sc_cfg1354,-15637.5731,-15610.2372,25.107023,25.071097,0.1431,32.63,73.249,2245,mult_2=CK3 mult_3=AQ1 mult_5=8VH mult_6=HGP adder_0=073 adder_1=0AV adder_2=0GK adder_3=073 adder_5=0AV adder_7=0GK
sc_cfg1355,-14040.2056,-14009.8847,23.598514,23.567928,0.1296,32.22,103.191,3203,mult_0=CK3 mult_1=HGY mult_2=DAE mult_3=AQ1 mult_6=5FA mult_7=8VH mult_8=GPF adder_1=0AV adder_2=0MH adder_4=0AV adder_5=073 adder_6=0GK adder_7=0GK
sc_cfg1356,-3777.2717,-3764.7420,6.323675,6.307654,0.2534,26.63,31.339,1177,mult_0=GPF mult_7=HGY adder_0=02E adder_4=0M0 adder_5=0DL
sc_cfg1357,0.0000,0.0000,0.000000,0.000000,0.0000,21.66,9.723,449,adder_1=0AV
sc_cfg1358,0.0000,0.0000,0.000000,0.000000,0.0000,21.64,13.788,637,adder_1=0AV
sc_cfg1359,-1435.7298,-1395.7258,9.348705,9.346041,0.0285,28.30,36.806,1300,mult_4=AQ1 adder_0=0DL adder_1=02E adder_2=0AV adder_5=0EM
sc_cfg1360,-830.7418,-831.4220,1.542020,1.542632,0.0397,26.13,41.574,1591,mult_3=DAE mult_8=HGY adder_1=0AV adder_2=0AV adder_7=0Q7
sc_cfg1361,-2137.0493,-2128.7193,3.798559,3.787688,0.2862,21.88,21.614,988,mult_7=GPF adder_5=073
sc_cfg1362,-26096.7945,-25658.8833,41.956866,44.761375,6.6843,36.55,120.852,3307,mult_0=HGY mult_1=AQ1 mult_2=HGP mult_3=HGP mult_4=AQ1 mult_5=8VH mult_6=5FA mult_7=5FA mult_8=DAE adder_0=0AV adder_1=02E adder_2=073 adder_3=02E adder_4=073 adder_5=0MH adder_6=0MH adder_7=0AV
sc_cfg1363,-9508.2569,-9478.5577,17.842197,17.811758,0.1706,26.01,31.261,1202,mult_2=8VH mult_5=HGP adder_0=0GK adder_1=02E adder_2=0EM
sc_cfg1364,-4094.9608,-4106.2229,7.266380,7.284108,0.2440,35.30,86.992,2465,mult_1=DAE mult_3=5FA mult_5=AQ1 mult_6=HGP mult_8=AQ1 adder_0=0Q7 adder_1=073 adder_2=0Q7 adder_3=073 adder_4=0EM adder_5=0DL adder_6=073
sc_cfg1365,15.0226,15.3144,0.129205,0.129400,0.1506,22.43,8.595,383,adder_5=0M0
sc_cfg1366,-6614.9265,-6632.9284,11.718773,11.747932,0.2488,19.17,6.783,354,mult_4=HGY
sc_cfg1367,-9524.7215,-9504.6791,15.809810,15.782181,0.1748,34.95,88.719,2538,mult_0=DAE mult_1=5FA mult_2=GPF mult_7=F6B mult_8=AQ1 adder_0=0GK adder_1=0GK adder_2=0EM adder_3=0MH adder_5=0M0 adder_6=073 adder_7=0AV
sc_cfg1368,-3335.3807,-3333.3151,5.653524,5.649379,0.0733,28.64,46.726,1631,mult_1=HGP mult_6=5FA adder_2=0DL adder_3=0AV adder_4=073 adder_7=0GK
sc_cfg1369,-26354.1001,-28702.2462,42.369172,49.160912,16.0299,37.60,84.896,2258,mult_0=HGP mult_2=HGP mult_3=CK3 mult_4=HGY mult_6=HGY mult_7=F6B mult_8=HGY adder_0=0M0 adder_1=073 adder_2=0DL adder_3=0GK adder_4=0EM adder_5=02E adder_6=0MH adder_7=0AV
sc_cfg1370,-0.1306,-0.1177,0.014963,0.014957,0.0434,22.23,9.024,406,adder_7=0Q7
sc_cfg1371,-5852.4587,-5748.1829,13.654594,13.492226,1.1891,37.68,79.352,2106,mult_1=AQ1 mult_4=AQ1 mult_5=F6B mult_6=CK3 mult_7=HGY adder_0=02E adder_1=0EM adder_2=0EM adder_3=0DL adder_4=0M0 adder_5=0GK adder_6=0DL adder_7=02E
sc_cfg1372,-10339.0866,-10668.0878,20.504900,20.642625,0.6717,28.71,54.919,1913,mult_1=5FA mult_5=8VH mult_6=HGY mult_7=AQ1 adder_1=073 adder_4=02E adder_6=02E adder_7=0Q7
sc_cfg1373,15.0226,15.3144,0.129205,0.129400,0.1506,22.17,8.607,388,adder_5=0M0
sc_cfg1374,-5824.1938,-5819.9382,13.677906,13.673576,0.0317,28.36,35.859,1265,mult_4=HGY mult_7=AQ1 adder_0=02E adder_1=0Q7 adder_2=02E adder_6=0Q7
sc_cfg1375,14.7386,15.9092,0.466089,0.466128,0.0084,28.73,41.252,1436,mult_2=5FA adder_2=0Q7 adder_4=0EM adder_5=0AV adder_6=0DL
sc_cfg1376,-20259.6784,-19889.2163,32.307175,31.779844,1.6322,34.65,88.344,2550,mult_0=DAE mult_4=CK3 mult_5=8VH mult_6=8VH mult_7=8VH mult_8=CK3 adder_0=0AV adder_1=0M0 adder_2=0M0 adder_3=02E adder_5=02E adder_6=0GK adder_7=0M0
sc_cfg1377,-11551.8088,-11537.4656,19.637404,19.625426,0.0610,29.93,68.079,2274,mult_2=CK3 mult_3=AQ1 mult_4=HGP mult_6=F6B mult_8=HGP adder_0=0GK adder_1=0M0 adder_2=073 adder_3=0M0 adder_7=0GK
sc_cfg1378,-10719.1576,-10724.6730,18.604742,18.611563,0.0367,32.93,59.351,1802,mult_3=8VH mult_5=HGP mult_6=F6B adder_1=0AV adder_2=0M0 adder_3=0M0 adder_4=0M0 adder_5=0GK adder_6=0Q7
sc_cfg1379,-13263.7642,-13106.1062,24.440518,23.915958,2.1463,32.40,80.887,2497,mult_0=8VH mult_1=8VH mult_2=AQ1 mult_5=8VH mult_6=HGY mult_7=HGY mult_8=F6B adder_0=073 adder_1=0DL adder_4=073 adder_5=02E adder_6=02E adder_7=073
sc_cfg1380,-15927.0574,-15757.3726,27.738818,27.397051,1.2321,30.39,60.520,1992,mult_2=8VH mult_3=DAE mult_5=CK3 mult_6=DAE adder_1=0M0 adder_2=0DL adder_3=073 adder_5=0MH adder_6=02E
sc_cfg1381,-15573.5272,-15575.7064,24.849430,24.853310,0.0156,34.70,97.718,2816,mult_0=DAE mult_1=HGP mult_4=AQ1 mult_5=HGY mult_6=HGY mult_7=CK3 mult_8=HGY adder_0=0Q7 adder_1=073 adder_3=0M0 adder_4=0Q7 adder_5=0DL adder_6=0AV adder_7=0AV
sc_cfg1382,-3444.2409,-3414.3869,10.739986,10.718307,0.2019,31.42,53.172,1692,mult_1=HGY mult_4=DAE mult_5=DAE adder_1=02E adder_3=0M0 adder_4=0GK adder_5=0Q7 adder_6=0M0
sc_cfg1383,-4919.1785,-4335.1376,14.909178,14.246109,4.4474,35.67,66.939,1877,mult_3=DAE mult_4=GPF mult_8=HGP adder_0=0M0 adder_2=02E adder_3=0AV adder_4=0DL adder_5=0AV adder_6=073 adder_7=02E
sc_cfg1384,-6891.1554,-6871.1973,11.818916,11.791295,0.2337,27.12,108.402,3998,mult_0=AQ1 mult_2=5FA mult_3=HGY mult_4=DAE mult_5=AQ1 mult_6=5FA mult_7=5FA mult_8=GPF adder_0=0DL adder_3=0DL adder_6=0M0 adder_7=0M0
sc_cfg1385,-13223.6788,-13228.0509,22.525654,22.534106,0.0375,30.45,59.995,1970,mult_1=HGY mult_5=CK3 mult_8=5FA adder_0=0EM adder_1=0MH adder_2=0GK adder_3=0AV adder_6=0GK
sc_cfg1386,-6879.6905,-6878.4440,11.780518,11.782775,0.0192,18.93,26.463,1398,mult_0=HGY mult_5=GPF mult_7=DAE
sc_cfg1387,-15957.4105,-15992.2703,26.362486,26.418189,0.2113,36.28,137.971,3802,mult_0=DAE mult_1=5FA mult_2=CK3 mult_3=HGY mult_4=HGY mult_5=5FA mult_6=F6B mult_7=5FA mult_8=AQ1 adder_0=073 adder_1=0DL adder_2=0EM adder_3=0AV adder_4=0M0 adder_5=0EM adder_6=0GK adder_7=0Q7
sc_cfg1388,-16729.9724,-16744.6004,28.511081,28.547594,0.1281,30.90,56.756,1837,mult_2=DAE mult_4=5FA mult_6=8VH adder_1=0MH adder_2=0MH adder_3=02E adder_6=073 adder_7=073
sc_cfg1389,-11248.6607,-11247.5943,18.382515,18.380412,0.0114,34.90,108.069,3096,mult_0=5FA mult_2=AQ1 mult_5=HGY mult_6=GPF mult_7=5FA mult_8=HGP adder_0=0AV adder_2=0DL adder_3=0AV adder_4=0Q7 adder_5=0EM adder_6=0M0 adder_7=0DL
sc_cfg1390,-23434.4409,-12691.1281,38.368953,29.913927,22.0361,32.42,76.203,2351,mult_1=CK3 mult_3=CK3 mult_4=AQ1 mult_7=5FA mult_8=HGY adder_1=0DL adder_2=0MH adder_3=0AV adder_4=02E adder_5=073 adder_6=0MH
sc_cfg1391,-11049.2857,-10780.0239,18.210099,17.844949,2.0052,30.44,61.939,2035,mult_0=F6B mult_2=DAE mult_3=HGP mult_6=8VH adder_0=0M0 adder_3=0DL adder_4=0DL adder_6=0GK adder_7=0Q7
sc_cfg1392,-15680.7462,-14520.0586,27.330287,25.943323,5.0748,36.32,123.612,3404,mult_0=AQ1 mult_1=5FA mult_2=HGP mult_3=HGY mult_4=8VH mult_5=DAE mult_6=F6B mult_7=GPF mult_8=DAE adder_0=0AV adder_1=0GK adder_2=0MH adder_3=0M0 adder_4=0Q7 adder_5=02E adder_6=0GK adder_7=0AV
sc_cfg1393,-12470.2845,-12288.8972,22.107012,21.915909,0.8644,30.58,58.847,1924,mult_0=HGP mult_4=HGP mult_6=F6B mult_8=GPF adder_0=02E adder_1=0M0 adder_3=0EM adder_6=02E adder_7=02E
sc_cfg1394,-25139.7492,-24598.2294,40.806596,39.935809,2.1339,32.48,99.747,3071,mult_0=CK3 mult_2=5FA mult_3=GPF mult_4=CK3 mult_5=8VH mult_6=GPF mult_8=F6B adder_0=073 adder_1=0M0 adder_4=0EM adder_5=0Q7 adder_6=02E adder_7=0GK
sc_cfg1395,-5928.6659,-5890.1709,19.931430,19.931407,0.0001,26.20,51.738,1975,mult_0=AQ1 mult_1=AQ1 mult_8=5FA adder_4=0Q7 adder_5=0MH adder_6=0GK
sc_cfg1396,-2386.2731,-2377.1441,4.140000,4.127927,0.2916,21.17,32.510,1536,mult_6=AQ1 mult_7=HGP mult_8=DAE adder_1=0Q7
sc_cfg1397,-6742.4008,-6744.0610,11.593112,11.597093,0.0343,23.50,43.239,1840,mult_1=AQ1 mult_5=CK3 mult_8=F6B adder_1=0AV adder_4=0M0
sc_cfg1398,-5261.5095,-5259.4897,9.121762,9.125804,0.0443,23.56,43.057,1827,mult_2=CK3 mult_5=AQ1 mult_8=GPF adder_0=0Q7 adder_6=0GK
sc_cfg1399,-892.1024,-893.1766,1.579797,1.580999,0.0761,22.08,18.641,844,mult_8=HGP adder_4=0Q7
sc_cfg1400,-14694.5167,-14703.7296,23.746140,23.762403,0.0685,30.24,98.947,3272,mult_1=AQ1 mult_2=CK3 mult_3=5FA mult_5=8VH mult_6=8VH mult_7=AQ1 mult_8=F6B adder_1=0M0 adder_3=0GK adder_4=0DL adder_5=0AV adder_6=0Q7
sc_cfg1401,-8157.1706,-7861.5566,20.681127,19.735678,4.5716,32.78,60.133,1834,mult_0=8VH mult_1=HGY mult_3=CK3 mult_5=F6B adder_1=0DL adder_2=02E adder_3=02E adder_4=0MH adder_5=0Q7 adder_7=02E
sc_cfg1402,-12899.5207,-5822.3901,31.604605,27.129605,14.1593,34.64,75.354,2175,mult_2=DAE mult_3=5FA mult_6=8VH mult_7=HGY adder_0=073 adder_1=0AV adder_2=0DL adder_3=073 adder_4=0Q7 adder_6=0MH adder_7=0MH
sc_cfg1403,-13393.0634,-13426.8322,21.834670,21.883813,0.2251,32.72,86.174,2633,mult_2=DAE mult_3=DAE mult_4=GPF mult_6=HGP mult_7=CK3 mult_8=GPF adder_1=0EM adder_2=0GK adder_3=0M0 adder_4=0M0 adder_5=0GK adder_6=073
sc_cfg1404,-29061.2875,-29212.4137,45.964100,46.192362,0.4966,36.36,118.500,3259,mult_0=5FA mult_1=F6B mult_2=HGY mult_3=8VH mult_4=CK3 mult_5=GPF mult_6=HGP mult_7=HGP mult_8=5FA adder_0=0GK adder_1=073 adder_2=0MH adder_3=0Q7 adder_4=0DL adder_5=0M0 adder_6=0M0 adder_7=0DL
sc_cfg1405,-1629.3728,-1621.2027,5.355337,5.342366,0.2422,26.13,39.378,1507,mult_6=F6B mult_7=GPF adder_2=073 adder_3=0Q7 adder_6=0Q7
sc_cfg1406,-66.8427,-66.1766,0.650999,0.649722,0.1962,28.58,47.002,1645,mult_0=AQ1 mult_8=5FA adder_0=0EM adder_1=0DL adder_4=0DL adder_7=0Q7
sc_cfg1407,-4622.4654,-4618.0804,8.514244,8.515007,0.0090,26.60,25.086,943,mult_2=8VH adder_0=0M0 adder_2=0GK adder_6=0GK
sc_cfg1408,-28552.6900,-23866.1794,45.443455,42.333029,6.8446,31.10,53.588,1723,mult_3=GPF mult_5=8VH mult_6=AQ1 mult_7=HGY adder_2=0MH adder_4=02E adder_5=0MH adder_6=0DL adder_7=0MH
sc_cfg1409,-278.0918,-277.1432,0.679676,0.679000,0.0995,21.57,20.430,947,mult_0=DAE adder_7=0DL
sc_cfg1410,-893.3876,-891.8181,1.581266,1.579391,0.1186,19.23,11.557,601,mult_0=8VH
sc_cfg1411,-4078.9094,-4075.4574,7.220585,7.220521,0.0009,19.28,15.095,783,mult_2=CK3
sc_cfg1412,-22486.9680,-22499.0648,36.302769,36.328690,0.0714,32.30,88.754,2748,mult_0=HGP mult_1=HGY mult_2=HGY mult_4=HGY mult_5=GPF mult_7=F6B mult_8=HGP adder_0=073 adder_2=073 adder_3=0Q7 adder_4=0MH adder_6=0EM adder_7=0M0
sc_cfg1413,-3392.4053,-3395.4031,5.705832,5.708448,0.0459,31.16,47.282,1517,mult_1=CK3 mult_8=8VH adder_0=0MH adder_1=0AV adder_4=073 adder_5=073 adder_6=0AV
sc_cfg1414,-6464.0068,-6477.8192,12.198106,12.209870,0.0964,21.11,33.294,1577,mult_1=F6B mult_3=CK3 mult_6=F6B adder_1=0M0
sc_cfg1415,-6628.3145,-7147.0419,11.278502,11.974796,6.1736,25.64,69.245,2700,mult_0=8VH mult_1=HGY mult_2=CK3 mult_3=DAE mult_5=AQ1 mult_6=5FA adder_0=0Q7 adder_4=0GK adder_6=0GK
sc_cfg1416,-876.8026,-875.2291,1.560012,1.558114,0.1217,21.80,14.711,675,mult_0=HGY adder_6=073
sc_cfg1417,-13844.4390,-12597.7894,27.738165,27.217355,1.8776,28.07,69.719,2483,mult_0=HGY mult_4=DAE mult_5=5FA mult_6=HGP mult_7=DAE adder_1=0GK adder_3=0Q7 adder_5=0EM adder_6=0MH
sc_cfg1418,3491.0437,3496.7777,11.273883,11.269682,0.0373,26.09,29.127,1117,mult_6=F6B adder_2=0DL adder_3=02E adder_7=0Q7
sc_cfg1419,-5776.4742,-12282.9313,23.300946,24.441689,4.8957,33.26,63.369,1905,mult_2=CK3 mult_3=CK3 mult_5=HGY mult_7=GPF adder_1=02E adder_2=073 adder_3=0M0 adder_4=073 adder_6=02E adder_7=0MH
sc_cfg1420,-12834.9695,-12815.2308,21.020885,20.993171,0.1318,30.83,57.529,1866,mult_3=8VH mult_6=CK3 mult_7=HGY mult_8=8VH adder_0=02E adder_1=0EM adder_4=0AV adder_5=0AV adder_7=0M0
sc_cfg1421,-876.2000,-874.6065,1.559209,1.557270,0.1243,21.64,17.013,786,mult_0=F6B adder_2=073
sc_cfg1422,-9943.8340,-9948.1921,16.500882,16.507173,0.0381,19.11,19.599,1025,mult_5=GPF mult_6=HGP
sc_cfg1423,-975.6048,-958.4227,6.852840,6.856759,0.0572,26.14,39.924,1528,mult_6=5FA mult_7=HGP adder_0=0MH adder_2=0EM adder_5=0GK
sc_cfg1424,-1944.5327,-1947.7681,4.071146,4.078855,0.1894,24.93,35.979,1443,mult_1=8VH mult_5=5FA adder_4=0M0 adder_6=0GK
sc_cfg1425,17.5299,17.7840,0.130361,0.130558,0.1507,24.74,21.318,862,adder_5=0M0 adder_6=0Q7
sc_cfg1426,-9372.1335,-9343.7400,15.456606,15.414873,0.2700,27.93,59.621,2135,mult_2=5FA mult_3=8VH mult_7=HGY mult_8=HGP adder_0=073 adder_2=073 adder_6=0AV adder_7=0GK
sc_cfg1427,226.6533,218.7821,8.576229,8.589501,0.1548,21.26,41.500,1952,mult_1=F6B mult_3=DAE mult_5=AQ1 mult_8=8VH adder_4=02E
sc_cfg1428,-8987.7016,-8992.3661,17.168616,17.183159,0.0847,32.56,98.208,3017,mult_0=AQ1 mult_2=5FA mult_3=CK3 mult_6=AQ1 mult_7=CK3 mult_8=AQ1 adder_2=0DL adder_3=0MH adder_4=0Q7 adder_5=02E adder_6=0EM adder_7=0EM
sc_cfg1429,-236.4790,-226.9737,7.022236,7.044846,0.3220,26.29,31.063,1181,mult_0=HGY mult_3=F6B adder_0=0MH adder_1=073 adder_7=0DL
sc_cfg1430,-29546.9206,-30996.2530,46.630943,48.806865,4.6663,36.34,111.734,3075,mult_0=F6B mult_1=F6B mult_2=GPF mult_3=CK3 mult_4=HGY mult_5=8VH mult_6=HGY mult_7=F6B mult_8=8VH adder_0=0EM adder_1=0AV adder_2=02E adder_3=0M0 adder_4=0Q7 adder_5=0EM adder_6=0AV adder_7=0GK
sc_cfg1431,-8285.7379,-8019.8308,16.579986,16.198420,2.3014,31.44,43.973,1399,mult_1=DAE mult_4=HGP adder_0=02E adder_1=073 adder_4=0GK adder_5=0EM adder_6=02E
sc_cfg1432,-9292.3675,-9285.7336,15.689306,15.681989,0.0466,34.89,81.314,2331,mult_0=AQ1 mult_1=HGY mult_4=5FA mult_5=8VH mult_7=8VH adder_0=02E adder_1=073 adder_2=0EM adder_3=073 adder_5=0DL adder_6=0EM adder_7=0Q7
sc_cfg1433,-11897.0951,-11913.5260,19.852050,19.883358,0.1577,26.38,43.212,1638,mult_0=AQ1 mult_2=AQ1 mult_5=8VH adder_1=0EM adder_2=0MH adder_5=0EM
sc_cfg1434,-4899.1006,-4894.4181,8.370697,8.367518,0.0380,21.48,27.852,1297,mult_0=F6B mult_2=GPF adder_0=0M0
sc_cfg1435,-20281.2919,-20263.2157,32.452009,32.425996,0.0802,37.75,112.807,2989,mult_0=5FA mult_1=CK3 mult_2=GPF mult_3=CK3 mult_4=8VH mult_5=DAE mult_8=F6B adder_0=0MH adder_1=02E adder_2=0AV adder_3=0GK adder_4=0AV adder_5=0GK adder_6=0AV adder_7=0M0
sc_cfg1436,-10786.9684,-10783.8272,17.778625,17.774179,0.0250,25.78,61.181,2373,mult_0=F6B mult_1=CK3 mult_4=F6B mult_5=GPF mult_8=8VH adder_1=0AV adder_3=0M0 adder_4=0Q7
sc_cfg1437,-24454.3965,-24692.9914,39.629651,39.765656,0.3432,37.15,111.101,2990,mult_0=HGP mult_1=8VH mult_2=5FA mult_3=HGP mult_4=CK3 mult_6=CK3 mult_7=GPF mult_8=F6B adder_0=0DL adder_1=0M0 adder_2=0M0 adder_3=0EM adder_4=02E adder_5=0AV adder_6=0DL adder_7=02E
sc_cfg1438,-16443.0331,-16469.8084,26.966339,27.000227,0.1257,30.11,78.586,2610,mult_1=CK3 mult_2=F6B mult_3=HGY mult_4=HGY mult_6=5FA mult_7=HGY mult_8=AQ1 adder_0=0MH adder_1=0Q7 adder_2=0GK adder_5=0Q7 adder_7=073
sc_cfg1439,-9928.3902,-9874.9524,19.654545,19.656517,0.0100,32.71,95.641,2924,mult_0=CK3 mult_1=5FA mult_2=CK3 mult_3=DAE mult_4=DAE mult_5=HGP mult_6=DAE adder_0=0MH adder_1=0EM adder_3=0Q7 adder_5=02E adder_6=073 adder_7=0GK
sc_cfg1440,-1727.1671,-1725.6312,9.786660,9.797367,0.1094,24.11,28.786,1194,mult_4=F6B mult_7=HGP adder_4=02E adder_5=0Q7
sc_cfg1441,-14094.7639,-14070.9458,28.909801,28.900480,0.0322,28.45,38.077,1339,mult_3=8VH mult_6=F6B adder_1=0M0 adder_2=073 adder_4=02E adder_5=0MH
sc_cfg1442,-12616.3589,-10302.5386,29.144491,24.068726,17.4159,30.44,70.119,2304,mult_1=GPF mult_2=AQ1 mult_5=8VH mult_7=F6B mult_8=F6B adder_1=02E adder_2=02E adder_3=02E adder_4=0Q7 adder_7=0MH
sc_cfg1443,-2163.8351,-2167.8068,3.832995,3.836563,0.0931,19.19,8.768,457,mult_1=HGY
sc_cfg1444,-20175.5743,-12350.0287,39.167988,32.442370,17.1712,32.34,105.433,3260,mult_0=CK3 mult_2=5FA mult_4=CK3 mult_5=DAE mult_6=AQ1 mult_7=5FA mult_8=8VH adder_0=0M0 adder_2=0EM adder_3=0MH adder_4=0DL adder_6=0MH adder_7=0MH
sc_cfg1445,-3667.5718,-3664.0441,9.296505,9.291738,0.0513,25.67,51.510,2006,mult_0=F6B mult_4=DAE mult_7=AQ1 mult_8=HGP adder_3=0MH adder_4=0GK adder_7=073
sc_cfg1446,-5141.1546,-5132.2994,9.284589,9.272900,0.1259,30.52,56.458,1850,mult_1=DAE mult_4=F6B mult_6=HGY adder_0=0M0 adder_1=0EM adder_5=073 adder_6=0M0 adder_7=0M0
sc_cfg1447,-16098.3441,-16107.5196,25.789336,25.801536,0.0473,35.26,76.260,2163,mult_1=GPF mult_2=F6B mult_3=CK3 mult_6=HGY adder_1=0MH adder_2=073 adder_3=0AV adder_4=0AV adder_5=0EM adder_6=0AV adder_7=073
sc_cfg1448,1540.4855,-929.9885,14.078040,13.251711,5.8696,32.29,86.725,2686,mult_1=DAE mult_2=GPF mult_4=F6B mult_5=5FA mult_6=DAE adder_0=0DL adder_1=0DL adder_2=0M0 adder_3=0Q7 adder_6=0EM adder_7=0MH
sc_cfg1449,-23565.6224,-18031.2877,42.248711,35.979816,14.8381,30.13,88.455,2936,mult_0=5FA mult_1=F6B mult_2=HGY mult_3=F6B mult_4=HGP mult_6=AQ1 mult_8=8VH adder_1=073 adder_2=0Q7 adder_5=0MH adder_6=0DL adder_7=0MH
sc_cfg1450,-11495.7513,-11515.5486,18.938562,18.966746,0.1488,28.64,48.906,1708,mult_0=F6B mult_4=HGY mult_6=HGY adder_0=0M0 adder_1=0EM adder_4=0M0 adder_6=0Q7
sc_cfg1451,163.0036,169.8022,3.295501,3.294025,0.0448,21.85,12.987,594,adder_0=02E
sc_cfg1452,-18208.1584,-18215.0712,29.580157,29.597324,0.0580,21.55,47.655,2211,mult_2=HGY mult_4=8VH mult_5=GPF mult_6=F6B mult_7=8VH adder_2=0DL
sc_cfg1453,-13235.6516,-13209.2033,22.924916,22.900019,0.1086,28.01,65.406,2335,mult_0=F6B mult_2=CK3 mult_5=GPF mult_7=HGY mult_8=HGY adder_0=0GK adder_1=02E adder_5=0GK adder_6=0M0
sc_cfg1454,95.2874,97.0451,0.201934,0.203017,0.5366,30.82,39.473,1281,adder_2=0AV adder_3=073 adder_4=0M0 adder_5=073 adder_7=073
sc_cfg1455,-4299.2916,-4296.3789,7.519760,7.519589,0.0023,19.04,17.135,900,mult_0=DAE mult_2=HGY
sc_cfg1456,-13270.8691,-13889.2085,23.146459,24.110428,4.1647,30.55,59.873,1960,mult_1=HGP mult_2=HGP mult_4=CK3 mult_8=GPF adder_0=0M0 adder_3=0EM adder_4=0EM adder_5=0GK adder_6=02E
sc_cfg1457,-8958.3378,-8968.9484,15.058151,15.076102,0.1192,23.64,44.915,1900,mult_1=GPF mult_4=CK3 mult_6=AQ1 adder_0=0DL adder_6=0M0
sc_cfg1458,1434.7028,1420.8460,8.883931,8.892489,0.0963,22.02,12.223,555,adder_4=02E
sc_cfg1459,-21000.1143,-21018.6085,33.437965,33.462785,0.0742,20.55,60.204,2929,mult_0=HGP mult_1=GPF mult_3=HGY mult_4=CK3 mult_7=F6B mult_8=5FA adder_3=0MH
sc_cfg1460,-6865.7851,-6863.2218,12.194563,12.188403,0.0505,18.98,21.502,1133,mult_3=HGP mult_4=F6B
sc_cfg1461,-12666.6543,-22184.4694,24.946267,41.778764,67.4750,37.09,111.206,2998,mult_0=AQ1 mult_1=F6B mult_2=AQ1 mult_4=GPF mult_5=GPF mult_6=HGP mult_7=AQ1 mult_8=HGY adder_0=0MH adder_1=0DL adder_2=073 adder_3=0GK adder_4=073 adder_5=0GK adder_6=0MH adder_7=02E
sc_cfg1462,-6223.4177,-6223.5849,10.859935,10.860142,0.0019,20.91,46.821,2239,mult_0=5FA mult_2=8VH mult_5=F6B mult_8=HGY adder_3=0AV
sc_cfg1463,-12791.8618,-12795.5880,20.946805,20.954423,0.0364,30.36,55.842,1840,mult_0=F6B mult_3=HGP mult_5=GPF adder_0=0AV adder_1=0Q7 adder_2=0DL adder_3=0EM adder_5=0M0
sc_cfg1464,-1173.6866,-1173.7711,2.274887,2.273947,0.0413,21.86,9.515,435,adder_7=0GK
sc_cfg1465,-9.8981,-6.5855,2.019617,2.019590,0.0013,29.05,57.382,1975,mult_4=5FA mult_8=DAE adder_0=0M0 adder_4=0GK adder_5=0EM adder_6=0EM
sc_cfg1466,-12353.6402,-13295.6135,23.105943,24.240290,4.9093,38.10,51.959,1364,mult_2=HGY mult_4=HGY adder_0=073 adder_1=02E adder_2=0Q7 adder_3=0GK adder_4=02E adder_5=0M0 adder_6=02E adder_7=0M0
sc_cfg1467,-4088.9541,-4092.9911,7.248587,7.256456,0.1086,21.71,17.675,814,mult_6=GPF adder_1=0DL
sc_cfg1468,-692.0402,-686.2253,3.545093,3.538138,0.1962,26.25,41.497,1581,mult_3=5FA mult_8=F6B adder_0=02E adder_5=0EM adder_7=073
sc_cfg1469,-2195.7317,-2187.5604,9.443396,9.415542,0.2950,23.97,46.348,1934,mult_4=5FA mult_7=F6B mult_8=8VH adder_1=0Q7 adder_6=02E
sc_cfg1470,-14163.9705,-14092.7670,25.049817,24.969105,0.3222,30.54,77.625,2542,mult_0=AQ1 mult_1=HGY mult_3=F6B mult_5=HGY mult_6=HGP mult_7=8VH mult_8=HGY adder_1=02E adder_4=073 adder_5=073 adder_6=0DL adder_7=0M0
sc_cfg1471,-7062.9426,-7037.5371,20.911356,20.914395,0.0145,29.09,52.942,1820,mult_1=5FA mult_7=HGP mult_8=HGY adder_0=0GK adder_2=0M0 adder_4=0M0 adder_5=0MH
sc_cfg1472,-6730.7663,-6116.9047,16.771841,16.337073,2.5923,37.52,91.010,2426,mult_1=DAE mult_4=GPF mult_7=DAE mult_8=AQ1 adder_0=0Q7 adder_1=02E adder_2=073 adder_3=0EM adder_4=0EM adder_5=0EM adder_6=073 adder_7=02E
sc_cfg1473,-11797.3026,-11805.0039,19.522585,19.535592,0.0666,28.85,50.023,1734,mult_3=CK3 mult_5=8VH adder_0=0DL adder_5=0AV adder_6=0Q7 adder_7=0DL
sc_cfg1474,-16853.7062,-16874.5577,27.306714,27.343053,0.1331,30.83,52.065,1689,mult_2=8VH mult_4=HGY mult_5=HGP adder_1=0EM adder_3=0GK adder_4=0AV adder_6=0AV adder_7=0Q7
sc_cfg1475,-15073.3289,-15177.3520,25.943336,26.121936,0.6884,35.29,105.602,2992,mult_1=AQ1 mult_3=GPF mult_4=GPF mult_5=DAE mult_7=GPF mult_8=DAE adder_0=0GK adder_1=0M0 adder_3=0EM adder_4=0Q7 adder_5=0Q7 adder_6=02E adder_7=0AV
sc_cfg1476,-8648.1536,-8618.4235,16.590151,16.558747,0.1893,32.30,90.141,2791,mult_0=HGY mult_1=CK3 mult_2=AQ1 mult_4=AQ1 mult_5=AQ1 mult_6=GPF mult_8=DAE adder_0=02E adder_1=02E adder_2=0Q7 adder_3=073 adder_4=073 adder_7=073
sc_cfg1477,256.2387,-1690.0574,16.124770,15.251770,5.4140,28.47,86.938,3054,mult_3=F6B mult_5=HGP mult_6=5FA adder_0=0MH adder_1=0Q7 adder_6=073 adder_7=0MH
sc_cfg1478,-5660.0784,-5657.3803,10.635115,10.629618,0.0517,24.11,25.198,1045,mult_3=GPF adder_0=02E adder_4=0M0
sc_cfg1479,15.2459,15.1712,0.071284,0.071211,0.1025,21.81,36.849,1690,mult_5=5FA adder_4=073
sc_cfg1480,-17383.6066,-17405.9838,28.016105,28.050213,0.1217,25.01,212.941,8514,mult_2=5FA mult_4=HGY mult_5=CK3 mult_6=HGP mult_7=AQ1 mult_8=8VH adder_0=0DL adder_2=0MH adder_3=0AV
sc_cfg1481,-2782.4857,-2788.4113,8.469071,8.473691,0.0546,21.56,29.958,1389,mult_1=F6B adder_3=0MH
sc_cfg1482,-12354.6753,-12372.0871,20.166788,20.186964,0.1000,30.34,88.037,2902,mult_1=HGY mult_2=DAE mult_3=HGY mult_6=HGY mult_8=5FA adder_0=0EM adder_2=073 adder_5=0GK adder_6=0Q7 adder_7=0Q7
sc_cfg1483,-1398.6550,-1359.2864,9.326432,9.324627,0.0194,21.58,21.379,991,mult_6=DAE adder_1=02E
sc_cfg1484,-6760.1166,-6766.0275,11.617245,11.624486,0.0623,24.17,50.365,2084,mult_3=8VH mult_5=5FA mult_8=CK3 adder_4=0AV adder_6=0EM
sc_cfg1485,-8570.8513,-8571.3410,15.909531,15.912070,0.0160,28.65,57.870,2020,mult_1=F6B mult_3=HGP mult_6=5FA adder_3=0MH adder_4=073 adder_5=0Q7 adder_6=0M0
sc_cfg1486,3.4636,3.4399,0.037619,0.037663,0.1172,19.26,18.388,955,mult_8=5FA
sc_cfg1487,-9124.6756,-9098.4019,17.828421,17.799512,0.1621,27.61,59.235,2145,mult_1=DAE mult_3=HGY mult_5=DAE mult_6=GPF adder_0=0GK adder_1=0AV adder_2=02E adder_7=0DL
sc_cfg1488,-16496.3856,-16501.4815,26.396722,26.404964,0.0312,27.78,72.712,2617,mult_0=F6B mult_2=HGY mult_3=GPF mult_6=GPF mult_8=AQ1 adder_0=0M0 adder_2=0EM adder_3=0Q7 adder_4=0MH
sc_cfg1489,-2475.0525,-2449.0026,9.527005,9.484403,0.4472,23.92,34.613,1447,mult_1=DAE mult_7=GPF adder_2=0DL adder_6=02E
sc_cfg1490,-9316.9218,-9322.0563,17.850310,17.853893,0.0201,32.63,124.604,3819,mult_0=5FA mult_1=DAE mult_2=5FA mult_4=5FA mult_5=CK3 mult_6=GPF mult_8=8VH adder_1=0Q7 adder_2=073 adder_3=0Q7 adder_4=02E adder_6=0AV adder_7=073
sc_cfg1491,-1489.7815,-1451.3454,9.409525,9.407591,0.0206,26.58,19.593,737,adder_1=02E adder_2=0M0 adder_4=0GK
sc_cfg1492,-5567.9686,-5550.0702,11.529325,11.505272,0.2086,22.01,8.052,366,adder_4=0MH
sc_cfg1493,-1263.5770,-1259.6367,2.942233,2.938606,0.1233,19.05,27.601,1449,mult_1=DAE mult_7=F6B
sc_cfg1494,-876.8026,-875.2291,1.560012,1.558114,0.1217,21.74,21.247,977,mult_0=HGP adder_6=073
sc_cfg1495,-3952.0339,-3961.7929,10.694208,10.645914,0.4516,29.81,60.313,2023,mult_0=HGY mult_1=CK3 mult_4=AQ1 mult_8=HGY adder_0=02E adder_1=0Q7 adder_4=0M0 adder_6=02E
sc_cfg1496,-8178.2855,-8125.4311,17.433622,17.372338,0.3515,33.47,59.173,1768,mult_1=8VH mult_7=8VH adder_0=073 adder_1=0MH adder_2=02E adder_3=0Q7 adder_4=073 adder_7=0EM
sc_cfg1497,-12224.5700,-12230.1212,21.235160,21.251775,0.0782,28.18,63.967,2270,mult_0=8VH mult_3=AQ1 mult_4=CK3 mult_6=5FA adder_0=0Q7 adder_1=0MH adder_3=0DL adder_5=0GK
sc_cfg1498,-9139.9458,-9098.7027,17.666659,17.635051,0.1789,32.14,93.997,2925,mult_0=DAE mult_1=AQ1 mult_3=AQ1 mult_4=DAE mult_5=8VH mult_6=CK3 mult_8=HGP adder_0=073 adder_1=0Q7 adder_2=02E adder_3=0AV adder_4=0AV adder_6=0GK
sc_cfg1499,-9152.4454,-8030.7029,17.899565,16.385136,8.4607,29.77,109.258,3670,mult_0=F6B mult_1=AQ1 mult_2=F6B mult_3=5FA mult_4=HGY mult_6=5FA mult_7=HGP mult_8=5FA adder_2=0EM adder_4=0GK adder_5=0EM adder_6=0GK adder_7=02E
sc_cfg1500,-4463.6186,-4455.5478,10.347427,10.346653,0.0075,21.74,25.606,1178,mult_2=5FA adder_1=0MH
sc_cfg1501,-26511.5596,-25397.1753,42.364669,43.901399,3.6274,31.67,105.326,3326,mult_1=CK3 mult_2=HGP mult_3=AQ1 mult_4=DAE mult_5=HGY mult_6=CK3 mult_7=F6B mult_8=8VH adder_1=0M0 adder_2=0Q7 adder_3=0AV adder_4=0AV adder_5=0AV adder_6=0MH
sc_cfg1502,-14643.7576,-14662.3265,24.536083,24.571947,0.1462,23.26,54.612,2348,mult_1=CK3 mult_2=HGP mult_4=DAE mult_6=DAE mult_8=F6B adder_2=0MH adder_4=0DL
sc_cfg1503,-6216.7064,-6222.6178,10.859527,10.867976,0.0778,28.36,54.573,1924,mult_5=F6B mult_6=HGY mult_8=GPF adder_1=0Q7 adder_4=0M0 adder_5=0AV adder_6=0DL
sc_cfg1504,-9790.8946,-11317.8265,24.423998,21.770295,10.8651,34.27,113.296,3306,mult_0=8VH mult_1=F6B mult_2=HGY mult_3=5FA mult_4=F6B mult_5=CK3 mult_6=5FA mult_8=HGY adder_1=0EM adder_2=0M0 adder_3=0EM adder_4=0EM adder_5=0GK adder_6=0EM adder_7=0MH
sc_cfg1505,-24273.7963,-15732.4369,42.215300,33.890155,19.7207,35.27,92.293,2617,mult_0=F6B mult_2=5FA mult_3=GPF mult_4=DAE mult_5=HGY mult_6=AQ1 mult_7=HGY adder_0=0GK adder_2=0EM adder_3=0MH adder_4=073 adder_5=0MH adder_6=0DL adder_7=0MH
sc_cfg1506,16.4431,16.4495,0.129774,0.129912,0.1066,21.77,9.405,432,adder_2=0M0
sc_cfg1507,-8743.9740,-8747.0478,14.781779,14.790636,0.0599,33.33,60.886,1827,mult_0=DAE mult_3=CK3 mult_7=HGP adder_0=02E adder_1=0DL adder_2=073 adder_4=0AV adder_6=0M0 adder_7=073
sc_cfg1508,-106.8304,-107.0149,8.370929,8.380528,0.1147,22.11,7.839,355,adder_5=02E
sc_cfg1509,-23544.1228,-23540.1395,37.257672,37.252765,0.0132,30.27,90.106,2977,mult_1=CK3 mult_2=8VH mult_3=CK3 mult_5=GPF mult_6=8VH mult_7=5FA mult_8=CK3 adder_0=0GK adder_1=073 adder_3=0DL adder_5=073 adder_7=0GK
sc_cfg1510,-12294.4495,-12305.9398,20.184139,20.203680,0.0968,25.90,44.670,1725,mult_0=HGY mult_2=GPF mult_4=HGP mult_8=8VH adder_2=0GK adder_3=0Q7 adder_6=0DL
sc_cfg1511,-6280.4981,-7127.7515,28.772582,29.649510,3.0478,37.04,112.007,3024,mult_1=CK3 mult_2=HGY mult_3=DAE mult_4=5FA mult_5=AQ1 mult_6=CK3 mult_7=CK3 mult_8=F6B adder_0=0M0 adder_1=0MH adder_2=0DL adder_3=0EM adder_4=02E adder_5=0M0 adder_6=0MH adder_7=0DL
sc_cfg1512,-28549.9941,-20731.0965,45.461802,35.403466,22.1248,37.08,110.806,2988,mult_0=5FA mult_1=HGY mult_2=AQ1 mult_3=GPF mult_4=HGP mult_5=5FA mult_6=HGY mult_7=8VH adder_0=0DL adder_1=0MH adder_2=0AV adder_3=02E adder_4=0M0 adder_5=0AV adder_6=0EM adder_7=0MH
sc_cfg1513,-7371.1383,-7386.6466,14.325946,14.338156,0.0852,37.51,76.563,2041,mult_0=F6B mult_1=HGY mult_6=DAE mult_8=GPF adder_0=0Q7 adder_1=02E adder_2=0DL adder_3=0Q7 adder_4=02E adder_5=0AV adder_6=0M0 adder_7=073
sc_cfg1514,-2038.6028,-2031.3434,3.902711,3.893882,0.2262,19.40,22.093,1139,mult_0=F6B mult_7=F6B
sc_cfg1515,-11364.8417,-11386.4373,19.632070,19.653909,0.1112,25.57,70.337,2751,mult_3=5FA mult_4=GPF mult_5=F6B mult_7=AQ1 mult_8=F6B adder_0=02E adder_3=02E adder_5=0GK
sc_cfg1516,-1589.8003,-1591.4335,3.562579,3.562257,0.0090,31.05,49.300,1588,mult_6=AQ1 mult_8=HGP adder_1=0EM adder_2=0GK adder_5=073 adder_6=0Q7 adder_7=0GK
sc_cfg1517,-6201.4898,-6224.5262,13.066775,13.111539,0.3426,26.59,45.554,1713,mult_2=HGY mult_5=5FA adder_3=0M0 adder_4=0GK adder_6=02E
sc_cfg1518,-9460.0655,-9478.6518,15.840367,15.859911,0.1234,28.49,55.352,1943,mult_1=GPF mult_3=HGY mult_8=CK3 adder_0=0Q7 adder_2=0GK adder_6=0GK adder_7=0AV
sc_cfg1519,-316.9050,-325.8234,4.435351,4.417776,0.3962,28.17,45.130,1602,mult_0=F6B mult_2=F6B adder_0=0AV adder_2=0M0 adder_6=0M0 adder_7=0M0
sc_cfg1520,-2751.0814,-2753.0249,6.344966,6.339264,0.0899,21.54,21.235,986,mult_2=AQ1 adder_3=02E
sc_cfg1521,-17747.8160,-17758.1757,28.244071,28.261675,0.0623,32.48,90.745,2794,mult_0=8VH mult_1=CK3 mult_2=HGP mult_3=GPF mult_6=HGY mult_8=CK3 adder_1=073 adder_2=0DL adder_3=0DL adder_4=0M0 adder_6=0EM adder_7=0AV
sc_cfg1522,-13146.6343,-13118.6600,22.232194,22.195666,0.1643,28.80,43.075,1495,mult_1=CK3 mult_5=HGY adder_3=0Q7 adder_4=0MH adder_5=0M0 adder_7=0GK
sc_cfg1523,17.1875,17.2116,0.051437,0.051501,0.1235,21.69,14.087,649,adder_2=073
sc_cfg1524,-14098.9286,-14027.1532,23.088270,22.984642,0.4488,35.04,108.134,3086,mult_0=GPF mult_1=8VH mult_3=AQ1 mult_4=F6B mult_5=HGY mult_6=AQ1 mult_7=8VH mult_8=AQ1 adder_1=0Q7 adder_2=0M0 adder_3=02E adder_4=0EM adder_5=0M0 adder_6=0M0 adder_7=0Q7
sc_cfg1525,-13869.4626,-13864.4730,22.282917,22.277982,0.0221,27.55,72.452,2630,mult_0=F6B mult_3=5FA mult_5=HGY mult_6=CK3 mult_7=8VH mult_8=HGY adder_1=0M0 adder_3=0AV adder_4=0EM adder_7=0EM
sc_cfg1526,-3118.7493,-3107.6980,5.230883,5.216954,0.2663,25.65,46.575,1816,mult_0=F6B mult_1=5FA mult_7=HGY adder_1=0Q7 adder_6=0EM adder_7=0DL
sc_cfg1527,-869.6173,-870.7336,1.551111,1.552356,0.0803,21.24,43.151,2031,mult_2=5FA mult_5=5FA mult_8=HGP adder_1=0Q7
sc_cfg1528,-5880.0272,-5875.8074,11.011557,11.006135,0.0492,26.81,129.854,4844,mult_0=HGY mult_1=CK3 mult_2=5FA mult_3=F6B mult_4=5FA mult_5=DAE mult_6=F6B mult_7=8VH mult_8=5FA adder_0=0AV adder_3=0DL adder_4=0EM adder_6=0AV
sc_cfg1529,-6589.5761,-6535.9618,13.123966,13.065576,0.4449,28.20,61.036,2164,mult_2=GPF mult_3=AQ1 mult_5=DAE mult_8=HGP adder_0=0GK adder_1=0GK adder_3=0MH adder_6=0DL
sc_cfg1530,-4060.8298,-4064.4910,7.200733,7.207536,0.0945,19.05,23.411,1229,mult_2=DAE mult_6=CK3
sc_cfg1531,-10471.7423,-10046.7654,19.163208,18.578235,3.0526,30.55,74.193,2429,mult_0=HGY mult_1=GPF mult_4=CK3 mult_7=GPF mult_8=CK3 adder_0=02E adder_2=0GK adder_4=0EM adder_5=0AV adder_7=02E
sc_cfg1532,-6862.2676,-6765.6751,14.111108,14.034185,0.5451,28.25,76.557,2710,mult_0=F6B mult_1=5FA mult_6=HGY mult_8=8VH adder_0=0Q7 adder_2=073 adder_3=02E adder_6=02E
sc_cfg1533,-5860.6176,-5863.9464,9.744221,9.750747,0.0670,23.27,46.706,2007,mult_0=8VH mult_6=GPF mult_8=GPF adder_2=0EM adder_3=0EM
sc_cfg1534,-18711.2768,-18730.2559,31.155345,31.186392,0.0997,30.33,63.557,2095,mult_0=DAE mult_1=HGY mult_2=HGY mult_4=CK3 mult_5=8VH adder_0=02E adder_1=0DL adder_2=0AV adder_3=0M0 adder_5=02E
sc_cfg1535,-13422.7133,-13501.3511,24.155525,24.453150,1.2321,23.47,57.419,2446,mult_0=AQ1 mult_1=F6B mult_4=8VH mult_5=AQ1 mult_6=GPF adder_5=0MH adder_7=02E
sc_cfg1536,-2517.6130,-7361.0916,18.705060,22.827191,22.0375,35.14,85.874,2444,mult_1=HGP mult_2=DAE mult_3=F6B mult_6=CK3 mult_7=HGY adder_0=0Q7 adder_1=0MH adder_2=0EM adder_3=0DL adder_4=0AV adder_5=02E adder_7=0MH
sc_cfg1537,-12076.7508,-12042.2610,21.739707,21.695856,0.2017,26.07,56.269,2158,mult_1=HGY mult_3=CK3 mult_5=HGY mult_8=5FA adder_2=02E adder_6=0Q7 adder_7=0AV
sc_cfg1538,-6931.4384,-6722.1158,14.915055,14.615163,2.0107,32.49,82.849,2550,mult_1=GPF mult_5=F6B mult_6=AQ1 mult_7=HGP mult_8=5FA adder_0=02E adder_1=0Q7 adder_3=02E adder_4=0Q7 adder_6=0GK adder_7=02E
sc_cfg1539,-955.1834,-955.2767,1.687754,1.687646,0.0064,23.62,30.179,1278,mult_0=8VH mult_1=DAE adder_1=0M0 adder_3=073
sc_cfg1540,-5211.2874,-5206.8048,9.095759,9.092694,0.0337,28.55,52.325,1833,mult_0=HGP mult_2=HGP mult_3=DAE adder_2=0GK adder_3=0DL adder_4=0Q7 adder_5=0DL
sc_cfg1541,-9798.6586,-9793.0535,18.092927,18.078337,0.0806,27.46,89.497,3259,mult_0=HGY mult_1=CK3 mult_3=DAE mult_4=GPF mult_6=5FA mult_7=AQ1 mult_8=F6B adder_1=073 adder_2=02E adder_5=0AV adder_7=0M0
sc_cfg1542,-6227.3231,-6231.6817,10.837080,10.841351,0.0394,28.17,52.265,1856,mult_1=GPF mult_4=DAE mult_6=HGY mult_8=HGY adder_0=02E adder_1=0Q7 adder_2=073 adder_4=073
sc_cfg1543,-119.5522,-119.2971,0.306950,0.306978,0.0089,19.45,15.486,796,mult_7=DAE
sc_cfg1544,-14547.3866,-8711.1953,27.120948,26.873351,0.9129,28.74,70.019,2437,mult_0=DAE mult_1=8VH mult_3=AQ1 mult_5=5FA adder_0=0MH adder_1=0Q7 adder_3=0MH adder_6=0MH
sc_cfg1545,-8290.6141,-8304.5688,14.027823,14.049347,0.1534,26.10,41.516,1591,mult_5=GPF mult_7=HGP adder_1=0GK adder_2=0M0 adder_6=073
sc_cfg1546,-15715.4134,-15724.0008,26.249428,26.256895,0.0284,30.93,66.143,2139,mult_1=8VH mult_3=HGP mult_4=CK3 mult_8=HGY adder_1=0M0 adder_3=0DL adder_4=0MH adder_5=0EM adder_7=0Q7
sc_cfg1547,-12867.5500,-12397.6308,22.615601,22.126311,2.1635,28.75,69.962,2434,mult_0=GPF mult_4=GPF mult_5=CK3 mult_7=F6B adder_0=0EM adder_4=0Q7 adder_5=0M0 adder_7=02E
sc_cfg1548,-9718.9920,-9710.3054,15.626897,15.614224,0.0811,34.41,109.230,3174,mult_0=F6B mult_1=HGY mult_2=HGP mult_4=5FA mult_6=5FA mult_7=GPF mult_8=AQ1 adder_1=0AV adder_2=0Q7 adder_3=0GK adder_4=0AV adder_5=073 adder_6=073 adder_7=0Q7
sc_cfg1549,-5873.6167,-5875.1470,10.404185,10.408363,0.0402,28.06,56.113,1999,mult_2=AQ1 mult_5=8VH mult_7=5FA adder_0=0EM adder_1=0DL adder_6=0EM adder_7=073
sc_cfg1550,-15786.5155,-15855.5709,25.976265,26.072262,0.3696,34.43,102.834,2987,mult_0=F6B mult_1=F6B mult_2=F6B mult_3=HGP mult_4=HGP mult_5=5FA mult_7=HGP adder_0=0M0 adder_1=0M0 adder_2=0DL adder_3=073 adder_4=0AV adder_6=073 adder_7=0EM
sc_cfg1551,-16264.6336,-16267.3768,26.234433,26.242676,0.0314,29.95,90.915,3036,mult_0=HGP mult_1=HGP mult_4=CK3 mult_5=HGY mult_6=AQ1 mult_7=DAE mult_8=5FA adder_0=0M0 adder_2=0EM adder_5=0AV adder_6=0M0 adder_7=0GK
sc_cfg1552,-19111.4633,-19112.4703,32.036761,32.040183,0.0107,30.25,84.760,2802,mult_1=F6B mult_4=HGY mult_5=5FA mult_6=F6B mult_7=5FA mult_8=CK3 adder_1=0M0 adder_3=0Q7 adder_4=0MH adder_5=0MH adder_6=0AV
sc_cfg1553,-476.3818,-479.3104,2.307909,2.311718,0.1651,26.03,36.967,1420,mult_5=DAE mult_8=DAE adder_0=0DL adder_3=0GK adder_4=0Q7
sc_cfg1554,-3538.2224,-3492.8262,11.039859,10.999142,0.3688,28.00,34.110,1218,mult_2=GPF adder_0=0DL adder_1=0AV adder_2=02E adder_3=073
sc_cfg1555,-7281.6803,-7306.6428,15.019743,15.048478,0.1913,28.12,43.645,1552,mult_0=8VH mult_2=F6B adder_0=0M0 adder_1=0AV adder_2=0MH adder_6=0Q7
sc_cfg1556,-15575.6001,-15545.2927,26.230613,26.190770,0.1519,28.20,59.473,2109,mult_2=GPF mult_5=8VH mult_6=CK3 mult_7=8VH adder_0=0Q7 adder_1=02E adder_4=0M0 adder_5=0M0
sc_cfg1557,-10790.3802,-10773.7073,18.676645,18.667654,0.0481,34.87,103.006,2954,mult_3=5FA mult_4=5FA mult_5=5FA mult_6=8VH mult_7=HGP adder_0=0Q7 adder_1=0MH adder_2=0DL adder_3=0MH adder_4=0AV adder_5=073 adder_7=0DL
sc_cfg1558,-2166.9061,-2170.8677,3.864643,3.868401,0.0972,33.28,58.522,1759,mult_1=HGY mult_3=AQ1 adder_0=0Q7 adder_1=0M0 adder_3=073 adder_4=0DL adder_5=0Q7 adder_7=0AV
sc_cfg1559,-4017.1871,-4013.0264,7.147586,7.147186,0.0056,23.28,42.880,1842,mult_1=5FA mult_2=HGY mult_3=DAE adder_0=0EM adder_3=0Q7
sc_cfg1560,-12901.6648,-10367.1991,23.955108,24.638859,2.8543,24.58,39.028,1588,mult_0=GPF mult_1=CK3 mult_7=AQ1 adder_3=0DL adder_6=0MH
sc_cfg1561,-8192.6314,-8181.6339,16.258201,16.246328,0.0730,28.45,54.807,1926,mult_1=DAE mult_5=HGY mult_7=GPF mult_8=8VH adder_2=0DL adder_3=0GK adder_4=02E adder_7=0AV
sc_cfg1562,-7870.1373,-7878.4340,13.336762,13.352117,0.1151,23.39,37.678,1611,mult_0=CK3 mult_1=F6B mult_5=HGP adder_3=073 adder_4=0AV
sc_cfg1563,-1678.3779,-1678.6508,3.564957,3.570908,0.1669,32.16,83.394,2593,mult_0=8VH mult_3=AQ1 mult_5=DAE mult_6=DAE mult_7=AQ1 mult_8=HGP adder_0=0Q7 adder_1=0Q7 adder_2=0GK adder_3=073 adder_4=0DL adder_5=0EM
sc_cfg1564,-3699.1820,-3624.7089,7.318744,7.225444,1.2748,23.70,54.151,2285,mult_1=5FA mult_4=5FA mult_5=F6B mult_7=HGY adder_0=0GK adder_6=0DL
sc_cfg1565,2063.8241,2056.7485,8.466469,8.457611,0.1046,21.99,9.206,419,adder_7=02E
sc_cfg1566,-4842.4571,-4846.5003,8.314134,8.323554,0.1133,30.48,65.819,2159,mult_0=HGP mult_2=GPF mult_3=DAE mult_7=AQ1 adder_1=0Q7 adder_2=0M0 adder_3=0M0 adder_6=0DL adder_7=0EM
sc_cfg1567,-6591.3920,-6590.3570,11.630127,11.623482,0.0571,25.84,39.737,1538,mult_3=8VH mult_7=5FA adder_1=0GK adder_2=0GK adder_7=0M0
sc_cfg1568,-5867.6486,-5868.1302,10.386036,10.388825,0.0269,19.10,23.853,1249,mult_3=5FA mult_5=8VH
sc_cfg1569,-293.9263,-299.4777,2.138622,2.145242,0.3095,24.16,14.715,609,adder_3=0GK adder_4=0EM
sc_cfg1570,-21296.4923,-21291.5657,34.387685,34.381699,0.0174,30.65,76.711,2503,mult_3=GPF mult_5=HGP mult_6=CK3 mult_7=8VH mult_8=CK3 adder_2=0M0 adder_3=0M0 adder_4=0MH adder_5=0M0 adder_7=0DL
sc_cfg1571,-16652.3786,-17741.5509,27.979158,29.695618,6.1348,28.40,56.247,1980,mult_1=HGY mult_2=HGP mult_4=CK3 mult_8=5FA adder_3=02E adder_4=0GK adder_5=0AV adder_6=02E
sc_cfg1572,3231.1462,1811.8510,13.400077,12.669178,5.4544,23.71,32.195,1358,mult_3=DAE mult_7=HGP adder_2=0Q7 adder_7=0MH
sc_cfg1573,-15858.8160,-15856.7976,25.419295,25.416121,0.0125,32.46,83.604,2576,mult_0=HGY mult_1=CK3 mult_3=AQ1 mult_4=HGP mult_6=HGP mult_7=8VH adder_1=0EM adder_2=0Q7 adder_4=073 adder_5=0EM adder_6=0Q7 adder_7=0M0
sc_cfg1574,-13929.2770,-13929.6586,23.556611,23.568127,0.0489,30.45,63.496,2085,mult_4=CK3 mult_6=DAE mult_7=8VH mult_8=CK3 adder_0=073 adder_1=0MH adder_2=0DL adder_6=0DL adder_7=0EM
sc_cfg1575,-9671.3309,-9682.5236,16.023576,16.038029,0.0902,30.17,69.935,2318,mult_1=F6B mult_3=8VH mult_4=AQ1 mult_7=GPF adder_0=0AV adder_1=0GK adder_2=0DL adder_3=0Q7 adder_7=0EM
sc_cfg1576,-7506.2100,-7525.0467,12.941163,12.972323,0.2408,21.39,49.581,2318,mult_1=5FA mult_4=GPF mult_6=AQ1 mult_8=8VH adder_5=0Q7
sc_cfg1577,23.0118,22.9882,0.043580,0.043540,0.0906,21.71,23.663,1090,mult_6=5FA adder_6=0EM
sc_cfg1578,-18287.2518,-18327.3238,30.063536,30.117293,0.1788,37.96,106.526,2807,mult_0=8VH mult_1=HGP mult_2=5FA mult_4=8VH mult_5=5FA mult_6=HGY mult_8=CK3 adder_0=0DL adder_1=0GK adder_2=0MH adder_3=0EM adder_4=0DL adder_5=0MH adder_6=073 adder_7=073
sc_cfg1579,-661.1499,-4707.6749,16.558287,15.825398,4.4261,24.35,24.106,990,mult_3=CK3 adder_3=02E adder_7=0MH
sc_cfg1580,-6671.6915,-6688.2204,11.803631,11.830241,0.2254,26.71,38.872,1456,mult_1=AQ1 mult_4=HGY adder_3=0EM adder_5=0Q7 adder_7=0DL
sc_cfg1581,-3494.5988,-3492.6843,6.137524,6.124711,0.2088,30.47,69.547,2282,mult_1=CK3 mult_5=AQ1 mult_7=DAE mult_8=GPF adder_0=073 adder_3=073 adder_4=0GK adder_6=0EM adder_7=0DL
sc_cfg1582,-17588.5102,-18894.1105,31.091999,32.832674,5.5985,32.02,75.811,2368,mult_0=HGY mult_2=GPF mult_4=AQ1 mult_5=CK3 mult_7=AQ1 mult_8=HGY adder_0=0GK adder_1=0MH adder_2=0MH adder_3=0MH adder_6=02E adder_7=0AV
sc_cfg1583,-2250.8905,-2252.5697,4.225543,4.231928,0.1511,21.72,39.797,1832,mult_0=HGY mult_4=DAE mult_7=DAE mult_8=GPF adder_5=0GK
sc_cfg1584,-13132.0886,-13119.5671,22.311808,22.296923,0.0667,25.28,67.210,2659,mult_2=5FA mult_3=HGP mult_4=GPF mult_6=F6B mult_8=GPF adder_0=02E adder_1=073 adder_7=0GK
sc_cfg1585,-11231.9062,-11159.3976,20.471496,20.364404,0.5231,32.56,88.677,2723,mult_0=8VH mult_1=GPF mult_2=F6B mult_5=AQ1 mult_7=HGY mult_8=GPF adder_0=0Q7 adder_1=0GK adder_3=0AV adder_4=0MH adder_5=02E adder_7=0GK
sc_cfg1586,-17026.0206,-17040.3439,27.564074,27.589826,0.0934,25.75,53.419,2074,mult_0=AQ1 mult_2=HGP mult_4=GPF mult_5=GPF adder_1=0GK adder_3=0M0 adder_4=0GK
sc_cfg1587,-24251.3321,-19035.2445,41.775133,32.399618,22.4428,32.57,84.158,2584,mult_0=CK3 mult_3=8VH mult_4=CK3 mult_6=GPF mult_7=8VH mult_8=8VH adder_1=0AV adder_2=0DL adder_3=0DL adder_5=073 adder_6=0GK adder_7=0MH
sc_cfg1588,-12465.5289,-12472.2000,20.674968,20.685464,0.0508,28.56,38.179,1337,mult_2=CK3 mult_5=8VH adder_0=073 adder_1=0DL adder_3=02E adder_6=073
sc_cfg1589,-2318.3458,-2311.5915,4.569013,4.557089,0.2610,28.72,42.368,1475,mult_1=AQ1 mult_7=HGY adder_3=0M0 adder_5=0GK adder_6=0AV adder_7=0AV
sc_cfg1590,-15097.2140,-15236.8490,26.515994,26.695926,0.6786,37.72,87.468,2319,mult_0=DAE mult_1=AQ1 mult_3=HGY mult_7=5FA mult_8=DAE adder_0=0MH adder_1=0DL adder_2=0MH adder_3=02E adder_4=073 adder_5=0GK adder_6=0GK adder_7=0AV
sc_cfg1591,-20970.8113,-21002.7496,33.614088,33.663129,0.1459,30.63,69.970,2284,mult_1=CK3 mult_3=8VH mult_5=GPF mult_8=GPF adder_0=0Q7 adder_2=0MH adder_4=0GK adder_6=0AV adder_7=0AV
sc_cfg1592,-18960.4186,-18962.4399,30.318370,30.330162,0.0389,35.19,77.464,2201,mult_2=8VH mult_3=8VH mult_5=CK3 mult_7=GPF mult_8=HGY adder_0=0GK adder_1=02E adder_3=0Q7 adder_4=0Q7 adder_5=073 adder_6=0M0 adder_7=0M0
sc_cfg1593,-6828.8616,-6826.1642,12.146597,12.140284,0.0520,23.99,40.965,1707,mult_2=5FA mult_3=HGY mult_4=F6B adder_1=0Q7 adder_5=0M0
sc_cfg1594,-3230.8792,-3226.3452,9.796745,9.796701,0.0005,26.09,41.844,1604,mult_1=CK3 mult_4=F6B mult_8=8VH adder_0=0M0 adder_2=02E adder_4=0Q7
sc_cfg1595,-5865.6101,-5870.1453,10.383481,10.389143,0.0545,21.69,17.324,799,mult_3=CK3 adder_7=0Q7
sc_cfg1596,-332.0603,-326.7814,2.243577,2.245635,0.0917,31.35,58.539,1867,mult_0=5FA mult_7=AQ1 adder_0=0AV adder_1=0Q7 adder_3=0DL adder_4=0GK adder_6=073
sc_cfg1597,-1971.0978,-1912.1952,9.305737,9.210739,1.0209,33.27,69.801,2098,mult_0=8VH mult_6=5FA mult_7=HGP adder_1=0GK adder_2=0Q7 adder_3=0GK adder_4=0GK adder_6=0AV adder_7=02E
sc_cfg1598,-13817.9468,-14450.4237,23.509634,24.430787,3.9182,33.09,88.601,2677,mult_0=GPF mult_1=HGY mult_2=GPF mult_6=CK3 mult_7=8VH mult_8=HGP adder_0=0GK adder_2=0M0 adder_4=0Q7 adder_5=0M0 adder_6=02E adder_7=0EM
sc_cfg1599,-5622.0217,-5612.7466,11.824218,11.822397,0.0154,24.03,20.316,845,mult_0=8VH adder_1=0MH adder_2=0GK
sc_cfg1600,-7242.0749,-7251.8040,12.662511,12.670037,0.0594,30.69,48.799,1590,mult_0=8VH mult_3=CK3 adder_2=0GK adder_3=0Q7 adder_4=0GK adder_6=0AV adder_7=0AV
sc_cfg1601,-2113.2512,-8731.7833,24.654223,27.328978,10.8491,33.24,62.329,1875,mult_1=CK3 mult_3=F6B mult_4=F6B mult_8=HGP adder_0=0EM adder_1=02E adder_3=0MH adder_4=0DL adder_5=073 adder_6=0MH
sc_cfg1602,-19004.9940,-19033.5583,30.453723,30.495467,0.1371,30.29,68.419,2259,mult_1=HGP mult_4=8VH mult_5=8VH mult_6=HGY mult_8=5FA adder_0=0GK adder_2=02E adder_3=0M0 adder_6=0EM adder_7=073
sc_cfg1603,1903.6764,-1954.6500,14.066260,13.601539,3.3038,21.67,14.558,672,mult_3=HGP adder_7=0MH
sc_cfg1604,12.2710,12.4495,0.128235,0.128400,0.1289,22.02,25.472,1157,mult_0=AQ1 mult_7=AQ1 adder_5=0M0
sc_cfg1605,-21938.7229,-21929.4033,35.830611,35.830890,0.0008,33.17,96.347,2905,mult_0=HGY mult_3=HGP mult_4=HGY mult_5=5FA mult_6=DAE mult_7=DAE mult_8=AQ1 adder_0=0EM adder_1=02E adder_2=0DL adder_3=0AV adder_5=0MH adder_7=0Q7
sc_cfg1606,-6166.2284,-6128.5434,20.204654,20.201548,0.0154,26.49,41.196,1555,mult_0=CK3 mult_4=DAE adder_2=0M0 adder_3=0Q7 adder_5=0MH
sc_cfg1607,-5866.7508,-5867.3287,10.384636,10.387642,0.0289,19.35,12.577,650,mult_5=CK3
sc_cfg1608,-9226.5544,-9200.1511,15.249208,15.210125,0.2563,23.45,45.060,1922,mult_0=5FA mult_3=HGY mult_7=GPF adder_0=073 adder_7=0GK
sc_cfg1609,-13392.8450,-13585.8749,21.851380,22.126902,1.2609,28.71,64.699,2254,mult_0=DAE mult_4=GPF mult_6=8VH mult_7=CK3 adder_1=0DL adder_4=0Q7 adder_5=0DL adder_6=0GK
sc_cfg1610,-5985.1857,-5984.6336,13.448697,13.444003,0.0349,26.51,28.752,1084,mult_4=CK3 adder_1=0EM adder_2=02E adder_7=073
sc_cfg1611,-6615.9235,-6633.9347,11.720090,11.749266,0.2489,21.75,17.382,799,mult_4=HGP adder_6=0EM
sc_cfg1612,1462.2480,1447.7387,8.900199,8.916017,0.1777,26.26,54.793,2087,mult_1=5FA mult_6=5FA adder_0=073 adder_2=0EM adder_4=02E
sc_cfg1613,-5842.4078,-5842.9426,10.352439,10.355378,0.0284,23.95,52.364,2186,mult_2=5FA mult_4=AQ1 mult_5=CK3 adder_3=0AV adder_7=0Q7
sc_cfg1614,-2997.1008,-3001.5531,5.046125,5.051325,0.1030,23.80,43.299,1819,mult_1=CK3 mult_6=DAE mult_8=HGP adder_0=0M0 adder_3=073
sc_cfg1615,-3143.5279,-3147.5974,5.281523,5.286494,0.0941,20.29,77.908,3840,mult_0=DAE mult_1=GPF mult_3=DAE mult_5=DAE mult_6=DAE mult_7=AQ1 mult_8=GPF adder_3=0Q7
sc_cfg1616,-9053.6531,-9033.9575,17.972382,17.935599,0.2047,32.57,99.762,3063,mult_0=8VH mult_1=HGP mult_2=F6B mult_4=DAE mult_5=HGP mult_7=5FA mult_8=F6B adder_0=0MH adder_1=0M0 adder_2=0Q7 adder_3=0DL adder_5=02E adder_7=0Q7
sc_cfg1617,-25755.8510,-25847.2697,41.212143,42.613277,3.3998,32.71,83.968,2567,mult_1=HGY mult_2=8VH mult_4=AQ1 mult_5=8VH mult_6=HGP mult_8=DAE adder_0=02E adder_1=0MH adder_2=0GK adder_5=0DL adder_6=0MH adder_7=0DL
sc_cfg1618,-3007.5247,-5298.2713,14.578186,14.843932,1.8229,23.50,44.479,1893,mult_2=F6B mult_6=HGP mult_7=HGY mult_8=GPF adder_1=0Q7 adder_7=0MH
sc_cfg1619,-9328.5778,-9347.5474,15.820983,15.850295,0.1853,29.66,104.478,3523,mult_0=GPF mult_2=DAE mult_3=F6B mult_4=5FA mult_5=HGP mult_6=DAE mult_7=5FA adder_0=0DL adder_1=0AV adder_3=0DL adder_6=0GK adder_7=0GK
sc_cfg1620,3.4806,3.5335,0.037766,0.037732,0.0893,21.52,27.042,1256,mult_0=5FA adder_2=0AV
sc_cfg1621,-6143.3969,-6138.8801,10.263810,10.260508,0.0322,24.23,31.671,1307,mult_6=8VH mult_7=HGY adder_3=0M0 adder_5=073
sc_cfg1622,-265.0155,-265.3806,2.212627,2.216451,0.1728,21.60,17.558,813,mult_4=AQ1 adder_2=0GK
sc_cfg1623,-13435.5099,-13851.3244,29.278924,25.196705,13.9425,35.43,96.230,2716,mult_1=AQ1 mult_2=AQ1 mult_3=F6B mult_4=8VH mult_6=8VH mult_7=HGP mult_8=GPF adder_0=0Q7 adder_1=0AV adder_3=0DL adder_4=0Q7 adder_5=0DL adder_6=0GK adder_7=0MH
sc_cfg1624,-2163.3212,-2167.1289,3.832622,3.836112,0.0911,22.09,12.167,551,mult_1=HGY adder_0=0M0
sc_cfg1625,-276.6012,-272.5450,2.176527,2.179683,0.1450,24.40,13.885,569,adder_2=073 adder_6=0GK
sc_cfg1626,-12210.8993,-13291.3129,27.114236,24.114939,11.0617,34.97,85.785,2453,mult_1=8VH mult_3=HGY mult_4=DAE mult_6=5FA mult_7=GPF mult_8=HGY adder_0=0M0 adder_1=0MH adder_2=0M0 adder_3=0M0 adder_4=0EM adder_5=0DL adder_7=0MH
sc_cfg1627,-17179.5403,-17177.1550,27.608082,27.608186,0.0004,37.69,78.383,2080,mult_1=8VH mult_3=CK3 mult_6=DAE mult_7=GPF adder_0=073 adder_1=02E adder_2=0EM adder_3=0MH adder_4=02E adder_5=073 adder_6=073 adder_7=0DL
sc_cfg1628,-4077.0832,-4080.8634,7.218386,7.225692,0.1012,19.58,10.429,533,mult_6=8VH
sc_cfg1629,-969.0439,-970.4194,1.801538,1.802690,0.0639,28.85,31.003,1075,mult_8=HGY adder_2=0EM adder_3=0DL adder_5=0DL adder_7=0EM
sc_cfg1630,-15686.9267,-15695.4269,26.502638,26.524984,0.0843,30.78,49.986,1624,mult_4=5FA mult_5=HGP adder_0=0AV adder_1=0MH adder_2=0MH adder_3=0Q7 adder_5=0GK
sc_cfg1631,-16277.8663,-16264.4225,27.209548,27.187681,0.0804,33.72,102.415,3037,mult_0=8VH mult_2=HGY mult_3=5FA mult_4=CK3 mult_6=5FA mult_7=GPF mult_8=F6B adder_0=02E adder_2=0AV adder_3=0M0 adder_4=02E adder_5=0DL adder_7=073
sc_cfg1632,-12505.8811,-12382.9751,22.496245,22.496700,0.0020,32.23,102.187,3171,mult_0=AQ1 mult_1=5FA mult_4=DAE mult_5=GPF mult_6=F6B mult_7=CK3 mult_8=F6B adder_0=0AV adder_1=0EM adder_2=0MH adder_3=0DL adder_5=073 adder_7=02E
sc_cfg1633,-11206.2241,-10590.2591,21.491092,20.722950,3.5742,35.49,98.681,2781,mult_2=F6B mult_3=8VH mult_4=5FA mult_5=HGP mult_6=F6B mult_7=CK3 adder_1=02E adder_2=0M0 adder_3=0EM adder_4=0GK adder_5=0GK adder_6=0EM adder_7=0GK
sc_cfg1634,-2431.4936,-2427.9190,5.402513,5.391062,0.2120,21.86,18.632,852,mult_3=F6B adder_7=0GK
sc_cfg1635,-12837.8744,-12848.6999,20.977411,20.997754,0.0970,25.04,82.247,3285,mult_0=5FA mult_1=F6B mult_2=HGY mult_3=5FA mult_4=8VH mult_7=DAE mult_8=HGY adder_0=0AV adder_3=0AV adder_7=0M0
sc_cfg1636,16.2534,16.3723,0.227266,0.226977,0.1273,19.26,12.974,674,mult_2=DAE
sc_cfg1637,-8030.3018,-8022.6126,13.492961,13.485708,0.0538,26.34,40.578,1540,mult_5=GPF mult_7=CK3 adder_2=0EM adder_3=0Q7 adder_5=0AV
sc_cfg1638,-26237.8211,-26141.7612,41.535907,41.403448,0.3189,36.31,98.739,2719,mult_0=CK3 mult_2=CK3 mult_3=HGP mult_4=HGP mult_5=HGY mult_7=8VH mult_8=GPF adder_0=0GK adder_1=0M0 adder_3=0M0 adder_4=0DL adder_5=0DL adder_6=0DL adder_7=0EM
sc_cfg1639,-5052.0189,-5044.7712,10.956051,10.956291,0.0022,23.10,19.659,851,mult_2=HGY mult_4=DAE adder_1=0MH
sc_cfg1640,-6130.5054,-6135.4082,10.959792,10.961501,0.0156,21.75,22.682,1043,mult_3=GPF adder_2=0GK
sc_cfg1641,-10578.9610,-10574.7153,17.990665,17.987319,0.0186,28.06,52.666,1877,mult_0=HGY mult_2=8VH mult_5=8VH mult_6=F6B adder_1=0DL adder_2=0GK adder_3=0AV adder_4=0Q7
sc_cfg1642,-5786.2833,-5788.5813,9.641141,9.646381,0.0544,28.18,68.493,2431,mult_0=GPF mult_6=8VH mult_7=5FA mult_8=8VH adder_0=0AV adder_1=073 adder_4=0M0 adder_5=0M0
sc_cfg1643,-6564.1386,-6174.9099,18.075841,18.242240,0.9206,38.14,77.915,2043,mult_0=8VH mult_1=GPF mult_2=F6B mult_3=CK3 adder_0=0MH adder_1=073 adder_2=02E adder_3=02E adder_4=02E adder_5=073 adder_6=0GK adder_7=0AV
sc_cfg1644,-6944.9548,-6997.0768,13.763232,13.851619,0.6422,35.25,82.422,2338,mult_1=CK3 mult_4=AQ1 mult_5=DAE mult_7=HGP mult_8=F6B adder_0=073 adder_2=0GK adder_3=0EM adder_4=0AV adder_5=02E adder_6=0GK adder_7=0AV
sc_cfg1645,-7269.0587,-7260.6895,12.496936,12.490710,0.0498,29.81,94.759,3179,mult_0=GPF mult_2=HGY mult_3=F6B mult_4=5FA mult_5=DAE mult_6=DAE mult_7=F6B adder_0=0AV adder_2=0DL adder_3=0AV adder_5=0M0 adder_7=0Q7
sc_cfg1646,-21071.1215,-21122.2862,33.603101,33.673223,0.2087,35.01,76.988,2199,mult_1=8VH mult_3=HGP mult_4=CK3 mult_6=8VH mult_7=HGP adder_0=073 adder_1=0AV adder_2=0M0 adder_3=0MH adder_4=0DL adder_5=0EM adder_6=0GK
sc_cfg1647,-7507.1645,-7517.6342,12.749491,12.763922,0.1132,20.94,48.981,2340,mult_1=8VH mult_5=F6B mult_6=GPF mult_7=5FA adder_1=0DL
sc_cfg1648,-22248.0374,-19960.9747,37.718048,36.612528,2.9310,28.48,54.178,1903,mult_1=HGP mult_3=AQ1 mult_4=GPF mult_6=HGY adder_1=0AV adder_3=0GK adder_4=0M0 adder_6=0MH
sc_cfg1649,-2457.2605,-2466.7816,4.715154,4.728881,0.2911,21.59,13.226,613,mult_1=HGY adder_3=0GK
sc_cfg1650,-6635.6320,-6652.5322,11.754629,11.783048,0.2418,21.54,16.466,765,mult_4=8VH adder_0=0DL
sc_cfg1651,-16904.5577,-16928.2524,28.149582,28.188685,0.1389,28.02,54.934,1960,mult_1=AQ1 mult_3=8VH mult_6=HGP adder_0=0AV adder_2=0MH adder_3=073 adder_6=0AV
sc_cfg1652,-11577.3404,-11583.4928,20.225112,20.237540,0.0614,26.11,55.863,2139,mult_1=5FA mult_4=DAE mult_6=CK3 adder_2=0MH adder_4=0AV adder_7=0M0
sc_cfg1653,-23680.3682,-23703.4441,38.183557,38.212851,0.0767,34.15,110.296,3230,mult_0=F6B mult_2=AQ1 mult_3=CK3 mult_4=CK3 mult_5=DAE mult_6=CK3 mult_7=CK3 mult_8=DAE adder_0=0MH adder_1=0AV adder_2=0M0 adder_3=0AV adder_4=0EM adder_5=0MH adder_6=073
sc_cfg1654,-4386.2482,-4392.3237,7.640393,7.650793,0.1361,23.34,38.043,1630,mult_0=DAE mult_1=DAE mult_6=HGY adder_1=073 adder_2=0Q7
sc_cfg1655,-13175.0209,-13184.3835,21.444322,21.456353,0.0561,23.34,58.975,2527,mult_0=HGP mult_2=AQ1 mult_3=5FA mult_4=8VH mult_7=GPF adder_2=0AV adder_3=0MH
sc_cfg1656,-21145.0382,-21198.6111,34.266383,34.354850,0.2582,36.64,132.164,3608,mult_0=CK3 mult_1=GPF mult_2=GPF mult_3=AQ1 mult_4=5FA mult_5=HGY mult_6=5FA mult_7=HGY mult_8=5FA adder_0=0AV adder_1=0M0 adder_2=0DL adder_3=0AV adder_4=0DL adder_5=0MH adder_6=0M0 adder_7=073
sc_cfg1657,-9011.1942,-8637.7224,17.276275,16.754997,3.0173,28.39,60.940,2147,mult_0=GPF mult_2=GPF mult_3=8VH mult_4=DAE adder_0=0GK adder_3=073 adder_4=0AV adder_7=02E
sc_cfg1658,-3978.2714,-3970.3367,6.504800,6.493931,0.1671,21.59,36.913,1709,mult_0=GPF mult_7=GPF mult_8=GPF adder_2=0DL
sc_cfg1659,-12034.4257,-12058.9882,20.369002,20.399637,0.1504,27.90,82.327,2951,mult_0=DAE mult_2=F6B mult_3=HGY mult_4=5FA mult_6=GPF mult_8=HGP adder_2=0AV adder_3=0Q7 adder_4=0MH adder_5=0AV
sc_cfg1660,-13647.5097,-13682.8785,23.051004,23.104309,0.2313,35.30,84.638,2398,mult_0=HGY mult_2=F6B mult_5=CK3 mult_7=F6B mult_8=F6B adder_1=073 adder_2=0MH adder_3=0GK adder_4=0AV adder_5=0DL adder_6=073 adder_7=073
sc_cfg1661,-6.2283,-6.2870,0.049948,0.049947,0.0012,21.89,25.942,1185,mult_4=5FA adder_6=0AV
sc_cfg1662,-10040.3489,-10048.0791,16.640300,16.653921,0.0819,24.34,27.705,1138,mult_3=8VH mult_6=CK3 adder_3=0DL adder_5=0DL
sc_cfg1663,-1369.5617,-1370.8123,3.128170,3.134327,0.1968,23.95,30.539,1275,mult_5=AQ1 mult_8=CK3 adder_2=0GK adder_7=0DL
sc_cfg1664,-4043.4310,-4047.1989,7.173904,7.181267,0.1026,26.36,33.328,1264,mult_6=HGP adder_1=073 adder_3=0EM adder_4=0Q7
sc_cfg1665,-14662.0050,-14694.5462,25.742607,25.797355,0.2127,35.04,126.239,3603,mult_0=HGY mult_1=CK3 mult_2=CK3 mult_3=5FA mult_4=8VH mult_5=5FA mult_7=5FA mult_8=8VH adder_0=0GK adder_1=02E adder_2=0MH adder_4=0GK adder_5=073 adder_6=0M0 adder_7=0DL
sc_cfg1666,-22436.3440,-20718.0357,36.275650,37.710626,3.9558,34.97,83.802,2397,mult_0=F6B mult_2=AQ1 mult_3=CK3 mult_5=HGY mult_7=AQ1 mult_8=8VH adder_0=073 adder_1=073 adder_3=0Q7 adder_4=073 adder_5=0EM adder_6=0MH adder_7=0DL
sc_cfg1667,-7164.5113,-7203.1716,21.737878,21.750445,0.0578,31.52,41.600,1320,mult_0=5FA adder_2=0Q7 adder_3=0DL adder_4=0DL adder_5=0DL adder_6=0MH
sc_cfg1668,-15708.3672,-15974.7402,29.021131,29.016755,0.0151,33.55,68.670,2047,mult_3=DAE mult_4=5FA mult_6=8VH mult_8=F6B adder_0=0M0 adder_1=0DL adder_3=0MH adder_4=0MH adder_5=0GK adder_6=0MH
sc_cfg1669,524.4891,524.7566,4.399829,4.394249,0.1268,20.95,53.253,2542,mult_1=5FA mult_3=5FA mult_6=F6B mult_7=AQ1 adder_0=0EM
sc_cfg1670,-10887.2828,-10901.3095,17.902928,17.924767,0.1220,30.97,53.095,1714,mult_1=GPF mult_4=8VH mult_7=HGY adder_0=0Q7 adder_1=0DL adder_4=0M0 adder_5=073 adder_7=0AV
sc_cfg1671,-5784.0068,-5780.9926,12.341008,12.321848,0.1553,27.71,67.119,2422,mult_1=F6B mult_2=F6B mult_3=DAE mult_5=DAE mult_7=HGY adder_0=0Q7 adder_1=0AV adder_3=0AV adder_4=0MH
sc_cfg1672,-12272.7710,-12260.4516,20.100825,20.091593,0.0459,37.21,99.937,2686,mult_0=HGY mult_2=HGP mult_3=5FA mult_4=AQ1 mult_5=8VH mult_7=F6B mult_8=AQ1 adder_0=0GK adder_1=0EM adder_2=0GK adder_3=073 adder_4=0DL adder_5=0Q7 adder_6=0DL adder_7=0DL
sc_cfg1673,-1694.9401,-1704.9033,5.591160,5.594127,0.0531,23.76,44.630,1878,mult_0=HGP mult_2=F6B mult_6=5FA mult_8=HGY adder_6=0GK adder_7=0DL
sc_cfg1674,-5228.3004,-5155.6525,23.816035,23.795779,0.0851,32.79,84.751,2585,mult_1=CK3 mult_2=5FA mult_5=HGP mult_6=8VH mult_7=DAE mult_8=CK3 adder_0=0GK adder_1=0DL adder_2=02E adder_4=0GK adder_5=0MH adder_7=0AV
sc_cfg1675,-6319.1494,-6314.6714,11.448388,11.443208,0.0452,28.56,53.764,1882,mult_3=F6B mult_4=F6B mult_6=HGY adder_0=0EM adder_2=0AV adder_6=073 adder_7=0EM
sc_cfg1676,-353.6206,-380.2743,8.522061,8.505716,0.1918,24.19,37.276,1541,mult_0=DAE mult_4=5FA adder_6=02E adder_7=0AV
sc_cfg1677,-9545.4469,-9566.0016,16.462260,16.488562,0.1598,28.21,74.471,2640,mult_0=DAE mult_1=AQ1 mult_4=GPF mult_6=AQ1 mult_7=5FA adder_0=073 adder_3=02E adder_5=0M0 adder_7=0AV
sc_cfg1678,-14912.2213,-14931.6892,24.225055,24.254204,0.1203,23.63,42.712,1808,mult_0=F6B mult_3=HGY mult_4=GPF mult_8=CK3 adder_0=02E adder_4=0M0
sc_cfg1679,-11301.6445,-11297.3510,18.675968,18.677419,0.0078,28.85,42.033,1457,mult_2=HGP mult_4=CK3 adder_2=073 adder_3=073 adder_6=0M0 adder_7=0GK
sc_cfg1680,-14544.3884,-16569.7586,24.506718,27.727004,13.1404,33.10,80.721,2439,mult_0=8VH mult_1=F6B mult_2=CK3 mult_3=CK3 mult_5=AQ1 mult_7=F6B adder_2=073 adder_3=0DL adder_4=0M0 adder_5=0GK adder_6=02E adder_7=02E
sc_cfg1681,-9124.4099,-9099.9854,15.058171,15.027900,0.2010,28.76,38.876,1352,mult_0=HGY mult_5=HGP mult_7=HGY adder_0=0EM adder_2=0DL adder_6=0M0 adder_7=0Q7
sc_cfg1682,-6714.4562,-6714.2497,11.674816,11.678548,0.0320,25.91,54.880,2118,mult_1=F6B mult_3=5FA mult_6=CK3 mult_7=HGP adder_0=02E adder_4=0Q7 adder_5=0DL
sc_cfg1683,-6100.2602,-6100.8187,10.710130,10.713075,0.0275,23.46,46.987,2003,mult_0=DAE mult_3=DAE mult_4=DAE mult_5=HGY adder_0=0EM adder_5=0AV
sc_cfg1684,15.0226,15.3144,0.129205,0.129400,0.1506,21.91,9.108,416,adder_5=0M0
sc_cfg1685,-9965.7559,-10575.9294,18.053893,18.826562,4.2798,30.22,62.742,2076,mult_0=CK3 mult_1=GPF mult_4=DAE mult_6=AQ1 adder_1=0MH adder_2=073 adder_3=02E adder_6=0GK adder_7=0Q7
sc_cfg1686,-14492.8501,-14487.2871,23.351381,23.344221,0.0307,32.11,90.319,2813,mult_0=HGP mult_1=GPF mult_2=HGP mult_4=DAE mult_5=CK3 mult_7=CK3 mult_8=GPF adder_0=073 adder_1=0DL adder_2=073 adder_3=0M0 adder_4=0GK adder_5=0EM
sc_cfg1687,1535.6644,1545.0692,9.221521,9.127285,1.0219,29.36,32.694,1114,mult_8=CK3 adder_0=0MH adder_1=0M0 adder_4=02E adder_7=0DL
sc_cfg1688,-1877.7926,-1849.3349,18.111729,16.467487,9.0783,35.32,96.476,2731,mult_0=HGP mult_2=HGP mult_3=5FA mult_4=DAE mult_6=AQ1 mult_7=F6B adder_0=0MH adder_1=0Q7 adder_2=0EM adder_4=0MH adder_5=0AV adder_6=0DL adder_7=0MH
sc_cfg1689,-22320.7061,-22341.0342,35.594292,35.628102,0.0950,32.12,101.225,3152,mult_1=AQ1 mult_2=HGY mult_3=F6B mult_4=8VH mult_5=8VH mult_6=HGP mult_7=AQ1 mult_8=5FA adder_0=0M0 adder_1=0GK adder_2=0EM adder_3=0M0 adder_5=0AV adder_6=0EM
sc_cfg1690,-13490.6031,-13488.0168,21.966623,21.964480,0.0098,32.17,99.059,3079,mult_0=8VH mult_1=5FA mult_3=HGP mult_4=AQ1 mult_5=CK3 mult_6=DAE mult_8=CK3 adder_0=0AV adder_1=0AV adder_2=0M0 adder_5=0M0 adder_6=0M0 adder_7=0M0
sc_cfg1691,-16389.3323,-16380.8185,27.026933,27.013441,0.0499,32.30,86.213,2669,mult_0=F6B mult_2=5FA mult_3=HGY mult_5=F6B mult_6=DAE mult_7=HGY mult_8=HGP adder_0=0M0 adder_1=0MH adder_2=0M0 adder_3=02E adder_4=02E adder_5=0M0
sc_cfg1692,-18154.2678,-18163.0391,30.780271,30.801344,0.0685,33.35,69.479,2084,mult_1=5FA mult_3=8VH mult_5=HGP mult_7=GPF adder_0=0MH adder_2=0DL adder_4=0GK adder_5=0MH adder_6=0M0 adder_7=0M0
sc_cfg1693,-10502.6416,-11943.6627,20.457041,22.396996,9.4831,32.54,79.090,2430,mult_0=DAE mult_1=HGP mult_2=F6B mult_3=AQ1 mult_5=CK3 mult_6=CK3 adder_1=0EM adder_2=0DL adder_3=0MH adder_4=0GK adder_5=073 adder_6=02E
sc_cfg1694,-16851.5888,-16868.5781,27.309101,27.336900,0.1018,21.39,29.094,1360,mult_2=GPF mult_3=HGY mult_4=8VH adder_6=0GK
sc_cfg1695,-13131.4902,-13148.9915,21.907144,21.940410,0.1519,23.76,43.740,1841,mult_2=DAE mult_3=F6B mult_5=CK3 adder_2=0MH adder_4=0M0
sc_cfg1696,-13955.1112,-13988.3817,22.668947,22.718312,0.2178,29.97,70.316,2346,mult_1=HGP mult_2=AQ1 mult_4=HGY mult_6=8VH mult_8=GPF adder_0=0EM adder_1=0GK adder_2=0Q7 adder_3=0M0 adder_5=0EM
sc_cfg1697,-5544.2781,-5518.9112,19.888907,19.899956,0.0556,26.13,37.477,1434,mult_7=F6B mult_8=AQ1 adder_0=02E adder_2=0AV adder_5=0MH
sc_cfg1698,-7155.4967,-7159.0782,12.383968,12.384879,0.0074,32.35,112.359,3473,mult_1=DAE mult_2=5FA mult_3=GPF mult_4=5FA mult_5=5FA mult_8=HGP adder_0=0AV adder_1=0Q7 adder_2=0GK adder_3=0DL adder_4=0Q7 adder_6=0DL
sc_cfg1699,-246.7449,-245.7123,0.667316,0.666067,0.1870,30.79,62.139,2018,mult_0=DAE mult_5=AQ1 mult_7=AQ1 adder_1=0M0 adder_3=0M0 adder_4=0EM adder_5=0DL adder_6=0EM
