config,rms_pct_truth,rms_pct_depth1,rms_pct_depth2,inaccuracy_pct_depth1,inaccuracy_pct_depth2,approximate_units
sc_cfg627,0.000000,0.000000,0.000000,0.0000,0.0000,adder_2=0AV
sc_cfg834,0.000000,0.000000,0.000000,0.0000,0.0000,adder_3=0AV
sc_cfg840,0.000000,0.000000,0.000000,0.0000,0.0000,mult_6=AQ1
sc_cfg927,0.000000,0.000000,0.000000,0.0000,0.0000,mult_6=AQ1
sc_cfg1000,0.000000,0.000000,0.000000,0.0000,0.0000,
sc_cfg1200,0.000000,0.000000,0.000000,0.0000,0.0000,adder_2=0AV
sc_cfg1340,0.000000,0.000000,0.000000,0.0000,0.0000,
sc_cfg1357,0.000000,0.000000,0.000000,0.0000,0.0000,adder_1=0AV
sc_cfg1358,0.000000,0.000000,0.000000,0.0000,0.0000,adder_1=0AV
sc_cfg370,0.001082,0.001085,0.001085,0.2613,0.2613,mult_4=AQ1
sc_cfg1260,0.001082,0.001085,0.001085,0.2613,0.2613,mult_4=AQ1
sc_cfg948,0.002152,0.002162,0.002162,0.4914,0.4914,adder_5=0AV
sc_cfg530,0.002164,0.002163,0.002163,0.0541,0.0541,adder_4=0AV
sc_cfg1080,0.002535,0.002529,0.002529,0.2490,0.2490,mult_3=AQ1
sc_cfg446,0.002659,0.002651,0.002651,0.3112,0.3112,adder_0=0AV
sc_cfg752,0.002659,0.002651,0.002651,0.3112,0.3112,adder_0=0AV
sc_cfg182,0.003594,0.003589,0.003589,0.1235,0.1235,mult_1=AQ1
sc_cfg569,0.004056,0.004052,0.004052,0.0931,0.0931,mult_4=AQ1 adder_2=0EM
sc_cfg967,0.004056,0.004052,0.004052,0.0931,0.0931,adder_2=0EM
sc_cfg677,0.004202,0.004202,0.004202,0.0198,0.0198,adder_4=0EM
sc_cfg767,0.004202,0.004202,0.004202,0.0198,0.0198,adder_4=0EM
sc_cfg78,0.004206,0.004193,0.004193,0.3120,0.3120,adder_5=0EM
sc_cfg1108,0.004454,0.004465,0.004465,0.2641,0.2641,adder_0=0EM
sc_cfg1281,0.004457,0.004463,0.004463,0.1285,0.1285,adder_6=0EM
sc_cfg526,0.004473,0.004470,0.004470,0.0657,0.0657,adder_7=0EM
sc_cfg833,0.004473,0.004470,0.004470,0.0657,0.0657,adder_2=0AV adder_7=0EM
sc_cfg202,0.004596,0.004600,0.004600,0.0888,0.0888,adder_1=0EM
sc_cfg1152,0.004596,0.004600,0.004600,0.0888,0.0888,adder_1=0EM
sc_cfg416,0.005151,0.005133,0.005133,0.3380,0.3380,adder_0=0AV adder_5=0EM
sc_cfg1198,0.005628,0.005636,0.005636,0.1353,0.1353,adder_3=0EM adder_4=0EM
sc_cfg963,0.006234,0.006222,0.006222,0.1898,0.1898,mult_7=AQ1 adder_1=0EM
sc_cfg687,0.014925,0.014910,0.014910,0.1033,0.1033,adder_0=0Q7
sc_cfg312,0.014963,0.014957,0.014957,0.0434,0.0434,adder_7=0Q7
sc_cfg545,0.014963,0.014957,0.014957,0.0434,0.0434,adder_7=0Q7
sc_cfg1370,0.014963,0.014957,0.014957,0.0434,0.0434,adder_7=0Q7
sc_cfg55,0.015106,0.015109,0.015109,0.0214,0.0214,adder_0=0AV adder_2=0Q7
sc_cfg1239,0.015467,0.015491,0.015491,0.1542,0.1542,adder_4=0EM adder_5=0Q7
sc_cfg1120,0.015521,0.015888,0.015528,2.3657,0.0501,mult_3=AQ1 adder_2=0Q7 adder_4=0EM
sc_cfg604,0.015593,0.015596,0.015606,0.0251,0.0873,adder_2=0EM adder_6=0Q7
sc_cfg667,0.015789,0.015765,0.015765,0.1467,0.1467,mult_1=AQ1 mult_3=AQ1 adder_6=0Q7
sc_cfg93,0.015940,0.015933,0.015933,0.0465,0.0465,mult_0=AQ1 adder_2=0Q7
sc_cfg367,0.032803,0.032865,0.032865,0.1916,0.1916,mult_1=5FA
sc_cfg1349,0.032874,0.032860,0.032860,0.0435,0.0435,mult_7=5FA
sc_cfg467,0.033155,0.033086,0.033086,0.2079,0.2079,mult_7=5FA adder_6=0EM
sc_cfg1486,0.037619,0.037663,0.037663,0.1172,0.1172,mult_8=5FA
sc_cfg1620,0.037766,0.037732,0.037732,0.0893,0.0893,mult_0=5FA adder_2=0AV
sc_cfg1270,0.038229,0.038197,0.038197,0.0836,0.0836,mult_0=5FA mult_8=AQ1
sc_cfg443,0.039698,0.039672,0.039672,0.0656,0.0656,adder_0=073
sc_cfg267,0.040583,0.040564,0.040564,0.0458,0.0458,mult_0=5FA adder_7=0Q7
sc_cfg1577,0.043580,0.043540,0.043540,0.0906,0.0906,mult_6=5FA adder_6=0EM
sc_cfg772,0.044618,0.044618,0.044618,0.0011,0.0011,mult_2=5FA
sc_cfg133,0.044623,0.044600,0.044600,0.0526,0.0526,mult_6=5FA
sc_cfg71,0.045403,0.045367,0.045367,0.0790,0.0790,mult_6=5FA mult_7=AQ1
sc_cfg1661,0.049948,0.049947,0.049947,0.0012,0.0012,mult_4=5FA adder_6=0AV
sc_cfg736,0.051437,0.051501,0.051501,0.1235,0.1235,adder_2=073
sc_cfg1038,0.051437,0.051501,0.051501,0.1235,0.1235,adder_2=073
sc_cfg1523,0.051437,0.051501,0.051501,0.1235,0.1235,adder_2=073
sc_cfg138,0.051709,0.051744,0.051744,0.0669,0.0669,adder_6=073
sc_cfg181,0.058916,0.059153,0.059153,0.4012,0.4012,mult_1=5FA mult_2=5FA mult_8=AQ1 adder_2=0EM
sc_cfg326,0.060094,0.060007,0.060007,0.1452,0.1452,mult_0=AQ1 mult_7=5FA mult_8=5FA adder_7=073
sc_cfg1230,0.066051,0.066059,0.066059,0.0121,0.0121,mult_8=5FA adder_6=073
sc_cfg1479,0.071284,0.071211,0.071211,0.1025,0.1025,mult_5=5FA adder_4=073
sc_cfg525,0.074577,0.074738,0.074738,0.2156,0.2156,mult_8=5FA adder_1=073
sc_cfg472,0.081120,0.081157,0.081157,0.0460,0.0460,adder_2=073 adder_4=073
sc_cfg1604,0.128235,0.130002,0.128400,1.3783,0.1289,mult_0=AQ1 mult_7=AQ1 adder_5=0M0
sc_cfg252,0.129205,0.129400,0.129400,0.1506,0.1506,adder_5=0M0
sc_cfg1365,0.129205,0.129400,0.129400,0.1506,0.1506,adder_5=0M0
sc_cfg1373,0.129205,0.129400,0.129400,0.1506,0.1506,adder_5=0M0
sc_cfg1684,0.129205,0.129400,0.129400,0.1506,0.1506,adder_5=0M0
sc_cfg1506,0.129774,0.129912,0.129912,0.1066,0.1066,adder_2=0M0
sc_cfg1425,0.130361,0.130279,0.130558,0.0633,0.1507,adder_5=0M0 adder_6=0Q7
sc_cfg718,0.131701,0.131844,0.131844,0.1084,0.1084,adder_2=0M0 adder_3=0Q7
sc_cfg502,0.134157,0.133966,0.133966,0.1425,0.1425,adder_1=0M0
sc_cfg110,0.135907,0.135745,0.135706,0.1188,0.1476,adder_1=0M0 adder_6=0Q7 adder_7=0Q7
sc_cfg406,0.137852,0.137993,0.138359,0.1021,0.3673,mult_1=5FA adder_0=0AV adder_4=0AV adder_6=0EM adder_7=0M0
sc_cfg188,0.138884,0.139043,0.139043,0.1144,0.1144,mult_3=5FA adder_2=0M0
sc_cfg464,0.149512,0.149642,0.149428,0.0872,0.0560,mult_4=5FA adder_0=0M0 adder_4=0Q7 adder_5=073 adder_7=0Q7
sc_cfg725,0.158132,0.157203,0.158072,0.5879,0.0384,mult_2=5FA mult_4=5FA mult_7=5FA mult_8=AQ1 adder_2=0EM adder_3=0EM adder_5=0M0
sc_cfg92,0.163745,0.163412,0.164017,0.2035,0.1659,mult_1=AQ1 adder_1=073 adder_3=0AV adder_6=0M0 adder_7=0AV
sc_cfg869,0.172035,0.172179,0.172178,0.0840,0.0834,adder_2=0M0 adder_5=0M0 adder_6=0EM adder_7=0AV
sc_cfg422,0.176387,0.180436,0.176518,2.2953,0.0742,adder_2=0Q7 adder_3=0AV adder_4=073 adder_5=0Q7 adder_6=0M0
sc_cfg1454,0.201934,0.198357,0.203017,1.7710,0.5366,adder_2=0AV adder_3=073 adder_4=0M0 adder_5=073 adder_7=073
sc_cfg1636,0.227266,0.226977,0.226977,0.1273,0.1273,mult_2=DAE
sc_cfg785,0.264038,0.263931,0.263931,0.0406,0.0406,mult_2=DAE adder_2=0M0
sc_cfg717,0.302443,0.302481,0.302481,0.0125,0.0125,mult_7=DAE adder_3=0EM
sc_cfg743,0.305322,0.306709,0.306709,0.4542,0.4542,mult_1=DAE mult_4=AQ1 adder_2=0Q7 adder_3=0AV adder_5=0EM
sc_cfg778,0.306353,0.307693,0.307693,0.4376,0.4376,mult_1=DAE
sc_cfg914,0.306950,0.306978,0.306978,0.0089,0.0089,mult_7=DAE
sc_cfg1543,0.306950,0.306978,0.306978,0.0089,0.0089,mult_7=DAE
sc_cfg556,0.307759,0.308494,0.308494,0.2388,0.2388,mult_0=5FA mult_1=DAE adder_3=0M0 adder_7=073
sc_cfg915,0.349025,0.350248,0.350248,0.3504,0.3504,mult_4=DAE adder_6=0Q7
sc_cfg210,0.370861,0.370433,0.370603,0.1153,0.0695,mult_3=DAE adder_4=0AV
sc_cfg944,0.371051,0.370795,0.370795,0.0692,0.0692,mult_1=AQ1 mult_3=DAE
sc_cfg942,0.380496,0.378519,0.380342,0.5197,0.0406,mult_2=5FA mult_3=DAE mult_6=AQ1 adder_1=0M0 adder_2=0EM adder_3=0Q7 adder_4=0M0 adder_7=0Q7
sc_cfg1290,0.396513,0.395628,0.395628,0.2232,0.2232,mult_3=AQ1 mult_6=5FA mult_7=AQ1 mult_8=DAE adder_2=0EM
sc_cfg1218,0.414782,0.415623,0.415605,0.2028,0.1984,mult_0=DAE adder_1=0Q7 adder_2=0Q7 adder_4=0Q7
sc_cfg617,0.426092,0.426959,0.426959,0.2033,0.2033,mult_0=DAE adder_6=0Q7
sc_cfg194,0.438625,0.438043,0.438043,0.1327,0.1327,mult_4=5FA mult_8=DAE adder_0=0EM adder_2=0M0
sc_cfg455,0.462424,0.461798,0.461798,0.1354,0.1354,adder_1=0DL
sc_cfg721,0.463228,0.463407,0.463407,0.0386,0.0386,adder_2=0DL adder_4=0AV
sc_cfg774,0.463617,0.463120,0.463120,0.1071,0.1071,mult_8=5FA adder_1=0DL
sc_cfg811,0.463757,0.464399,0.464399,0.1386,0.1386,mult_6=5FA adder_7=0DL
sc_cfg591,0.464645,0.464715,0.464715,0.0151,0.0151,adder_6=0DL
sc_cfg309,0.464755,0.464680,0.464680,0.0160,0.0160,adder_4=0DL
sc_cfg418,0.464755,0.464680,0.464680,0.0160,0.0160,adder_4=0DL
sc_cfg1375,0.466089,0.466463,0.466128,0.0803,0.0084,mult_2=5FA adder_2=0Q7 adder_4=0EM adder_5=0AV adder_6=0DL
sc_cfg695,0.466112,0.466032,0.466209,0.0173,0.0206,mult_0=AQ1 adder_2=0EM adder_4=0DL adder_5=073
sc_cfg1023,0.468641,0.469051,0.469051,0.0875,0.0875,adder_7=0DL
sc_cfg730,0.472870,0.473393,0.473393,0.1106,0.1106,mult_5=AQ1 adder_0=0EM adder_2=0DL
sc_cfg793,0.533881,0.534097,0.534097,0.0404,0.0404,mult_2=DAE mult_6=AQ1 adder_2=0M0 adder_3=0DL adder_7=073
sc_cfg887,0.650006,0.646961,0.647812,0.4683,0.3374,mult_4=5FA mult_8=DAE adder_4=0AV adder_5=0DL
sc_cfg1406,0.650999,0.649690,0.649722,0.2011,0.1962,mult_0=AQ1 mult_8=5FA adder_0=0EM adder_1=0DL adder_4=0DL adder_7=0Q7
sc_cfg1699,0.667316,0.674228,0.666067,1.0359,0.1870,mult_0=DAE mult_5=AQ1 mult_7=AQ1 adder_1=0M0 adder_3=0M0 adder_4=0EM adder_5=0DL adder_6=0EM
sc_cfg1409,0.679676,0.679000,0.679000,0.0995,0.0995,mult_0=DAE adder_7=0DL
sc_cfg419,0.719544,0.708727,0.718478,1.5032,0.1481,mult_6=5FA mult_7=DAE adder_1=0DL adder_3=0Q7 adder_5=0DL
sc_cfg417,0.750916,0.727287,0.750356,3.1467,0.0745,mult_2=5FA mult_4=DAE adder_6=0DL adder_7=0DL
sc_cfg517,0.762983,0.747256,0.765384,2.0613,0.3147,mult_0=DAE mult_1=5FA adder_0=0M0 adder_1=0M0 adder_2=073 adder_3=0AV adder_6=0DL adder_7=0DL
sc_cfg941,1.415578,1.413429,1.413429,0.1518,0.1518,mult_0=GPF adder_0=0DL
sc_cfg134,1.424858,1.422315,1.422622,0.1785,0.1569,mult_0=GPF mult_4=5FA adder_0=0DL adder_5=0AV adder_7=0AV
sc_cfg1207,1.488860,1.487806,1.487762,0.0708,0.0737,mult_0=8VH mult_5=5FA mult_6=AQ1 mult_8=5FA adder_0=0M0 adder_6=0EM
sc_cfg1275,1.525041,1.523457,1.523055,0.1039,0.1302,mult_0=F6B mult_6=5FA adder_0=0Q7 adder_4=0AV adder_5=073
sc_cfg923,1.539596,1.540475,1.540455,0.0571,0.0558,mult_0=AQ1 mult_5=AQ1 mult_8=F6B adder_0=0EM adder_2=0M0 adder_5=0AV adder_7=0M0
sc_cfg1360,1.542020,1.542632,1.542632,0.0397,0.0397,mult_3=DAE mult_8=HGY adder_1=0AV adder_2=0AV adder_7=0Q7
sc_cfg1292,1.544815,1.546413,1.546413,0.1035,0.1035,mult_8=CK3 adder_6=0M0
sc_cfg1527,1.551111,1.552356,1.552356,0.0803,0.0803,mult_2=5FA mult_5=5FA mult_8=HGP adder_1=0Q7
sc_cfg1293,1.556084,1.554641,1.552283,0.0927,0.2443,mult_0=GPF adder_0=0Q7 adder_4=0EM adder_6=0M0 adder_7=0M0
sc_cfg1243,1.558440,1.559564,1.559564,0.0721,0.0721,mult_8=HGP adder_2=073
sc_cfg1421,1.559209,1.557270,1.557270,0.1243,0.1243,mult_0=F6B adder_2=073
sc_cfg1416,1.560012,1.558114,1.558114,0.1217,0.1217,mult_0=HGY adder_6=073
sc_cfg1494,1.560012,1.558114,1.558114,0.1217,0.1217,mult_0=HGP adder_6=073
sc_cfg1213,1.576041,1.574172,1.574172,0.1186,0.1186,mult_0=CK3 adder_1=0Q7
sc_cfg1221,1.579453,1.580714,1.580714,0.0798,0.0798,mult_5=AQ1 mult_8=8VH
sc_cfg1399,1.579797,1.580999,1.580999,0.0761,0.0761,mult_8=HGP adder_4=0Q7
sc_cfg330,1.580447,1.581703,1.581703,0.0795,0.0795,mult_8=F6B
sc_cfg347,1.580447,1.581703,1.581703,0.0795,0.0795,mult_8=8VH
sc_cfg1141,1.580447,1.581703,1.581703,0.0795,0.0795,mult_8=HGP
sc_cfg1082,1.580694,1.578731,1.578731,0.1242,0.1242,mult_0=F6B adder_5=0Q7
sc_cfg160,1.581266,1.579391,1.579391,0.1186,0.1186,mult_0=GPF
sc_cfg1410,1.581266,1.579391,1.579391,0.1186,0.1186,mult_0=8VH
sc_cfg128,1.582253,1.580396,1.580396,0.1174,0.1174,mult_0=HGY adder_6=0AV
sc_cfg148,1.594549,1.596915,1.596204,0.1484,0.1038,mult_0=CK3 mult_8=5FA adder_0=0M0 adder_1=0DL adder_2=0DL adder_4=073 adder_5=0EM
sc_cfg1328,1.660922,1.669685,1.660374,0.5276,0.0330,mult_0=CK3 adder_4=0DL
sc_cfg465,1.677083,1.679070,1.679057,0.1185,0.1177,mult_8=HGP adder_2=0DL adder_6=0EM
sc_cfg1539,1.687754,1.687646,1.687646,0.0064,0.0064,mult_0=8VH mult_1=DAE adder_1=0M0 adder_3=073
sc_cfg896,1.721267,1.717498,1.717498,0.2189,0.2189,mult_0=HGY adder_7=0DL
sc_cfg293,1.753709,1.754263,1.754263,0.0316,0.0316,mult_5=5FA mult_6=DAE mult_7=DAE mult_8=8VH
sc_cfg1629,1.801538,1.802673,1.802690,0.0630,0.0639,mult_8=HGY adder_2=0EM adder_3=0DL adder_5=0DL adder_7=0EM
sc_cfg319,1.812934,1.820193,1.813680,0.4004,0.0412,mult_0=CK3 mult_6=AQ1 mult_7=DAE adder_0=0Q7 adder_2=0M0 adder_3=0DL adder_4=073 adder_7=0DL
sc_cfg1465,2.019617,2.019685,2.019590,0.0034,0.0013,mult_4=5FA mult_8=DAE adder_0=0M0 adder_4=0GK adder_5=0EM adder_6=0EM
sc_cfg877,2.061168,2.063824,2.063746,0.1289,0.1251,adder_0=0GK adder_6=073
sc_cfg1007,2.064236,2.066588,2.066588,0.1140,0.1140,adder_0=0GK
sc_cfg294,2.085153,2.088460,2.088460,0.1586,0.1586,mult_0=5FA adder_0=0GK adder_5=0Q7
sc_cfg165,2.122809,2.130481,2.129431,0.3614,0.3119,mult_0=5FA adder_0=073 adder_1=0Q7 adder_3=0GK adder_4=0M0
sc_cfg27,2.138059,2.144969,2.144712,0.3232,0.3112,adder_3=0GK adder_5=0AV adder_6=0Q7
sc_cfg1140,2.138429,2.145073,2.145073,0.3107,0.3107,adder_3=0GK
sc_cfg1569,2.138622,2.145242,2.145242,0.3095,0.3095,adder_3=0GK adder_4=0EM
sc_cfg468,2.175006,2.177428,2.177428,0.1114,0.1114,adder_4=0GK
sc_cfg1294,2.175006,2.177428,2.177428,0.1114,0.1114,adder_4=0GK
sc_cfg1625,2.176527,2.179979,2.179683,0.1586,0.1450,adder_2=073 adder_6=0GK
sc_cfg356,2.181308,2.184123,2.184562,0.1291,0.1492,adder_1=0EM adder_6=0GK
sc_cfg582,2.189879,2.192595,2.192344,0.1240,0.1126,mult_3=AQ1 mult_5=DAE mult_6=AQ1 adder_4=0GK adder_6=0M0
sc_cfg204,2.210635,2.217553,2.217553,0.3130,0.3130,adder_1=0GK
sc_cfg837,2.212627,2.216451,2.216451,0.1728,0.1728,adder_2=0GK
sc_cfg1622,2.212627,2.216451,2.216451,0.1728,0.1728,mult_4=AQ1 adder_2=0GK
sc_cfg1147,2.237331,2.241168,2.235345,0.1715,0.0888,mult_5=5FA adder_0=0DL adder_4=0AV adder_6=0GK
sc_cfg1596,2.243577,2.241465,2.245635,0.0941,0.0917,mult_0=5FA mult_7=AQ1 adder_0=0AV adder_1=0Q7 adder_3=0DL adder_4=0GK adder_6=073
sc_cfg692,2.249236,2.256470,2.258525,0.3216,0.4130,mult_3=5FA adder_0=0DL adder_1=0GK adder_4=0Q7 adder_6=0M0
sc_cfg663,2.266250,2.269251,2.269095,0.1325,0.1255,mult_0=AQ1 mult_4=DAE mult_8=DAE adder_1=0M0 adder_3=0Q7 adder_4=0GK
sc_cfg902,2.270254,2.273651,2.268843,0.1497,0.0622,mult_5=AQ1 mult_7=AQ1 adder_4=0AV adder_5=0EM adder_7=0GK
sc_cfg1464,2.274887,2.273947,2.273947,0.0413,0.0413,adder_7=0GK
sc_cfg125,2.286200,2.287942,2.287328,0.0762,0.0493,mult_7=DAE adder_2=0GK adder_3=0DL adder_6=0EM adder_7=0M0
sc_cfg1553,2.307909,2.311718,2.311718,0.1651,0.1651,mult_5=DAE mult_8=DAE adder_0=0DL adder_3=0GK adder_4=0Q7
sc_cfg284,2.726169,2.718665,2.714527,0.2753,0.4271,mult_7=F6B adder_2=0AV adder_3=073 adder_4=073 adder_6=0Q7 adder_7=0M0
sc_cfg839,2.739169,2.738240,2.738184,0.0339,0.0360,mult_0=HGP mult_8=GPF adder_0=0DL adder_6=0EM
sc_cfg491,2.743860,2.742415,2.742415,0.0526,0.0526,mult_8=GPF adder_0=0GK adder_2=0Q7 adder_4=0Q7 adder_5=0EM
sc_cfg320,2.810997,2.820269,2.820269,0.3298,0.3298,mult_1=F6B mult_7=5FA
sc_cfg168,2.862109,2.884877,2.848274,0.7955,0.4834,mult_0=GPF mult_2=DAE mult_4=AQ1 mult_5=AQ1 adder_4=0GK adder_5=0M0
sc_cfg454,2.884882,2.886795,2.884931,0.0663,0.0017,mult_0=F6B mult_1=5FA mult_5=5FA mult_6=5FA adder_1=0EM adder_5=0GK
sc_cfg973,2.900471,2.899377,2.899377,0.0377,0.0377,mult_0=CK3 mult_3=DAE mult_8=HGY
sc_cfg432,2.907022,2.912429,2.912140,0.1860,0.1761,mult_2=AQ1 mult_8=HGP adder_5=0GK adder_6=0EM adder_7=0EM
sc_cfg1335,2.916246,2.917061,2.916822,0.0279,0.0198,mult_0=GPF adder_0=0Q7 adder_2=0GK adder_6=0AV
sc_cfg1163,2.919139,2.918999,2.918636,0.0048,0.0172,mult_0=HGP mult_8=F6B adder_3=073 adder_6=0AV
sc_cfg574,2.920226,2.850387,2.921740,2.3916,0.0518,mult_8=8VH adder_2=0M0 adder_4=0DL adder_6=0GK adder_7=0AV
sc_cfg1493,2.942233,2.938606,2.938606,0.1233,0.1233,mult_1=DAE mult_7=F6B
sc_cfg201,2.956346,2.955856,2.955856,0.0166,0.0166,mult_0=HGP mult_8=HGP
sc_cfg1032,2.956346,2.955856,2.955856,0.0166,0.0166,mult_0=GPF mult_8=8VH
sc_cfg29,3.016593,3.016428,3.016428,0.0055,0.0055,mult_0=HGP mult_8=HGY adder_2=0Q7 adder_3=0DL
sc_cfg1663,3.128170,3.134327,3.134327,0.1968,0.1968,mult_5=AQ1 mult_8=CK3 adder_2=0GK adder_7=0DL
sc_cfg144,3.267228,3.276406,3.276406,0.2809,0.2809,adder_2=0GK adder_3=0GK adder_5=0DL
sc_cfg437,3.295501,3.294025,3.294025,0.0448,0.0448,adder_0=02E
sc_cfg1451,3.295501,3.294025,3.294025,0.0448,0.0448,adder_0=02E
sc_cfg1468,3.545093,3.538134,3.538138,0.1963,0.1962,mult_3=5FA mult_8=F6B adder_0=02E adder_5=0EM adder_7=073
sc_cfg1516,3.562579,3.556823,3.562257,0.1616,0.0090,mult_6=AQ1 mult_8=HGP adder_1=0EM adder_2=0GK adder_5=073 adder_6=0Q7 adder_7=0GK
sc_cfg1563,3.564957,3.585858,3.570908,0.5863,0.1669,mult_0=8VH mult_3=AQ1 mult_5=DAE mult_6=DAE mult_7=AQ1 mult_8=HGP adder_0=0Q7 adder_1=0Q7 adder_2=0GK adder_3=073 adder_4=0DL adder_5=0EM
sc_cfg1199,3.648722,3.639487,3.639487,0.2531,0.2531,mult_0=AQ1 mult_1=5FA mult_4=F6B mult_5=5FA adder_3=0Q7
sc_cfg818,3.651103,3.642058,3.642058,0.2477,0.2477,mult_4=F6B
sc_cfg1267,3.714156,3.700475,3.700336,0.3683,0.3721,mult_5=DAE mult_7=CK3 adder_1=0M0 adder_2=0AV adder_6=0M0 adder_7=0Q7
sc_cfg888,3.745595,3.743774,3.744209,0.0486,0.0370,mult_1=8VH adder_1=0M0 adder_2=073 adder_4=0EM adder_5=0Q7 adder_7=0M0
sc_cfg1119,3.749381,3.738546,3.738546,0.2890,0.2890,mult_5=DAE mult_7=HGY adder_1=073
sc_cfg490,3.763326,3.752569,3.752569,0.2858,0.2858,mult_7=GPF mult_8=5FA adder_0=073 adder_3=073
sc_cfg805,3.784806,3.814856,3.777827,0.7940,0.1844,mult_6=DAE mult_7=F6B mult_8=GPF adder_5=073 adder_7=073
sc_cfg1264,3.790459,3.780957,3.780957,0.2507,0.2507,mult_4=F6B mult_5=DAE mult_8=DAE adder_0=0AV
sc_cfg1361,3.798559,3.807996,3.787688,0.2484,0.2862,mult_7=GPF adder_5=073
sc_cfg1343,3.811814,3.815349,3.815349,0.0927,0.0927,mult_1=GPF mult_4=AQ1 adder_2=073 adder_7=0EM
sc_cfg219,3.820754,3.824554,3.824554,0.0995,0.0995,mult_1=8VH mult_7=5FA adder_7=073
sc_cfg528,3.827727,3.831299,3.831299,0.0933,0.0933,mult_1=8VH adder_1=0Q7
sc_cfg800,3.832160,3.835736,3.835736,0.0933,0.0933,mult_1=8VH adder_6=0Q7
sc_cfg369,3.832336,3.835898,3.835898,0.0930,0.0930,mult_1=HGY mult_4=AQ1
sc_cfg481,3.832365,3.835861,3.835861,0.0912,0.0912,mult_1=GPF adder_5=0Q7
sc_cfg1624,3.832622,3.836112,3.836112,0.0911,0.0911,mult_1=HGY adder_0=0M0
sc_cfg122,3.832995,3.836563,3.836563,0.0931,0.0931,mult_1=GPF
sc_cfg203,3.832995,3.836563,3.836563,0.0931,0.0931,mult_1=CK3
sc_cfg306,3.832995,3.836563,3.836563,0.0931,0.0931,mult_1=GPF
sc_cfg1443,3.832995,3.836563,3.836563,0.0931,0.0931,mult_1=HGY
sc_cfg1282,3.833557,3.822779,3.822779,0.2811,0.2811,mult_7=HGY adder_0=073
sc_cfg968,3.836780,3.838984,3.838863,0.0574,0.0543,mult_1=GPF adder_3=0M0 adder_6=0DL
sc_cfg79,3.841215,3.830512,3.830512,0.2786,0.2786,mult_7=CK3
sc_cfg392,3.841215,3.830512,3.830512,0.2786,0.2786,mult_7=8VH
sc_cfg1086,3.841215,3.830512,3.830512,0.2786,0.2786,mult_7=GPF
sc_cfg1330,3.841215,3.830512,3.830512,0.2786,0.2786,mult_2=AQ1 mult_7=CK3
sc_cfg1558,3.864643,3.886661,3.868401,0.5697,0.0972,mult_1=HGY mult_3=AQ1 adder_0=0Q7 adder_1=0M0 adder_3=073 adder_4=0DL adder_5=0Q7 adder_7=0AV
sc_cfg881,3.874044,3.887441,3.887926,0.3458,0.3583,mult_1=F6B mult_8=CK3 adder_2=0Q7 adder_4=0M0 adder_5=0AV
sc_cfg175,3.897089,3.904972,3.904972,0.2023,0.2023,mult_0=F6B mult_1=F6B
sc_cfg1514,3.902711,3.893882,3.893882,0.2262,0.2262,mult_0=F6B mult_7=F6B
sc_cfg300,3.966339,3.960532,3.960626,0.1464,0.1440,mult_1=DAE mult_7=CK3 adder_0=0EM adder_2=0M0 adder_4=0EM adder_6=073 adder_7=0Q7
sc_cfg657,4.018737,3.999336,4.005161,0.4828,0.3378,mult_0=DAE mult_7=HGP adder_0=0M0 adder_6=073 adder_7=0M0
sc_cfg734,4.023454,4.020318,4.020318,0.0779,0.0779,mult_1=HGY adder_0=02E adder_1=0Q7 adder_3=073
sc_cfg1424,4.071146,4.076864,4.078855,0.1405,0.1894,mult_1=8VH mult_5=5FA adder_4=0M0 adder_6=0GK
sc_cfg1192,4.120043,4.121155,4.121155,0.0270,0.0270,mult_3=F6B
sc_cfg324,4.121727,4.322442,4.115260,4.8697,0.1569,mult_1=8VH mult_2=5FA mult_7=5FA adder_0=02E adder_2=0EM adder_3=0AV adder_4=0GK adder_6=0M0 adder_7=0AV
sc_cfg1296,4.136985,4.139717,4.139717,0.0660,0.0660,mult_1=GPF mult_8=DAE
sc_cfg1396,4.140000,4.127927,4.127927,0.2916,0.2916,mult_6=AQ1 mult_7=HGP mult_8=DAE adder_1=0Q7
sc_cfg1583,4.225543,4.248636,4.231928,0.5465,0.1511,mult_0=HGY mult_4=DAE mult_7=DAE mult_8=GPF adder_5=0GK
sc_cfg129,4.398346,4.392153,4.392421,0.1408,0.1347,mult_6=F6B adder_5=0EM adder_6=0Q7
sc_cfg286,4.398401,4.392771,4.392771,0.1280,0.1280,mult_6=F6B adder_7=0EM
sc_cfg993,4.398675,4.393047,4.393047,0.1279,0.1279,mult_6=F6B
sc_cfg671,4.398911,4.393236,4.393236,0.1290,0.1290,mult_6=F6B adder_4=0Q7
sc_cfg342,4.399234,4.393606,4.393606,0.1279,0.1279,mult_0=AQ1 mult_3=AQ1 mult_6=F6B adder_2=0AV
sc_cfg1669,4.399829,4.394249,4.394249,0.1268,0.1268,mult_1=5FA mult_3=5FA mult_6=F6B mult_7=AQ1 adder_0=0EM
sc_cfg708,4.400934,4.395537,4.395537,0.1226,0.1226,mult_6=F6B adder_1=0AV adder_7=073
sc_cfg1226,4.403390,4.397860,4.397860,0.1256,0.1256,mult_6=F6B adder_0=0EM adder_1=0AV adder_2=073
sc_cfg732,4.407018,4.393687,4.393687,0.3025,0.3025,mult_2=F6B adder_2=0AV adder_3=073
sc_cfg258,4.407044,4.401533,4.401533,0.1251,0.1251,mult_1=5FA mult_6=F6B adder_2=0M0 adder_3=0Q7
sc_cfg413,4.408977,4.398473,4.398473,0.2382,0.2382,mult_7=F6B adder_7=0GK
sc_cfg908,4.429213,4.414716,4.422296,0.3273,0.1562,mult_0=5FA mult_1=DAE mult_6=F6B adder_1=0DL adder_5=0DL
sc_cfg1043,4.433934,4.420621,4.420605,0.3003,0.3006,mult_0=DAE mult_2=F6B mult_5=AQ1 adder_1=0DL adder_2=0Q7 adder_3=0M0 adder_4=0Q7 adder_7=0AV
sc_cfg1519,4.435351,4.417710,4.417776,0.3977,0.3962,mult_0=F6B mult_2=F6B adder_0=0AV adder_2=0M0 adder_6=0M0 adder_7=0M0
sc_cfg726,4.474038,4.464575,4.464575,0.2115,0.2115,mult_4=F6B mult_8=GPF
sc_cfg558,4.483959,4.477567,4.477944,0.1426,0.1341,mult_5=5FA mult_6=F6B adder_0=0M0 adder_3=0DL adder_5=0EM
sc_cfg302,4.554061,4.543342,4.543342,0.2354,0.2354,mult_0=HGP mult_1=DAE mult_4=F6B mult_5=DAE adder_0=0EM
sc_cfg1081,4.565836,4.730303,4.553574,3.6021,0.2686,mult_1=HGY adder_4=0GK
sc_cfg1589,4.569013,4.571828,4.557089,0.0616,0.2610,mult_1=AQ1 mult_7=HGY adder_3=0M0 adder_5=0GK adder_6=0AV adder_7=0AV
sc_cfg899,4.667143,4.669427,4.672622,0.0489,0.1174,mult_1=F6B mult_7=F6B adder_2=0EM adder_4=073
sc_cfg1649,4.715154,4.728881,4.728881,0.2911,0.2911,mult_1=HGY adder_3=0GK
sc_cfg1151,4.717463,4.732327,4.713742,0.3151,0.0789,mult_2=5FA mult_7=HGP adder_1=0GK adder_4=0AV adder_5=073
sc_cfg546,4.741023,4.734331,4.731561,0.1412,0.1996,mult_3=F6B adder_0=0GK adder_4=0Q7 adder_6=0DL adder_7=073
sc_cfg605,4.828448,4.827069,4.827069,0.0286,0.0286,mult_6=F6B mult_7=DAE adder_4=0GK
sc_cfg229,4.830460,4.838569,4.837005,0.1679,0.1355,mult_3=F6B adder_4=0GK
sc_cfg711,4.989791,4.991513,4.968678,0.0345,0.4231,mult_0=CK3 mult_5=DAE mult_7=HGP adder_0=0EM adder_1=0EM adder_2=0AV adder_5=073 adder_7=0M0
sc_cfg43,5.024045,5.025186,5.009243,0.0227,0.2946,mult_7=HGY mult_8=HGY adder_1=0Q7 adder_4=0AV adder_5=073 adder_6=0M0
sc_cfg1614,5.046125,5.051325,5.051325,0.1030,0.1030,mult_1=CK3 mult_6=DAE mult_8=HGP adder_0=0M0 adder_3=073
sc_cfg1074,5.053045,5.044569,5.041962,0.1677,0.2193,mult_0=GPF mult_2=5FA mult_4=5FA mult_8=CK3 adder_0=02E adder_2=0GK adder_4=073 adder_6=0M0 adder_7=0GK
sc_cfg931,5.057980,5.052628,5.049468,0.1058,0.1683,mult_0=HGP mult_6=5FA mult_7=F6B mult_8=HGY adder_0=0AV adder_1=0EM adder_2=0Q7 adder_3=0M0 adder_4=0M0 adder_5=0Q7 adder_6=0Q7 adder_7=0AV
sc_cfg701,5.112456,5.118566,5.118566,0.1195,0.1195,mult_1=8VH mult_8=F6B adder_3=0EM adder_7=0Q7
sc_cfg885,5.114260,5.115680,5.115680,0.0278,0.0278,mult_0=HGY mult_1=8VH adder_7=073
sc_cfg344,5.122986,5.128976,5.128976,0.1169,0.1169,mult_1=HGY mult_8=8VH adder_5=0Q7
sc_cfg581,5.123108,5.123113,5.123113,0.0001,0.0001,mult_0=CK3 mult_1=HGP mult_6=DAE adder_1=0DL adder_2=073
sc_cfg1118,5.123651,5.129726,5.129726,0.1186,0.1186,mult_1=HGY mult_8=GPF
sc_cfg1227,5.126267,5.135051,5.125155,0.1714,0.0217,mult_0=HGP mult_7=F6B adder_0=0AV adder_1=0GK adder_2=0DL adder_3=0Q7 adder_4=0DL
sc_cfg715,5.129323,5.119915,5.116411,0.1834,0.2517,mult_0=HGP mult_1=AQ1 mult_7=CK3 adder_4=0EM
sc_cfg629,5.166990,5.165278,5.154875,0.0331,0.2345,mult_0=GPF mult_7=HGY adder_2=0EM adder_4=0DL
sc_cfg1236,5.167672,5.923649,5.155353,14.6290,0.2384,mult_0=CK3 mult_1=HGY adder_2=0Q7 adder_3=0EM adder_4=0GK
sc_cfg1526,5.230883,5.218489,5.216954,0.2369,0.2663,mult_0=F6B mult_1=5FA mult_7=HGY adder_1=0Q7 adder_6=0EM adder_7=0DL
sc_cfg1615,5.281523,5.286494,5.286494,0.0941,0.0941,mult_0=DAE mult_1=GPF mult_3=DAE mult_5=DAE mult_6=DAE mult_7=AQ1 mult_8=GPF adder_3=0Q7
sc_cfg236,5.296867,5.283313,5.282759,0.2559,0.2663,mult_2=F6B mult_3=5FA mult_4=AQ1 mult_8=F6B adder_0=0Q7 adder_1=073 adder_2=0GK adder_3=073 adder_6=0EM adder_7=0GK
sc_cfg992,5.352937,5.754098,5.348278,7.4942,0.0870,mult_1=8VH mult_7=DAE mult_8=HGP adder_0=02E adder_3=0GK adder_4=0GK adder_6=0AV
sc_cfg1405,5.355337,5.342575,5.342366,0.2383,0.2422,mult_6=F6B mult_7=GPF adder_2=073 adder_3=0Q7 adder_6=0Q7
sc_cfg1634,5.402513,5.391062,5.391062,0.2120,0.2120,mult_3=F6B adder_7=0GK
sc_cfg81,5.474755,5.560985,5.477813,1.5751,0.0559,mult_0=GPF mult_4=DAE mult_6=5FA mult_8=HGP adder_1=0GK adder_2=0GK adder_5=0GK adder_6=0M0
sc_cfg40,5.528733,5.520292,5.520292,0.1527,0.1527,mult_5=F6B mult_8=HGY adder_0=0GK adder_1=073 adder_2=0EM adder_3=0Q7
sc_cfg1673,5.591160,5.471757,5.594127,2.1356,0.0531,mult_0=HGP mult_2=F6B mult_6=5FA mult_8=HGY adder_6=0GK adder_7=0DL
sc_cfg1368,5.653524,5.638006,5.649379,0.2745,0.0733,mult_1=HGP mult_6=5FA adder_2=0DL adder_3=0AV adder_4=073 adder_7=0GK
sc_cfg959,5.688290,5.719488,5.669733,0.5485,0.3262,mult_0=F6B mult_3=5FA mult_7=F6B mult_8=F6B adder_1=0M0 adder_4=0GK adder_7=0EM
sc_cfg1413,5.705832,5.715157,5.708448,0.1634,0.0459,mult_1=CK3 mult_8=8VH adder_0=0MH adder_1=0AV adder_4=073 adder_5=073 adder_6=0AV
sc_cfg1258,5.726932,5.716316,5.716316,0.1854,0.1854,mult_4=DAE mult_5=F6B mult_7=F6B adder_1=0DL adder_2=0Q7 adder_3=0M0
sc_cfg361,5.813319,5.816192,5.816192,0.0494,0.0494,mult_1=F6B mult_7=HGY adder_1=073
sc_cfg505,5.887607,5.900042,5.905509,0.2112,0.3041,mult_0=AQ1 mult_1=8VH mult_2=5FA mult_8=GPF adder_0=0EM adder_1=0GK adder_3=0DL adder_6=073 adder_7=073
sc_cfg652,5.901703,5.890006,5.885397,0.1982,0.2763,mult_7=HGY mult_8=8VH adder_0=073 adder_1=0DL adder_4=0GK adder_5=0EM
sc_cfg1099,5.924320,5.916191,5.916191,0.1372,0.1372,mult_0=GPF mult_2=DAE mult_5=F6B adder_0=02E adder_1=0Q7
sc_cfg1202,6.058188,6.062080,6.062168,0.0642,0.0657,mult_0=GPF mult_2=5FA mult_4=5FA mult_6=AQ1 mult_7=DAE mult_8=F6B adder_0=0MH adder_2=0M0 adder_3=073 adder_5=0AV adder_6=073
sc_cfg1009,6.107515,6.029735,6.105499,1.2735,0.0330,mult_0=HGP mult_2=5FA mult_3=F6B mult_4=AQ1 mult_8=F6B adder_2=0EM adder_4=0DL adder_6=0AV adder_7=0AV
sc_cfg1345,6.126508,6.106840,6.106680,0.3210,0.3236,mult_0=HGP mult_4=F6B mult_7=F6B adder_1=0AV adder_2=073 adder_3=0Q7 adder_6=0AV
sc_cfg1581,6.137524,6.224007,6.124711,1.4091,0.2088,mult_1=CK3 mult_5=AQ1 mult_7=DAE mult_8=GPF adder_0=073 adder_3=073 adder_4=0GK adder_6=0EM adder_7=0DL
sc_cfg1026,6.157495,6.151321,6.152827,0.1003,0.0758,mult_1=CK3 mult_3=5FA mult_5=5FA mult_6=AQ1 mult_7=F6B mult_8=DAE adder_4=0Q7 adder_6=0AV
sc_cfg1093,6.167439,6.170827,6.169846,0.0549,0.0390,mult_0=HGY mult_2=5FA mult_3=F6B mult_6=F6B mult_7=5FA adder_0=0M0 adder_2=0DL adder_4=0Q7 adder_5=0AV adder_6=0M0 adder_7=073
sc_cfg121,6.186138,6.163865,6.163865,0.3600,0.3600,mult_0=AQ1 mult_4=F6B mult_7=CK3
sc_cfg243,6.187681,6.197731,6.193217,0.1624,0.0895,mult_2=DAE mult_8=HGY adder_0=0MH adder_1=0EM adder_2=0M0 adder_6=0DL
sc_cfg515,6.215047,6.262930,6.204783,0.7704,0.1651,mult_3=F6B mult_4=F6B adder_1=0DL adder_4=0DL adder_5=0EM
sc_cfg1356,6.323675,6.286535,6.307654,0.5873,0.2534,mult_0=GPF mult_7=HGY adder_0=02E adder_4=0M0 adder_5=0DL
sc_cfg63,6.344966,6.339264,6.339264,0.0899,0.0899,adder_3=02E
sc_cfg1520,6.344966,6.339264,6.339264,0.0899,0.0899,mult_2=AQ1 adder_3=02E
sc_cfg211,6.370847,6.364027,6.359027,0.1070,0.1855,mult_0=HGP mult_2=AQ1 mult_7=GPF mult_8=CK3 adder_0=0AV adder_2=073 adder_5=0EM adder_7=073
sc_cfg289,6.429265,6.433245,6.433245,0.0619,0.0619,mult_7=8VH adder_0=0MH adder_1=0Q7
sc_cfg952,6.441823,6.439848,6.439759,0.0307,0.0320,mult_0=5FA mult_6=DAE adder_1=0EM adder_3=02E adder_4=0M0
sc_cfg1188,6.456638,6.465797,6.465797,0.1418,0.1418,mult_3=AQ1 mult_7=AQ1 mult_8=5FA adder_0=0MH adder_1=0EM
sc_cfg883,6.458209,6.457936,6.455975,0.0042,0.0346,mult_4=AQ1 mult_6=DAE adder_0=073 adder_3=02E adder_4=0EM adder_6=0EM
sc_cfg313,6.481015,6.490105,6.490105,0.1403,0.1403,adder_0=0MH adder_1=0M0 adder_2=0M0
sc_cfg180,6.492811,6.503049,6.503049,0.1577,0.1577,mult_3=DAE adder_0=0MH
sc_cfg1658,6.504800,6.493931,6.493931,0.1671,0.1671,mult_0=GPF mult_7=GPF mult_8=GPF adder_2=0DL
sc_cfg476,6.657881,6.645619,6.645619,0.1842,0.1842,mult_5=F6B mult_7=HGP adder_4=0M0 adder_6=0AV
sc_cfg571,6.715213,6.719155,6.708220,0.0587,0.1041,adder_0=0MH adder_1=0EM adder_5=0Q7 adder_6=0GK adder_7=0M0
sc_cfg1299,6.716911,6.952482,6.715481,3.5071,0.0213,mult_3=F6B mult_5=DAE mult_8=GPF adder_0=0GK adder_1=0GK adder_3=0AV adder_4=0GK adder_6=0M0 adder_7=0M0
sc_cfg1001,6.732811,6.812067,6.721390,1.1772,0.1696,mult_0=DAE mult_2=DAE mult_3=DAE mult_5=F6B mult_6=5FA mult_7=HGP adder_0=0AV adder_1=0Q7 adder_3=0EM adder_4=0DL adder_6=073 adder_7=0AV
sc_cfg1423,6.852840,6.855018,6.856759,0.0318,0.0572,mult_6=5FA mult_7=HGP adder_0=0MH adder_2=0EM adder_5=0GK
sc_cfg998,6.872199,6.871453,6.870572,0.0108,0.0237,mult_1=HGY mult_2=DAE mult_3=5FA mult_4=AQ1 mult_5=DAE mult_7=F6B mult_8=F6B adder_0=0M0 adder_1=0DL adder_3=0EM adder_6=0EM
sc_cfg644,6.946506,7.095891,6.967181,2.1505,0.2976,mult_0=DAE mult_2=F6B mult_3=AQ1 mult_5=F6B mult_6=5FA mult_7=F6B adder_0=0Q7 adder_1=0Q7 adder_2=0DL adder_3=0M0 adder_5=0DL adder_6=0M0
sc_cfg570,6.959049,6.950541,6.938079,0.1223,0.3013,mult_0=CK3 mult_1=AQ1 mult_2=AQ1 mult_6=5FA mult_7=8VH adder_1=0AV adder_4=0DL adder_5=0AV adder_7=0GK
sc_cfg483,6.961273,6.953593,6.953593,0.1103,0.1103,mult_1=HGY mult_2=F6B mult_8=8VH adder_0=0DL adder_7=0GK
sc_cfg191,6.976054,6.971235,6.971235,0.0691,0.0691,mult_0=5FA mult_2=DAE adder_0=0DL adder_2=0GK adder_3=02E
sc_cfg1037,7.006090,7.197196,7.001274,2.7277,0.0687,mult_0=HGP mult_1=8VH mult_2=5FA mult_3=AQ1 mult_4=AQ1 mult_5=5FA mult_6=5FA mult_8=HGY adder_0=02E adder_1=0M0 adder_2=0EM adder_3=0EM adder_4=0EM adder_5=0DL adder_6=073 adder_7=0GK
sc_cfg1429,7.022236,7.044846,7.044846,0.3220,0.3220,mult_0=HGY mult_3=F6B adder_0=0MH adder_1=073 adder_7=0DL
sc_cfg510,7.070349,7.054504,7.052413,0.2241,0.2537,mult_1=CK3 mult_7=8VH adder_0=073 adder_3=0Q7 adder_4=0Q7 adder_6=0M0
sc_cfg642,7.119309,7.118387,7.118387,0.0129,0.0129,mult_0=AQ1 mult_2=CK3 mult_5=DAE mult_8=AQ1 adder_0=0EM adder_3=073
sc_cfg1115,7.121901,7.122145,7.122145,0.0034,0.0034,mult_2=HGP adder_1=0M0 adder_5=0AV
sc_cfg1559,7.147586,7.147186,7.147186,0.0056,0.0056,mult_1=5FA mult_2=HGY mult_3=DAE adder_0=0EM adder_3=0Q7
sc_cfg212,7.152625,7.159616,7.159616,0.0977,0.0977,mult_3=AQ1 mult_5=DAE mult_6=8VH adder_0=0EM adder_3=0EM
sc_cfg1664,7.173904,7.181267,7.181267,0.1026,0.1026,mult_6=HGP adder_1=073 adder_3=0EM adder_4=0Q7
sc_cfg234,7.174092,7.181333,7.181333,0.1009,0.1009,mult_6=CK3 adder_3=073
sc_cfg572,7.182892,7.191541,7.190162,0.1204,0.1012,mult_0=AQ1 mult_6=8VH adder_0=073 adder_3=0Q7 adder_6=073
sc_cfg792,7.188830,7.188808,7.188808,0.0003,0.0003,mult_2=CK3 mult_6=5FA
sc_cfg561,7.193427,7.195800,7.195800,0.0330,0.0330,mult_0=GPF mult_1=HGY mult_8=CK3 adder_3=0AV adder_6=0GK
sc_cfg159,7.195298,7.105008,7.189569,1.2548,0.0796,mult_1=CK3 mult_5=AQ1 mult_7=GPF adder_5=0EM adder_6=0DL
sc_cfg1150,7.195746,7.203030,7.203030,0.1012,0.1012,mult_6=HGP adder_2=073
sc_cfg1327,7.199965,7.199275,7.200141,0.0096,0.0025,mult_2=CK3 adder_4=073
sc_cfg1530,7.200733,7.207536,7.207536,0.0945,0.0945,mult_2=DAE mult_6=CK3
sc_cfg623,7.217056,7.224377,7.224377,0.1014,0.1014,mult_6=8VH adder_2=0EM
sc_cfg42,7.218386,7.225692,7.225692,0.1012,0.1012,mult_6=8VH
sc_cfg142,7.218386,7.225692,7.225692,0.1012,0.1012,mult_6=8VH
sc_cfg1135,7.218386,7.225692,7.225692,0.1012,0.1012,mult_6=8VH
sc_cfg1170,7.218386,7.225692,7.225692,0.1012,0.1012,mult_6=8VH
sc_cfg1628,7.218386,7.225692,7.225692,0.1012,0.1012,mult_6=8VH
sc_cfg759,7.219051,7.226350,7.226357,0.1011,0.1012,mult_6=8VH adder_5=0EM
sc_cfg39,7.219784,7.227169,7.227169,0.1023,0.1023,mult_5=5FA mult_6=8VH
sc_cfg106,7.220351,7.227436,7.227436,0.0981,0.0981,mult_0=5FA mult_4=5FA mult_6=CK3 mult_7=5FA adder_7=0Q7
sc_cfg632,7.220585,7.220521,7.220521,0.0009,0.0009,mult_2=8VH adder_3=0AV
sc_cfg1411,7.220585,7.220521,7.220521,0.0009,0.0009,mult_2=CK3
sc_cfg1079,7.221246,7.221181,7.221179,0.0009,0.0009,mult_2=CK3 adder_4=0AV
sc_cfg1467,7.248587,7.256456,7.256456,0.1086,0.1086,mult_6=GPF adder_1=0DL
sc_cfg1364,7.266380,7.269139,7.284108,0.0380,0.2440,mult_1=DAE mult_3=5FA mult_5=AQ1 mult_6=HGP mult_8=AQ1 adder_0=0Q7 adder_1=073 adder_2=0Q7 adder_3=073 adder_4=0EM adder_5=0DL adder_6=073
sc_cfg1058,7.274000,7.273993,7.273993,0.0001,0.0001,mult_2=GPF mult_4=DAE adder_1=073 adder_3=0EM
sc_cfg97,7.274255,7.287256,7.271730,0.1787,0.0347,mult_1=5FA mult_3=F6B mult_5=5FA mult_7=8VH adder_2=0GK adder_4=0AV adder_5=073 adder_6=0Q7
sc_cfg1305,7.278869,7.256823,7.286564,0.3029,0.1057,mult_3=AQ1 mult_6=8VH adder_1=0AV adder_4=0EM adder_5=0DL
sc_cfg1564,7.318744,7.225289,7.225444,1.2769,1.2748,mult_1=5FA mult_4=5FA mult_5=F6B mult_7=HGY adder_0=0GK adder_6=0DL
sc_cfg626,7.348193,7.357613,7.357613,0.1282,0.1282,mult_1=DAE mult_2=5FA mult_6=8VH
sc_cfg1323,7.368604,7.362454,7.362454,0.0835,0.0835,mult_0=8VH adder_3=02E adder_7=0Q7
sc_cfg588,7.396997,7.393303,7.393303,0.0499,0.0499,adder_0=0AV adder_2=073 adder_3=0MH adder_4=073 adder_5=0M0
sc_cfg398,7.409816,7.412433,7.412433,0.0353,0.0353,mult_7=DAE adder_3=0MH
sc_cfg949,7.417611,7.415289,7.415289,0.0313,0.0313,mult_3=5FA mult_7=AQ1 adder_3=0MH adder_5=0AV adder_7=0EM
sc_cfg440,7.426744,7.430659,7.430656,0.0527,0.0527,mult_1=DAE mult_2=HGY mult_4=AQ1 adder_2=0DL adder_4=0AV
sc_cfg1240,7.457040,7.450742,7.450730,0.0845,0.0846,mult_1=HGP mult_7=HGP adder_3=0DL adder_4=0AV adder_7=0Q7
sc_cfg620,7.464526,7.460243,7.460243,0.0574,0.0574,mult_0=AQ1 mult_6=5FA adder_2=0AV adder_3=0MH adder_7=0DL
sc_cfg890,7.467612,7.473529,7.457911,0.0792,0.1299,mult_0=DAE mult_1=GPF mult_2=AQ1 mult_5=DAE mult_7=8VH adder_3=0EM adder_5=0M0 adder_7=0DL
sc_cfg1455,7.519760,7.519589,7.519589,0.0023,0.0023,mult_0=DAE mult_2=HGY
sc_cfg382,7.563826,7.578447,7.573512,0.1933,0.1281,mult_0=HGY mult_1=F6B mult_5=DAE mult_6=F6B mult_7=HGP adder_0=0AV adder_1=0DL adder_2=0AV adder_3=0M0 adder_4=0EM adder_5=073 adder_6=0EM adder_7=073
sc_cfg19,7.635537,7.613700,7.636712,0.2860,0.0154,mult_3=DAE mult_4=AQ1 mult_6=CK3 mult_7=5FA adder_1=0DL adder_3=0DL adder_6=0GK adder_7=073
sc_cfg1654,7.640393,7.650793,7.650793,0.1361,0.1361,mult_0=DAE mult_1=DAE mult_6=HGY adder_1=073 adder_2=0Q7
sc_cfg449,7.738424,7.729083,7.729083,0.1207,0.1207,mult_2=HGY adder_0=02E
sc_cfg298,7.776981,7.762987,7.762987,0.1799,0.1799,mult_0=HGY mult_2=DAE mult_5=F6B mult_7=HGP adder_0=073
sc_cfg352,7.905528,7.906836,7.899389,0.0165,0.0777,mult_4=DAE adder_1=0M0 adder_3=0MH adder_6=0GK
sc_cfg984,7.907364,7.904686,7.904686,0.0339,0.0339,mult_0=HGP adder_0=0DL adder_1=0EM adder_3=0MH
sc_cfg633,8.072478,8.090560,8.090560,0.2240,0.2240,adder_0=0GK adder_4=02E
sc_cfg640,8.116758,8.097662,8.097662,0.2353,0.2353,mult_0=HGP adder_1=073 adder_7=02E
sc_cfg1136,8.246860,8.235274,8.238618,0.1405,0.0999,mult_0=DAE mult_2=HGY mult_5=DAE adder_0=0MH adder_1=0M0 adder_2=073 adder_4=0Q7 adder_6=0DL adder_7=0M0
sc_cfg1212,8.301325,8.281108,8.282578,0.2435,0.2258,mult_7=F6B adder_0=073 adder_1=073 adder_4=0Q7 adder_7=02E
sc_cfg1566,8.314134,8.366963,8.323554,0.6354,0.1133,mult_0=HGP mult_2=GPF mult_3=DAE mult_7=AQ1 adder_1=0Q7 adder_2=0M0 adder_3=0M0 adder_6=0DL adder_7=0EM
sc_cfg1434,8.370697,8.367518,8.367518,0.0380,0.0380,mult_0=F6B mult_2=GPF adder_0=0M0
sc_cfg965,8.370929,8.380528,8.380528,0.1147,0.1147,adder_5=02E
sc_cfg1508,8.370929,8.380528,8.380528,0.1147,0.1147,adder_5=02E
sc_cfg1184,8.374470,8.358038,8.353066,0.1962,0.2556,mult_0=F6B mult_4=DAE mult_7=AQ1 mult_8=5FA adder_0=0GK adder_1=0Q7 adder_2=0Q7 adder_3=073 adder_4=0Q7 adder_5=0M0 adder_7=02E
sc_cfg269,8.381327,8.392975,8.392975,0.1390,0.1390,adder_3=0DL adder_5=02E
sc_cfg531,8.401818,8.399025,8.398332,0.0332,0.0415,mult_0=CK3 mult_2=8VH adder_0=073 adder_5=073 adder_6=0EM
sc_cfg185,8.422354,8.427550,8.423417,0.0617,0.0126,mult_2=HGY mult_8=GPF adder_1=073 adder_4=0EM adder_6=0Q7
sc_cfg766,8.433490,8.434776,8.434776,0.0153,0.0153,mult_0=HGP mult_1=5FA mult_3=F6B mult_5=F6B mult_8=8VH adder_6=0AV
sc_cfg873,8.436564,8.430257,8.430257,0.0748,0.0748,mult_1=8VH mult_3=DAE mult_7=GPF mult_8=HGP adder_1=0M0
sc_cfg891,8.449957,8.449243,8.450690,0.0084,0.0087,mult_2=8VH mult_3=5FA mult_7=5FA mult_8=HGY adder_5=0M0 adder_7=0AV
sc_cfg1303,8.464928,8.458713,8.458713,0.0734,0.0734,adder_2=0Q7 adder_7=02E
sc_cfg1565,8.466469,8.457611,8.457611,0.1046,0.1046,adder_7=02E
sc_cfg49,8.466736,8.475259,8.475259,0.1007,0.1007,mult_6=HGP mult_8=GPF
sc_cfg103,8.466736,8.475259,8.475259,0.1007,0.1007,mult_6=8VH mult_8=8VH
sc_cfg3,8.468606,8.461025,8.461025,0.0895,0.0895,mult_4=AQ1 adder_1=0EM adder_2=0AV adder_3=0Q7 adder_7=02E
sc_cfg1481,8.469071,8.473691,8.473691,0.0546,0.0546,mult_1=F6B adder_3=0MH
sc_cfg321,8.477056,8.463179,8.470963,0.1637,0.0719,adder_5=0DL adder_7=02E
sc_cfg1320,8.483707,8.478262,8.482091,0.0642,0.0191,mult_0=5FA adder_3=073 adder_5=0Q7 adder_7=02E
sc_cfg518,8.489369,8.485323,8.485323,0.0477,0.0477,adder_6=02E
sc_cfg781,8.489369,8.485323,8.485323,0.0477,0.0477,adder_1=0AV adder_6=02E
sc_cfg68,8.490168,8.485258,8.485258,0.0578,0.0578,mult_0=5FA adder_6=02E
sc_cfg1235,8.500948,8.497763,8.497763,0.0375,0.0375,mult_2=5FA mult_3=F6B adder_3=02E adder_5=073
sc_cfg1407,8.514244,8.520735,8.515007,0.0762,0.0090,mult_2=8VH adder_0=0M0 adder_2=0GK adder_6=0GK
sc_cfg1676,8.522061,8.505619,8.505716,0.1929,0.1918,mult_0=DAE mult_4=5FA adder_6=02E adder_7=0AV
sc_cfg1020,8.569086,8.575388,8.579260,0.0735,0.1187,mult_0=GPF mult_6=5FA mult_7=DAE adder_0=073 adder_5=02E
sc_cfg1427,8.576229,8.984186,8.589501,4.7568,0.1548,mult_1=F6B mult_3=DAE mult_5=AQ1 mult_8=8VH adder_4=02E
sc_cfg838,8.581495,8.589850,8.589850,0.0974,0.0974,mult_0=DAE mult_6=8VH mult_8=GPF adder_0=0DL adder_2=0EM
sc_cfg271,8.597561,8.578753,8.578787,0.2188,0.2184,mult_4=F6B adder_0=0GK adder_3=02E adder_4=0AV adder_7=073
sc_cfg1153,8.637483,8.568532,8.568532,0.7983,0.7983,mult_0=HGP mult_7=F6B mult_8=8VH adder_1=0GK adder_7=02E
sc_cfg585,8.682087,8.907297,8.695396,2.5940,0.1533,mult_1=HGP adder_4=02E
sc_cfg746,8.690307,8.687895,8.668685,0.0277,0.2488,mult_3=5FA mult_5=5FA mult_7=AQ1 mult_8=F6B adder_0=0DL adder_5=0EM adder_6=02E
sc_cfg836,8.691567,8.902751,8.705219,2.4298,0.1571,mult_1=HGP mult_8=5FA adder_2=0Q7 adder_4=02E adder_5=0M0
sc_cfg207,8.725308,8.859219,8.851259,1.5347,1.4435,mult_0=GPF mult_2=F6B mult_4=F6B mult_5=5FA mult_6=F6B mult_7=GPF adder_0=0DL adder_1=073 adder_2=0M0 adder_6=0GK
sc_cfg12,8.738467,8.744071,8.731797,0.0641,0.0763,mult_1=5FA mult_4=AQ1 adder_2=073 adder_5=0GK adder_6=02E
sc_cfg533,8.757825,8.704429,8.778939,0.6097,0.2411,mult_0=8VH mult_4=5FA mult_8=AQ1 adder_0=0Q7 adder_3=0M0 adder_4=02E
sc_cfg119,8.767727,8.777049,8.777049,0.1063,0.1063,mult_0=DAE mult_6=GPF mult_7=AQ1 mult_8=GPF adder_3=0EM
sc_cfg395,8.785753,8.718888,8.729454,0.7611,0.6408,mult_4=F6B mult_8=DAE adder_2=0M0 adder_6=073 adder_7=02E
sc_cfg567,8.811851,8.833224,8.833224,0.2426,0.2426,mult_1=F6B mult_5=5FA mult_6=HGP adder_3=0DL
sc_cfg387,8.821864,9.302502,8.827102,5.4483,0.0594,mult_0=5FA mult_1=F6B mult_8=8VH adder_1=0DL adder_3=0GK adder_4=02E
sc_cfg394,8.871955,8.880631,8.880631,0.0978,0.0978,adder_0=0M0 adder_4=02E
sc_cfg332,8.883745,8.892302,8.892302,0.0963,0.0963,adder_4=02E adder_5=0AV
sc_cfg658,8.883931,8.892489,8.892489,0.0963,0.0963,adder_4=02E
sc_cfg1458,8.883931,8.892489,8.892489,0.0963,0.0963,adder_4=02E
sc_cfg47,8.887262,8.896340,8.896340,0.1021,0.1021,adder_0=0Q7 adder_4=02E
sc_cfg1071,8.898712,8.901520,8.901813,0.0316,0.0348,mult_2=DAE adder_4=02E
sc_cfg1612,8.900199,8.912341,8.916017,0.1364,0.1777,mult_1=5FA mult_6=5FA adder_0=073 adder_2=0EM adder_4=02E
sc_cfg662,8.912379,8.917153,8.917149,0.0536,0.0535,mult_1=AQ1 adder_2=02E adder_5=073 adder_7=0Q7
sc_cfg560,8.920841,8.928726,8.898342,0.0884,0.2522,mult_0=CK3 mult_2=F6B mult_4=F6B mult_5=F6B mult_6=F6B mult_7=AQ1 mult_8=HGP adder_1=0DL adder_2=073 adder_3=073 adder_4=0M0 adder_5=0EM adder_7=0AV
sc_cfg174,8.925816,8.930394,8.930394,0.0513,0.0513,adder_2=02E
sc_cfg758,8.932392,8.934213,8.934213,0.0204,0.0204,adder_2=02E adder_7=0DL
sc_cfg1339,8.993881,8.999920,8.999920,0.0671,0.0671,adder_0=02E adder_5=02E
sc_cfg1195,9.022914,9.025456,9.026149,0.0282,0.0359,mult_0=HGY mult_1=GPF mult_5=F6B mult_8=GPF adder_1=0Q7 adder_2=0EM adder_5=0M0
sc_cfg1179,9.041832,9.062464,9.062871,0.2282,0.2327,mult_1=F6B mult_6=8VH adder_3=0EM adder_6=0AV adder_7=0EM
sc_cfg200,9.077104,8.990868,9.093817,0.9500,0.1841,mult_0=DAE mult_1=HGP mult_3=AQ1 mult_4=DAE mult_5=DAE mult_7=GPF mult_8=HGP adder_1=0M0 adder_3=0M0 adder_4=0AV adder_6=0DL adder_7=0DL
sc_cfg1540,9.095759,9.101531,9.092694,0.0635,0.0337,mult_0=HGP mult_2=HGP mult_3=DAE adder_2=0GK adder_3=0DL adder_4=0Q7 adder_5=0DL
sc_cfg1084,9.119199,8.378545,9.210953,8.1219,1.0062,adder_0=0Q7 adder_1=0EM adder_3=0EM adder_4=0GK adder_5=0GK adder_6=02E adder_7=073
sc_cfg1398,9.121762,9.124647,9.125804,0.0316,0.0443,mult_2=CK3 mult_5=AQ1 mult_8=GPF adder_0=0Q7 adder_6=0GK
sc_cfg18,9.149160,9.003512,9.004575,1.5919,1.5803,mult_1=CK3 mult_5=AQ1 mult_6=AQ1 mult_7=HGY adder_3=0EM adder_5=0AV adder_7=02E
sc_cfg439,9.154864,9.142339,9.142339,0.1368,0.1368,mult_2=HGP mult_5=DAE mult_6=F6B mult_8=GPF adder_0=02E adder_2=073 adder_3=073 adder_4=0AV
sc_cfg737,9.158292,9.158199,9.158199,0.0010,0.0010,mult_5=AQ1 adder_1=0GK adder_2=02E
sc_cfg24,9.158620,9.061358,9.169240,1.0620,0.1160,mult_1=DAE mult_4=DAE mult_6=HGP mult_8=8VH adder_1=0EM adder_2=0GK adder_3=0Q7 adder_4=073 adder_5=0DL
sc_cfg73,9.193141,9.105599,9.105599,0.9523,0.9523,mult_3=AQ1 mult_6=GPF adder_3=0DL adder_7=02E
sc_cfg907,9.208624,9.243387,9.282210,0.3775,0.7991,mult_1=HGP mult_2=AQ1 mult_8=AQ1 adder_0=0DL adder_1=0Q7 adder_3=02E adder_4=0M0 adder_6=0DL adder_7=0M0
sc_cfg1687,9.221521,9.127139,9.127285,1.0235,1.0219,mult_8=CK3 adder_0=0MH adder_1=0M0 adder_4=02E adder_7=0DL
sc_cfg105,9.231179,9.227054,9.227054,0.0447,0.0447,mult_1=GPF mult_2=5FA mult_3=DAE mult_8=AQ1 adder_3=0MH
sc_cfg1446,9.284589,9.265155,9.272900,0.2093,0.1259,mult_1=DAE mult_4=F6B mult_6=HGY adder_0=0M0 adder_1=0EM adder_5=073 adder_6=0M0 adder_7=0M0
sc_cfg1445,9.296505,9.337272,9.291738,0.4385,0.0513,mult_0=F6B mult_4=DAE mult_7=AQ1 mult_8=HGP adder_3=0MH adder_4=0GK adder_7=073
sc_cfg1126,9.304251,9.381337,9.305965,0.8285,0.0184,mult_1=GPF adder_0=0M0 adder_4=0GK adder_5=02E adder_6=0M0
sc_cfg1597,9.305737,9.180466,9.210739,1.3462,1.0209,mult_0=8VH mult_6=5FA mult_7=HGP adder_1=0GK adder_2=0Q7 adder_3=0GK adder_4=0GK adder_6=0AV adder_7=02E
sc_cfg934,9.321529,9.319730,9.319730,0.0193,0.0193,mult_6=AQ1 adder_1=02E adder_2=0Q7 adder_5=0M0
sc_cfg1250,9.326315,9.324853,9.324853,0.0157,0.0157,adder_0=0M0 adder_1=02E
sc_cfg1483,9.326432,9.324627,9.324627,0.0194,0.0194,mult_6=DAE adder_1=02E
sc_cfg245,9.329254,9.327703,9.327703,0.0166,0.0166,adder_1=02E adder_2=0AV adder_4=0Q7
sc_cfg123,9.333337,9.231668,9.199668,1.0893,1.4322,mult_0=CK3 mult_1=8VH mult_2=F6B mult_4=AQ1 adder_2=073 adder_4=0DL adder_5=0M0 adder_7=02E
sc_cfg155,9.341062,9.810476,9.311652,5.0253,0.3148,mult_0=AQ1 mult_2=HGP mult_8=HGP adder_1=0AV adder_4=0M0 adder_5=0GK adder_6=0EM adder_7=0GK
sc_cfg1359,9.348705,9.345865,9.346041,0.0304,0.0285,mult_4=AQ1 adder_0=0DL adder_1=02E adder_2=0AV adder_5=0EM
sc_cfg771,9.381533,9.287647,9.272034,1.0008,1.1672,mult_1=F6B mult_3=AQ1 mult_4=F6B mult_6=5FA mult_8=F6B adder_0=0GK adder_1=0M0 adder_2=0GK adder_5=0EM adder_6=0DL adder_7=02E
sc_cfg1491,9.409525,9.407591,9.407591,0.0206,0.0206,adder_1=02E adder_2=0M0 adder_4=0GK
sc_cfg970,9.414470,9.378223,9.372766,0.3850,0.4430,mult_2=5FA mult_7=8VH adder_1=0M0 adder_5=0EM adder_6=02E
sc_cfg1130,9.421050,9.411665,9.442291,0.0996,0.2255,mult_1=AQ1 mult_7=GPF mult_8=AQ1 adder_4=02E adder_7=0GK
sc_cfg933,9.423602,9.394425,9.396167,0.3096,0.2911,mult_1=HGY mult_5=5FA adder_4=0AV adder_6=02E adder_7=0Q7
sc_cfg7,9.424866,9.444915,9.420293,0.2127,0.0485,mult_0=5FA mult_2=F6B mult_4=5FA mult_5=AQ1 mult_7=GPF adder_1=02E adder_2=0DL adder_3=0GK adder_4=073 adder_5=0GK adder_6=073 adder_7=073
sc_cfg1217,9.431819,9.412232,9.412232,0.2077,0.2077,mult_7=8VH adder_2=02E
sc_cfg995,9.433052,9.292826,9.293870,1.4865,1.4755,mult_1=CK3 mult_6=5FA mult_7=8VH mult_8=GPF adder_0=0EM adder_3=0AV adder_5=0EM adder_7=02E
sc_cfg735,9.436116,9.436951,9.456777,0.0089,0.2190,mult_0=DAE mult_1=5FA mult_6=HGY mult_8=8VH adder_5=0GK
sc_cfg1469,9.443396,9.415858,9.415542,0.2916,0.2950,mult_4=5FA mult_7=F6B mult_8=8VH adder_1=0Q7 adder_6=02E
sc_cfg147,9.450245,9.418196,9.409676,0.3391,0.4293,mult_1=8VH adder_1=0Q7 adder_2=0DL adder_6=02E
sc_cfg1285,9.481310,11.298452,9.484959,19.1655,0.0385,mult_1=5FA mult_2=AQ1 mult_4=DAE mult_5=5FA mult_6=GPF mult_8=5FA adder_0=0DL adder_1=0DL adder_2=0AV adder_5=02E adder_7=0Q7
sc_cfg825,9.491422,9.488734,9.488734,0.0283,0.0283,mult_1=8VH mult_8=DAE adder_1=073 adder_3=0MH
sc_cfg1489,9.527005,9.492456,9.484403,0.3626,0.4472,mult_1=DAE mult_7=GPF adder_2=0DL adder_6=02E
sc_cfg1039,9.544941,9.541988,9.538840,0.0309,0.0639,mult_1=DAE mult_2=HGP mult_6=F6B mult_7=F6B adder_0=0EM adder_5=0EM
sc_cfg1302,9.548997,9.554492,9.547096,0.0575,0.0199,mult_0=HGP mult_1=AQ1 mult_6=HGY mult_7=5FA adder_0=0Q7 adder_3=02E adder_4=0EM adder_5=0EM adder_6=073 adder_7=0Q7
sc_cfg1035,9.609231,9.637301,9.608185,0.2921,0.0109,mult_2=HGP mult_3=F6B mult_6=DAE adder_4=073 adder_5=0DL
sc_cfg84,9.640492,9.610296,9.610754,0.3132,0.3085,mult_1=5FA mult_5=F6B mult_7=F6B mult_8=GPF adder_0=0Q7 adder_1=0GK adder_2=02E adder_6=0Q7
sc_cfg1642,9.641141,9.642733,9.646381,0.0165,0.0544,mult_0=GPF mult_6=8VH mult_7=5FA mult_8=8VH adder_0=0AV adder_1=073 adder_4=0M0 adder_5=0M0
sc_cfg1063,9.648284,9.956844,9.651570,3.1981,0.0341,mult_0=8VH mult_5=F6B mult_7=GPF adder_2=0GK adder_3=0GK adder_4=0EM adder_5=0DL adder_6=073
sc_cfg1312,9.680264,9.677241,9.671717,0.0312,0.0883,adder_1=02E adder_6=0GK
sc_cfg62,9.724463,9.730933,9.730935,0.0665,0.0666,mult_0=F6B mult_6=GPF mult_8=HGP adder_2=073 adder_5=0AV
sc_cfg32,9.728247,9.661302,9.702188,0.6882,0.2679,mult_0=GPF mult_4=F6B mult_5=F6B mult_7=HGY adder_2=0AV adder_6=0DL adder_7=0M0
sc_cfg1237,9.735551,9.538830,9.562501,2.0207,1.7775,mult_1=AQ1 mult_3=F6B mult_6=F6B mult_7=DAE mult_8=5FA adder_3=0Q7 adder_4=0AV adder_6=0GK adder_7=02E
sc_cfg1533,9.744221,9.750747,9.750747,0.0670,0.0670,mult_0=8VH mult_6=GPF mult_8=GPF adder_2=0EM adder_3=0EM
sc_cfg651,9.747237,9.718202,9.854213,0.2979,1.0975,mult_0=F6B mult_3=5FA mult_4=F6B mult_5=DAE mult_6=AQ1 mult_7=AQ1 adder_1=0DL adder_2=0M0 adder_5=02E adder_6=0GK adder_7=0DL
sc_cfg318,9.769951,9.760869,9.760869,0.0930,0.0930,mult_8=CK3 adder_1=02E
sc_cfg1440,9.786660,9.800446,9.797367,0.1409,0.1094,mult_4=F6B mult_7=HGP adder_4=02E adder_5=0Q7
sc_cfg1594,9.796745,9.797600,9.796701,0.0087,0.0005,mult_1=CK3 mult_4=F6B mult_8=8VH adder_0=0M0 adder_2=02E adder_4=0Q7
sc_cfg619,9.847558,9.852060,9.846755,0.0457,0.0082,mult_2=CK3 mult_3=DAE mult_6=DAE adder_1=02E adder_2=0EM adder_3=0DL adder_4=0DL adder_7=073
sc_cfg149,9.890201,9.788336,9.788336,1.0300,1.0300,mult_2=F6B mult_8=AQ1 adder_7=02E
sc_cfg198,9.926474,9.910935,9.910643,0.1565,0.1595,mult_0=8VH mult_1=5FA mult_2=F6B mult_3=AQ1 mult_4=AQ1 mult_6=AQ1 adder_0=0Q7 adder_1=0M0 adder_2=02E adder_5=073 adder_6=0EM adder_7=0M0
sc_cfg783,9.933750,9.919966,9.919966,0.1388,0.1388,mult_6=F6B mult_8=GPF adder_1=0M0 adder_2=02E adder_3=0AV
sc_cfg729,9.975224,9.819578,9.819578,1.5603,1.5603,mult_0=F6B mult_6=HGY mult_7=DAE adder_1=0M0 adder_2=0M0 adder_7=02E
sc_cfg1047,10.098205,11.551806,10.101847,14.3946,0.0361,mult_2=F6B mult_6=HGP adder_4=0Q7 adder_5=02E
sc_cfg947,10.139075,10.163343,10.074935,0.2394,0.6326,mult_0=DAE mult_1=AQ1 mult_3=5FA mult_5=F6B mult_8=GPF adder_3=0DL adder_4=0DL adder_5=0EM adder_6=02E
sc_cfg850,10.185250,10.201689,10.201689,0.1614,0.1614,mult_6=HGY adder_4=02E
sc_cfg1291,10.202772,9.691404,10.331081,5.0121,1.2576,mult_0=CK3 mult_3=F6B mult_4=5FA adder_4=02E adder_6=0GK adder_7=0Q7
sc_cfg1621,10.263810,10.261781,10.260508,0.0198,0.0322,mult_6=8VH mult_7=HGY adder_3=0M0 adder_5=073
sc_cfg854,10.269167,10.277199,10.275718,0.0782,0.0638,mult_1=8VH mult_5=5FA mult_8=HGP adder_2=0M0 adder_3=02E adder_6=0EM adder_7=0Q7
sc_cfg1223,10.305508,10.310847,10.310847,0.0518,0.0518,mult_2=AQ1 mult_3=8VH mult_5=DAE adder_7=073
sc_cfg1316,10.308880,10.301701,10.301701,0.0696,0.0696,adder_3=0MH adder_5=02E
sc_cfg178,10.330063,10.329364,10.329364,0.0068,0.0068,adder_1=0MH adder_5=073
sc_cfg814,10.331118,10.338712,10.338712,0.0735,0.0735,mult_0=F6B mult_2=HGY mult_8=HGY adder_0=073 adder_3=0GK
sc_cfg740,10.347427,10.346653,10.346653,0.0075,0.0075,adder_1=0MH
sc_cfg1500,10.347427,10.346653,10.346653,0.0075,0.0075,mult_2=5FA adder_1=0MH
sc_cfg59,10.348468,10.353991,10.353991,0.0534,0.0534,mult_3=CK3 adder_3=0M0
sc_cfg345,10.348952,10.351945,10.351945,0.0289,0.0289,mult_5=8VH adder_3=073
sc_cfg1613,10.352439,10.355378,10.355378,0.0284,0.0284,mult_2=5FA mult_4=AQ1 mult_5=CK3 adder_3=0AV adder_7=0Q7
sc_cfg562,10.371382,10.374858,10.374858,0.0335,0.0335,mult_5=HGY adder_0=0M0
sc_cfg399,10.378863,10.384358,10.384358,0.0529,0.0529,mult_0=5FA mult_3=CK3
sc_cfg724,10.381255,10.381659,10.381659,0.0039,0.0039,mult_1=HGP mult_2=CK3 adder_0=0M0 adder_1=0EM adder_2=0M0
sc_cfg296,10.382721,10.386922,10.385703,0.0405,0.0287,mult_5=GPF adder_5=0Q7
sc_cfg822,10.383323,10.388976,10.388976,0.0544,0.0544,mult_3=CK3
sc_cfg835,10.383323,10.388976,10.388976,0.0544,0.0544,mult_3=HGP
sc_cfg1073,10.383323,10.388976,10.388976,0.0544,0.0544,mult_3=CK3
sc_cfg1159,10.383323,10.388976,10.388976,0.0544,0.0544,mult_3=HGY
sc_cfg1595,10.383481,10.389143,10.389143,0.0545,0.0545,mult_3=CK3 adder_7=0Q7
sc_cfg350,10.383963,10.386981,10.386981,0.0291,0.0291,mult_5=HGY mult_7=AQ1
sc_cfg1268,10.383974,10.388300,10.386981,0.0417,0.0290,mult_5=GPF adder_5=0EM
sc_cfg1019,10.383986,10.389634,10.389634,0.0544,0.0544,mult_3=8VH adder_5=0EM
sc_cfg1168,10.384636,10.387642,10.387642,0.0289,0.0289,mult_5=CK3
sc_cfg1607,10.384636,10.387642,10.387642,0.0289,0.0289,mult_5=CK3
sc_cfg1568,10.386036,10.388825,10.388825,0.0269,0.0269,mult_3=5FA mult_5=8VH
sc_cfg1201,10.388721,10.363993,10.363993,0.2380,0.2380,mult_0=F6B mult_1=GPF mult_3=DAE mult_4=F6B mult_6=5FA mult_7=CK3
sc_cfg1341,10.395041,10.392002,10.392002,0.0292,0.0292,mult_6=HGY mult_7=HGY adder_0=0M0
sc_cfg1315,10.395433,10.396471,10.395898,0.0100,0.0045,mult_0=5FA mult_1=HGP mult_2=CK3 mult_5=5FA mult_7=5FA mult_8=5FA adder_0=0Q7 adder_4=0AV adder_7=0AV
sc_cfg1238,10.396362,10.409974,10.409974,0.1309,0.1309,mult_1=GPF mult_6=CK3 adder_2=0DL adder_3=073
sc_cfg1070,10.398390,10.389774,10.385831,0.0829,0.1208,mult_0=HGP mult_1=AQ1 mult_2=CK3 mult_7=DAE mult_8=GPF adder_3=073 adder_4=0GK adder_5=0M0 adder_7=0M0
sc_cfg1549,10.404185,10.409019,10.408363,0.0465,0.0402,mult_2=AQ1 mult_5=8VH mult_7=5FA adder_0=0EM adder_1=0DL adder_6=0EM adder_7=073
sc_cfg53,10.425628,10.434543,10.434458,0.0855,0.0847,mult_4=DAE mult_5=GPF adder_0=0EM adder_3=073 adder_6=0Q7 adder_7=073
sc_cfg477,10.440481,10.409298,10.409354,0.2987,0.2981,mult_0=F6B mult_3=DAE mult_4=DAE mult_5=F6B mult_6=AQ1 mult_7=DAE adder_0=073 adder_1=0AV adder_2=0DL adder_3=02E adder_5=0AV adder_6=0M0 adder_7=0GK
sc_cfg164,10.443362,12.193732,10.436121,16.7606,0.0693,mult_0=8VH mult_6=HGY mult_7=5FA adder_0=0DL adder_2=0M0 adder_3=0M0 adder_4=0GK adder_5=02E adder_6=0Q7
sc_cfg365,10.467590,10.456180,10.457281,0.1090,0.0985,mult_1=5FA mult_3=AQ1 mult_4=5FA mult_7=8VH adder_0=0MH adder_1=0GK adder_2=0DL adder_3=0MH adder_4=0DL adder_5=073 adder_6=0M0 adder_7=0M0
sc_cfg755,10.474006,10.476446,10.475596,0.0233,0.0152,mult_1=CK3 mult_2=F6B mult_5=F6B mult_7=GPF adder_1=0GK adder_2=0DL adder_3=0AV adder_4=0Q7 adder_6=073 adder_7=0AV
sc_cfg1289,10.533749,10.537710,10.538713,0.0376,0.0471,mult_1=DAE mult_3=AQ1 mult_5=CK3 adder_2=0Q7 adder_4=0Q7
sc_cfg480,10.554943,10.552879,10.551510,0.0196,0.0325,mult_0=GPF mult_1=CK3 mult_2=F6B mult_4=AQ1 mult_5=AQ1 mult_6=F6B mult_7=GPF mult_8=HGP adder_0=02E adder_1=0AV adder_3=0AV adder_4=0EM adder_7=0DL
sc_cfg551,10.634087,10.624534,10.625337,0.0898,0.0823,mult_3=HGP mult_6=DAE mult_8=AQ1 adder_0=02E adder_6=0M0
sc_cfg1478,10.635115,10.632688,10.629618,0.0228,0.0517,mult_3=GPF adder_0=02E adder_4=0M0
sc_cfg400,10.635409,10.614951,10.614951,0.1924,0.1924,mult_6=DAE adder_0=02E adder_1=0MH adder_2=0Q7 adder_3=073 adder_7=0M0
sc_cfg223,10.636992,10.615276,10.607232,0.2042,0.2798,mult_1=5FA mult_2=5FA mult_3=5FA mult_4=AQ1 mult_5=F6B adder_1=0GK adder_2=02E adder_3=02E adder_6=073
sc_cfg374,10.642831,10.776834,10.614973,1.2591,0.2618,mult_0=5FA mult_1=HGY mult_4=F6B mult_6=5FA mult_7=GPF mult_8=HGY adder_0=0Q7 adder_2=0DL adder_4=0GK adder_5=0AV adder_6=0EM adder_7=0EM
sc_cfg471,10.661774,10.667992,10.668223,0.0583,0.0605,mult_0=DAE mult_3=HGY mult_6=5FA adder_2=0Q7 adder_5=0DL
sc_cfg141,10.668291,10.656986,10.656986,0.1060,0.1060,mult_0=DAE mult_2=HGP mult_7=HGP adder_0=0M0
sc_cfg1495,10.694208,10.739107,10.645914,0.4198,0.4516,mult_0=HGY mult_1=CK3 mult_4=AQ1 mult_8=HGY adder_0=02E adder_1=0Q7 adder_4=0M0 adder_6=02E
sc_cfg1683,10.710130,10.713741,10.713075,0.0337,0.0275,mult_0=DAE mult_3=DAE mult_4=DAE mult_5=HGY adder_0=0EM adder_5=0AV
sc_cfg1382,10.739986,10.817965,10.718307,0.7261,0.2019,mult_1=HGY mult_4=DAE mult_5=DAE adder_1=02E adder_3=0M0 adder_4=0GK adder_5=0Q7 adder_6=0M0
sc_cfg169,10.742475,10.720646,10.716130,0.2032,0.2452,mult_6=8VH mult_7=F6B adder_1=0M0 adder_4=0M0 adder_7=0GK
sc_cfg274,10.754959,10.739928,10.739928,0.1398,0.1398,mult_1=HGP mult_3=5FA mult_6=DAE mult_7=8VH adder_3=02E
sc_cfg710,10.781980,10.753087,10.753087,0.2680,0.2680,mult_7=8VH adder_1=02E
sc_cfg346,10.804877,10.785981,10.776718,0.1749,0.2606,mult_1=HGY mult_3=F6B mult_6=DAE mult_7=AQ1 adder_1=0EM adder_2=02E adder_5=0GK
sc_cfg276,10.819081,10.812997,10.813663,0.0562,0.0501,mult_2=GPF mult_5=F6B mult_8=CK3 adder_0=0MH adder_5=0DL adder_7=0EM
sc_cfg509,10.820719,10.824757,10.824757,0.0373,0.0373,mult_3=CK3 mult_7=AQ1 adder_0=0GK
sc_cfg705,10.821622,10.829639,10.825610,0.0741,0.0369,mult_2=HGP mult_3=F6B mult_6=5FA mult_8=HGY adder_4=0EM
sc_cfg501,10.835557,10.851030,10.851600,0.1428,0.1481,mult_3=AQ1 mult_6=CK3 mult_8=F6B adder_0=0Q7 adder_4=02E
sc_cfg1542,10.837080,10.829938,10.841351,0.0659,0.0394,mult_1=GPF mult_4=DAE mult_6=HGY mult_8=HGY adder_0=02E adder_1=0Q7 adder_2=073 adder_4=073
sc_cfg46,10.837974,10.841342,10.841342,0.0311,0.0311,mult_2=HGP mult_3=F6B mult_8=8VH adder_1=0AV adder_5=0M0
sc_cfg1503,10.859527,10.867399,10.867976,0.0725,0.0778,mult_5=F6B mult_6=HGY mult_8=GPF adder_1=0Q7 adder_4=0M0 adder_5=0AV adder_6=0DL
sc_cfg1462,10.859935,10.860142,10.860142,0.0019,0.0019,mult_0=5FA mult_2=8VH mult_5=F6B mult_8=HGY adder_3=0AV
sc_cfg553,10.870699,11.168822,10.660500,2.7424,1.9336,mult_2=8VH mult_3=5FA mult_7=F6B adder_1=0AV adder_3=0M0 adder_4=0M0 adder_5=0GK adder_6=0EM adder_7=0GK
sc_cfg397,10.880519,10.881280,10.880332,0.0070,0.0017,mult_2=DAE adder_1=0MH adder_4=0AV adder_6=0EM adder_7=0EM
sc_cfg116,10.893928,10.898879,10.898879,0.0454,0.0454,mult_3=5FA mult_7=AQ1 adder_0=0MH adder_1=02E adder_3=0Q7
sc_cfg875,10.894278,10.906351,10.906356,0.1108,0.1109,mult_2=F6B mult_4=AQ1 mult_5=F6B mult_6=HGY adder_3=02E adder_4=0AV
sc_cfg221,10.902476,10.897026,10.901571,0.0500,0.0083,mult_1=AQ1 mult_3=HGY mult_6=DAE adder_3=0Q7 adder_5=073 adder_6=0GK
sc_cfg250,10.941194,10.928291,10.945909,0.1179,0.0431,adder_0=0MH adder_1=02E adder_2=073 adder_4=0DL adder_6=0M0
sc_cfg802,10.951555,12.322689,10.942394,12.5200,0.0837,mult_6=5FA adder_2=0AV adder_5=02E adder_6=02E
sc_cfg1639,10.956051,10.956291,10.956291,0.0022,0.0022,mult_2=HGY mult_4=DAE adder_1=0MH
sc_cfg1640,10.959792,10.961501,10.961501,0.0156,0.0156,mult_3=GPF adder_2=0GK
sc_cfg337,10.970661,10.931888,10.931885,0.3534,0.3535,mult_2=HGY adder_2=02E adder_3=073 adder_5=0M0 adder_7=073
sc_cfg1095,10.984430,10.984823,10.984823,0.0036,0.0036,mult_5=CK3 adder_6=0GK
sc_cfg631,11.002550,10.996308,10.999274,0.0567,0.0298,mult_2=DAE mult_6=HGP mult_7=CK3 adder_0=073 adder_6=0GK
sc_cfg1528,11.011557,11.008909,11.006135,0.0241,0.0492,mult_0=HGY mult_1=CK3 mult_2=5FA mult_3=F6B mult_4=5FA mult_5=DAE mult_6=F6B mult_7=8VH mult_8=5FA adder_0=0AV adder_3=0DL adder_4=0EM adder_6=0AV
sc_cfg1110,11.011702,10.994561,10.994561,0.1557,0.1557,mult_6=HGP adder_1=0Q7 adder_2=02E
sc_cfg864,11.033243,11.016097,11.016097,0.1554,0.1554,mult_6=CK3 mult_7=AQ1 adder_1=0DL adder_2=02E adder_4=0AV
sc_cfg1554,11.039859,10.999142,10.999142,0.3688,0.3688,mult_2=GPF adder_0=0DL adder_1=0AV adder_2=02E adder_3=073
sc_cfg1138,11.115109,11.105701,11.134659,0.0846,0.1759,mult_0=CK3 mult_1=DAE mult_2=F6B mult_4=AQ1 mult_6=HGY adder_1=073 adder_3=0EM adder_4=0Q7 adder_5=0GK adder_7=0GK
sc_cfg366,11.120446,11.095678,11.095678,0.2227,0.2227,mult_1=DAE mult_4=F6B mult_6=HGP mult_7=DAE adder_0=0DL adder_1=0Q7 adder_2=0EM adder_7=0GK
sc_cfg844,11.135796,11.255387,11.141568,1.0739,0.0518,mult_1=8VH mult_7=CK3 adder_5=02E adder_6=0M0 adder_7=0DL
sc_cfg152,11.144375,11.169890,11.160514,0.2289,0.1448,mult_3=HGP mult_7=AQ1 adder_0=0GK adder_2=0GK adder_4=0M0 adder_5=073 adder_6=0GK
sc_cfg83,11.155104,11.119472,11.119472,0.3194,0.3194,mult_2=HGY mult_4=DAE mult_7=F6B mult_8=GPF adder_7=0GK
sc_cfg1148,11.155660,11.154194,11.154194,0.0131,0.0131,mult_2=HGY adder_5=02E
sc_cfg16,11.156410,10.907782,10.901239,2.2286,2.2872,mult_2=CK3 mult_7=GPF adder_3=073 adder_4=0DL adder_5=0Q7 adder_7=02E
sc_cfg402,11.230709,10.975573,11.365050,2.2718,1.1962,mult_1=F6B mult_8=8VH adder_0=0DL adder_2=0Q7 adder_5=0GK adder_6=0GK adder_7=0MH
sc_cfg1190,11.247508,11.056845,11.050615,1.6952,1.7506,mult_5=GPF mult_6=DAE adder_5=073 adder_7=02E
sc_cfg265,11.250296,11.066199,11.065889,1.6364,1.6391,mult_5=GPF mult_7=AQ1 mult_8=AQ1 adder_3=0M0 adder_6=0AV adder_7=02E
sc_cfg508,11.256597,11.544023,11.237499,2.5534,0.1697,mult_2=CK3 mult_3=DAE mult_4=DAE mult_7=GPF adder_2=073 adder_3=0Q7 adder_4=0GK adder_5=0GK adder_6=0EM
sc_cfg85,11.265602,11.050091,11.045383,1.9130,1.9548,mult_3=HGY mult_6=5FA adder_3=0EM adder_5=073 adder_7=02E
sc_cfg1418,11.273883,11.269682,11.269682,0.0373,0.0373,mult_6=F6B adder_2=0DL adder_3=02E adder_7=0Q7
sc_cfg1415,11.278502,12.066994,11.974796,6.9911,6.1736,mult_0=8VH mult_1=HGY mult_2=CK3 mult_3=DAE mult_5=AQ1 mult_6=5FA adder_0=0Q7 adder_4=0GK adder_6=0GK
sc_cfg911,11.285106,11.284056,11.284030,0.0093,0.0095,mult_0=5FA mult_4=AQ1 mult_8=F6B adder_0=0AV adder_1=0MH adder_2=0AV adder_3=0M0 adder_4=0AV adder_7=0Q7
sc_cfg65,11.310034,11.579652,11.317282,2.3839,0.0641,mult_0=DAE mult_1=DAE mult_4=5FA mult_6=HGY mult_7=HGP adder_1=0DL adder_2=0GK adder_3=0Q7 adder_4=0DL adder_6=073 adder_7=0EM
sc_cfg700,11.394008,11.453936,11.370319,0.5260,0.2079,mult_3=DAE mult_6=AQ1 adder_2=0DL adder_3=0M0 adder_4=0MH
sc_cfg794,11.402798,11.727106,11.728848,2.8441,2.8594,mult_0=F6B mult_1=F6B mult_8=HGY adder_3=0GK adder_6=0EM adder_7=0MH
sc_cfg1077,11.429595,11.384806,11.384806,0.3919,0.3919,mult_2=GPF adder_0=0GK adder_2=02E adder_5=0GK
sc_cfg1675,11.448388,11.442547,11.443208,0.0510,0.0452,mult_3=F6B mult_4=F6B mult_6=HGY adder_0=0EM adder_2=0AV adder_6=073 adder_7=0EM
sc_cfg469,11.468139,11.462520,11.482644,0.0490,0.1265,mult_0=HGY mult_3=F6B mult_6=GPF adder_0=0AV adder_4=0AV adder_5=0GK
sc_cfg378,11.513383,11.478156,11.488444,0.3060,0.2166,mult_2=5FA adder_4=0MH
sc_cfg1492,11.529325,11.505272,11.505272,0.2086,0.2086,adder_4=0MH
sc_cfg920,11.554298,11.562344,11.562267,0.0696,0.0690,mult_0=HGP mult_1=F6B mult_6=CK3 mult_8=F6B adder_4=0AV adder_6=0M0 adder_7=0AV
sc_cfg1329,11.555724,11.548239,11.548233,0.0648,0.0648,mult_3=GPF mult_6=5FA mult_8=F6B adder_0=0AV adder_6=0M0
sc_cfg514,11.561386,11.565289,11.565289,0.0338,0.0338,mult_5=HGP mult_8=HGP adder_2=073
sc_cfg889,11.564335,11.541116,11.541116,0.2008,0.2008,adder_2=0DL adder_4=0MH
sc_cfg1331,11.570026,11.576631,11.576631,0.0571,0.0571,mult_3=CK3 mult_8=8VH adder_2=0Q7 adder_3=0EM adder_5=0M0
sc_cfg1087,11.587280,11.594080,11.593741,0.0587,0.0558,mult_3=CK3 mult_8=HGP adder_0=073 adder_5=0M0 adder_6=0AV adder_7=0AV
sc_cfg661,11.589085,11.592911,11.592781,0.0330,0.0319,mult_0=5FA mult_2=AQ1 mult_5=CK3 mult_8=F6B adder_4=073
sc_cfg1397,11.593112,11.597171,11.597093,0.0350,0.0343,mult_1=AQ1 mult_5=CK3 mult_8=F6B adder_1=0AV adder_4=0M0
sc_cfg1287,11.596248,11.599530,11.599530,0.0283,0.0283,mult_5=HGP mult_6=DAE mult_8=HGY
sc_cfg124,11.613780,11.618896,11.617639,0.0440,0.0332,mult_5=CK3 mult_8=8VH adder_5=0Q7
sc_cfg1067,11.614488,11.621318,11.621318,0.0588,0.0588,mult_3=CK3 mult_8=8VH
sc_cfg1164,11.614488,11.621318,11.621318,0.0588,0.0588,mult_3=GPF mult_8=F6B
sc_cfg686,11.614988,11.618701,11.618701,0.0320,0.0320,mult_0=GPF mult_3=GPF
sc_cfg1484,11.617245,11.625164,11.624486,0.0682,0.0623,mult_3=8VH mult_5=5FA mult_8=CK3 adder_4=0AV adder_6=0EM
sc_cfg587,11.623066,11.630509,11.626930,0.0640,0.0332,mult_1=CK3 mult_2=HGY mult_3=DAE mult_5=5FA mult_8=8VH adder_0=0Q7 adder_5=0EM adder_6=0EM
sc_cfg1567,11.630127,11.623482,11.623482,0.0571,0.0571,mult_3=8VH mult_7=5FA adder_1=0GK adder_2=0GK adder_7=0M0
sc_cfg859,11.632051,11.634390,11.634390,0.0201,0.0201,mult_0=GPF mult_5=8VH adder_6=0DL
sc_cfg1333,11.639316,11.418566,11.418850,1.8966,1.8941,mult_5=CK3 adder_0=0GK adder_1=0AV adder_6=0EM adder_7=02E
sc_cfg379,11.639935,11.696469,11.647674,0.4857,0.0665,mult_4=HGP adder_0=02E adder_3=0M0 adder_4=0DL adder_6=0M0
sc_cfg38,11.640151,11.662131,11.662780,0.1888,0.1944,mult_2=5FA mult_3=5FA mult_4=HGP adder_0=0M0 adder_2=0EM adder_3=073 adder_5=0DL adder_7=073
sc_cfg799,11.640857,11.474075,11.474906,1.4327,1.4256,mult_2=HGY mult_8=DAE adder_0=0EM adder_4=0AV adder_6=02E
sc_cfg739,11.641520,11.636070,11.636070,0.0468,0.0468,mult_0=GPF mult_2=AQ1 mult_3=CK3 mult_6=AQ1 adder_6=0DL
sc_cfg1272,11.642768,11.652458,11.652330,0.0832,0.0821,mult_0=CK3 mult_2=F6B mult_5=8VH adder_1=0M0 adder_6=0DL
sc_cfg1040,11.650106,11.685797,11.660136,0.3064,0.0861,mult_0=8VH mult_1=CK3 mult_6=8VH adder_4=073
sc_cfg950,11.673777,11.702951,11.702951,0.2499,0.2499,mult_4=8VH adder_2=073
sc_cfg1682,11.674816,11.407224,11.678548,2.2920,0.0320,mult_1=F6B mult_3=5FA mult_6=CK3 mult_7=HGP adder_0=02E adder_4=0Q7 adder_5=0DL
sc_cfg316,11.680634,11.792851,11.680925,0.9607,0.0025,mult_0=HGY mult_1=GPF mult_2=DAE mult_6=8VH mult_7=5FA mult_8=AQ1 adder_0=0Q7 adder_1=0AV adder_2=0EM adder_3=0DL adder_4=0DL adder_5=0DL adder_7=0DL
sc_cfg504,11.685358,11.684832,11.684832,0.0045,0.0045,mult_0=F6B mult_5=GPF mult_6=F6B adder_1=0AV adder_2=073
sc_cfg1046,11.704960,11.691191,11.690612,0.1176,0.1226,mult_0=CK3 mult_2=CK3 mult_7=HGY adder_0=0Q7 adder_4=0AV adder_7=0Q7
sc_cfg957,11.714609,11.721657,11.721657,0.0602,0.0602,mult_3=8VH mult_4=DAE mult_8=8VH
sc_cfg870,11.715466,11.744640,11.744640,0.2490,0.2490,mult_1=AQ1 mult_4=8VH adder_2=0EM
sc_cfg334,11.717784,11.746933,11.746933,0.2488,0.2488,mult_4=8VH adder_0=0AV adder_3=0EM
sc_cfg409,11.718773,11.747932,11.747932,0.2488,0.2488,mult_4=8VH
sc_cfg659,11.718773,11.747932,11.747932,0.2488,0.2488,mult_4=GPF
sc_cfg823,11.718773,11.747932,11.747932,0.2488,0.2488,mult_4=HGY
sc_cfg981,11.718773,11.747932,11.747932,0.2488,0.2488,mult_4=8VH
sc_cfg1314,11.718773,11.747932,11.747932,0.2488,0.2488,mult_4=8VH
sc_cfg1366,11.718773,11.747932,11.747932,0.2488,0.2488,mult_4=HGY
sc_cfg224,11.719105,11.748274,11.748282,0.2489,0.2490,mult_3=AQ1 mult_4=CK3 adder_3=0EM adder_6=0EM adder_7=0AV
sc_cfg1611,11.720090,11.749266,11.749266,0.2489,0.2489,mult_4=HGP adder_6=0EM
sc_cfg1017,11.747437,11.758582,11.758883,0.0949,0.0974,mult_0=8VH mult_2=F6B mult_5=8VH adder_3=0Q7 adder_4=0DL
sc_cfg1650,11.754629,11.783048,11.783048,0.2418,0.2418,mult_4=8VH adder_0=0DL
sc_cfg1105,11.756069,11.784458,11.784458,0.2415,0.2415,mult_4=HGY mult_5=5FA mult_6=AQ1 adder_0=0DL adder_4=0AV
sc_cfg1182,11.757258,11.832856,11.693305,0.6430,0.5439,mult_1=8VH mult_6=AQ1 mult_8=HGY adder_1=0Q7 adder_2=0GK adder_3=0MH adder_4=0GK adder_6=0AV adder_7=0GK
sc_cfg770,11.777436,11.779704,11.779704,0.0193,0.0193,mult_0=HGY mult_3=AQ1 mult_5=HGP mult_7=DAE adder_0=0EM
sc_cfg842,11.778433,11.771391,11.771391,0.0598,0.0598,mult_2=GPF adder_3=0MH
sc_cfg1386,11.780518,11.782775,11.782775,0.0192,0.0192,mult_0=HGY mult_5=GPF mult_7=DAE
sc_cfg1231,11.793690,11.816740,11.819334,0.1954,0.2174,mult_4=CK3 adder_1=073 adder_3=0EM adder_5=0DL adder_6=0Q7
sc_cfg495,11.801658,11.715243,11.815944,0.7322,0.1211,mult_1=8VH mult_6=8VH mult_7=5FA mult_8=CK3 adder_0=0AV adder_2=0AV adder_4=073 adder_5=0DL
sc_cfg1580,11.803631,11.830113,11.830241,0.2244,0.2254,mult_1=AQ1 mult_4=HGY adder_3=0EM adder_5=0Q7 adder_7=0DL
sc_cfg503,11.808035,12.020871,11.774024,1.8025,0.2880,mult_0=5FA mult_1=HGY mult_2=HGP adder_3=073 adder_4=02E adder_7=0M0
sc_cfg1384,11.818916,11.791529,11.791295,0.2317,0.2337,mult_0=AQ1 mult_2=5FA mult_3=HGY mult_4=DAE mult_5=AQ1 mult_6=5FA mult_7=5FA mult_8=GPF adder_0=0DL adder_3=0DL adder_6=0M0 adder_7=0M0
sc_cfg1599,11.824218,11.822397,11.822397,0.0154,0.0154,mult_0=8VH adder_1=0MH adder_2=0GK
sc_cfg135,11.835964,14.227168,11.857119,20.2029,0.1787,mult_1=HGY mult_6=8VH adder_0=0GK adder_3=0EM adder_5=02E adder_6=0DL
sc_cfg862,11.870230,11.805190,11.869123,0.5479,0.0093,mult_0=5FA mult_1=GPF mult_2=CK3 mult_4=5FA mult_5=5FA mult_6=DAE mult_7=DAE mult_8=CK3 adder_1=0Q7 adder_4=0DL adder_5=0AV adder_6=0M0
sc_cfg421,11.882842,11.865920,11.865547,0.1424,0.1456,mult_4=DAE mult_5=AQ1 mult_7=5FA mult_8=DAE adder_0=0DL adder_1=0M0 adder_3=0Q7 adder_4=0MH adder_5=0DL adder_6=0Q7
sc_cfg222,11.898562,10.869103,11.431720,8.6520,3.9235,mult_1=5FA mult_2=F6B mult_3=DAE mult_5=GPF adder_0=0DL adder_1=0DL adder_2=0EM adder_3=0GK adder_4=0DL adder_5=0GK adder_6=0GK adder_7=0AV
sc_cfg1228,11.923267,11.934602,11.925124,0.0951,0.0156,mult_1=8VH mult_2=HGY mult_3=DAE mult_8=GPF adder_4=0Q7 adder_7=0DL
sc_cfg720,11.932090,11.938565,11.938272,0.0543,0.0518,mult_4=5FA mult_5=CK3 mult_7=AQ1 mult_8=HGP adder_1=0DL adder_2=0DL adder_3=0EM adder_5=0Q7 adder_6=0EM
sc_cfg496,12.003470,12.018371,12.016046,0.1241,0.1048,mult_0=CK3 mult_1=F6B mult_2=DAE mult_4=F6B mult_6=8VH adder_1=0M0 adder_4=0Q7 adder_6=073
sc_cfg827,12.027947,12.081997,12.064527,0.4494,0.3041,mult_0=HGY mult_1=AQ1 mult_2=F6B mult_4=DAE mult_5=F6B mult_6=HGP mult_7=DAE mult_8=5FA adder_0=02E adder_1=0EM adder_2=073 adder_3=073 adder_4=0EM adder_5=0AV adder_6=073 adder_7=0AV
sc_cfg537,12.033616,12.027151,12.028173,0.0537,0.0452,mult_1=AQ1 mult_4=F6B mult_5=F6B mult_6=HGP adder_2=0AV adder_4=0GK adder_6=0Q7
sc_cfg1031,12.059366,12.074721,12.074721,0.1273,0.1273,mult_1=F6B mult_3=CK3 mult_7=AQ1 adder_1=073
sc_cfg594,12.063101,11.598919,11.897149,3.8479,1.3757,mult_3=DAE mult_4=DAE mult_5=GPF mult_6=DAE mult_7=5FA mult_8=AQ1 adder_0=0GK adder_1=0EM adder_2=0DL adder_3=0EM adder_4=0GK adder_6=0GK adder_7=02E
sc_cfg910,12.081167,12.100084,12.096591,0.1566,0.1277,mult_1=CK3 mult_5=DAE mult_6=GPF mult_7=AQ1 mult_8=GPF adder_1=0GK adder_3=0M0 adder_4=0EM adder_5=0Q7 adder_6=0M0
sc_cfg768,12.106938,12.118165,12.118165,0.0927,0.0927,mult_0=CK3 mult_5=8VH adder_0=0M0 adder_1=0GK
sc_cfg355,12.113227,12.127430,12.127610,0.1173,0.1187,mult_5=8VH adder_1=0EM adder_2=0Q7 adder_4=02E adder_6=0M0
sc_cfg139,12.132093,12.147846,12.141044,0.1298,0.0738,mult_0=HGY mult_5=HGP mult_7=DAE adder_2=0Q7 adder_3=0GK adder_4=0AV adder_6=073
sc_cfg1593,12.146597,12.139818,12.140284,0.0558,0.0520,mult_2=5FA mult_3=HGY mult_4=F6B adder_1=0Q7 adder_5=0M0
sc_cfg506,12.187860,12.247210,12.222779,0.4870,0.2865,mult_4=F6B adder_0=0MH adder_1=073 adder_2=0GK adder_4=02E adder_5=02E
sc_cfg1460,12.194563,12.188403,12.188403,0.0505,0.0505,mult_3=HGP mult_4=F6B
sc_cfg1414,12.198106,12.209870,12.209870,0.0964,0.0964,mult_1=F6B mult_3=CK3 mult_6=F6B adder_1=0M0
sc_cfg507,12.314581,12.051254,12.046009,2.1383,2.1809,mult_6=5FA adder_1=02E adder_2=0M0 adder_3=0Q7 adder_4=0M0 adder_6=0Q7 adder_7=02E
sc_cfg1215,12.321752,12.289885,12.284690,0.2586,0.3008,mult_1=F6B mult_6=F6B mult_7=HGY adder_1=02E adder_2=0DL adder_3=0AV adder_4=0Q7 adder_5=0Q7
sc_cfg1671,12.341008,15.684807,12.321848,27.0950,0.1553,mult_1=F6B mult_2=F6B mult_3=DAE mult_5=DAE mult_7=HGY adder_0=0Q7 adder_1=0AV adder_3=0AV adder_4=0MH
sc_cfg1698,12.383968,12.377156,12.384879,0.0550,0.0074,mult_1=DAE mult_2=5FA mult_3=GPF mult_4=5FA mult_5=5FA mult_8=HGP adder_0=0AV adder_1=0Q7 adder_2=0GK adder_3=0DL adder_4=0Q7 adder_6=0DL
sc_cfg1156,12.403442,12.418091,12.417417,0.1181,0.1127,mult_0=GPF mult_1=DAE mult_3=HGY mult_5=DAE adder_1=0GK adder_2=0Q7 adder_3=0Q7 adder_6=0EM
sc_cfg131,12.405660,12.395217,12.430239,0.0842,0.1981,mult_1=HGP mult_3=AQ1 mult_4=DAE mult_6=GPF mult_8=8VH adder_4=073 adder_5=0GK adder_7=0EM
sc_cfg521,12.415218,15.795677,12.419118,27.2284,0.0314,mult_0=8VH mult_2=5FA mult_3=F6B mult_4=DAE mult_5=DAE mult_6=HGY mult_7=F6B mult_8=5FA adder_0=02E adder_1=0AV adder_2=0DL adder_3=0M0 adder_4=0M0 adder_5=02E adder_7=0EM
sc_cfg90,12.449632,12.246399,12.246399,1.6324,1.6324,mult_8=HGY adder_0=02E adder_1=0MH adder_2=0EM adder_7=02E
sc_cfg1045,12.451446,13.478476,12.464992,8.2483,0.1088,mult_0=GPF mult_6=5FA adder_1=0GK adder_3=0GK adder_4=0MH
sc_cfg86,12.473880,12.434351,12.497822,0.3169,0.1919,mult_1=GPF mult_2=DAE adder_2=02E adder_4=02E adder_5=0DL adder_7=073
sc_cfg1645,12.496936,12.475862,12.490710,0.1686,0.0498,mult_0=GPF mult_2=HGY mult_3=F6B mult_4=5FA mult_5=DAE mult_6=DAE mult_7=F6B adder_0=0AV adder_2=0DL adder_3=0AV adder_5=0M0 adder_7=0Q7
sc_cfg1322,12.526898,12.552323,12.552323,0.2030,0.2030,mult_4=8VH mult_7=5FA adder_0=02E adder_2=0EM adder_3=0GK adder_7=0Q7
sc_cfg1117,12.563083,12.575923,12.575923,0.1022,0.1022,mult_1=AQ1 mult_2=5FA mult_3=CK3 mult_8=HGP adder_0=0DL adder_1=0DL adder_2=073 adder_3=0GK adder_4=0AV adder_5=0AV
sc_cfg764,12.582862,12.294728,12.294728,2.2899,2.2899,mult_4=5FA mult_5=HGY mult_7=F6B adder_1=0EM adder_7=02E
sc_cfg548,12.661688,12.692727,12.692727,0.2451,0.2451,mult_4=8VH mult_8=GPF adder_2=0DL adder_3=0M0
sc_cfg1600,12.662511,12.745105,12.670037,0.6523,0.0594,mult_0=8VH mult_3=CK3 adder_2=0GK adder_3=0Q7 adder_4=0GK adder_6=0AV adder_7=0AV
sc_cfg816,12.706105,12.396339,12.395977,2.4379,2.4408,mult_1=AQ1 mult_4=8VH mult_6=F6B adder_4=0AV adder_6=0AV adder_7=02E
sc_cfg1049,12.739448,12.758146,12.733432,0.1468,0.0472,mult_3=GPF mult_4=F6B adder_5=0GK
sc_cfg1647,12.749491,12.763922,12.763922,0.1132,0.1132,mult_1=8VH mult_5=F6B mult_6=GPF mult_7=5FA adder_1=0DL
sc_cfg749,12.921615,13.413958,12.889433,3.8102,0.2491,mult_0=F6B mult_1=CK3 mult_2=GPF mult_6=AQ1 mult_7=5FA adder_0=0DL adder_1=02E adder_3=0EM adder_4=0GK adder_5=0EM adder_6=0AV adder_7=0Q7
sc_cfg1576,12.941163,12.972284,12.972323,0.2405,0.2408,mult_1=5FA mult_4=GPF mult_6=AQ1 mult_8=8VH adder_5=0Q7
sc_cfg872,13.002323,13.039848,13.029640,0.2886,0.2101,mult_0=GPF mult_2=AQ1 mult_4=GPF adder_3=0DL adder_4=0DL
sc_cfg1054,13.051441,14.099318,13.035392,8.0288,0.1230,mult_0=HGY mult_5=5FA adder_4=0MH adder_7=0GK
sc_cfg900,13.065441,13.055052,13.055052,0.0795,0.0795,mult_1=AQ1 mult_2=F6B mult_5=8VH mult_7=GPF adder_0=0MH
sc_cfg1517,13.066775,11.312402,13.111539,13.4262,0.3426,mult_2=HGY mult_5=5FA adder_3=0M0 adder_4=0GK adder_6=02E
sc_cfg341,13.080266,13.094634,13.076710,0.1098,0.0272,mult_0=HGP mult_1=5FA mult_2=F6B mult_5=CK3 mult_8=F6B adder_0=0Q7 adder_1=073 adder_2=0M0 adder_3=0Q7 adder_5=0M0 adder_6=0EM adder_7=0DL
sc_cfg1529,13.123966,13.085741,13.065576,0.2913,0.4449,mult_2=GPF mult_3=AQ1 mult_5=DAE mult_8=HGP adder_0=0GK adder_1=0GK adder_3=0MH adder_6=0DL
sc_cfg145,13.130905,13.223672,13.143645,0.7065,0.0970,mult_0=CK3 mult_1=HGP mult_4=5FA mult_6=GPF mult_8=CK3 adder_0=0Q7 adder_1=0M0 adder_3=073 adder_4=0M0 adder_5=0Q7 adder_7=0DL
sc_cfg278,13.186286,13.145551,13.145551,0.3089,0.3089,mult_3=5FA adder_1=02E adder_2=02E adder_7=0GK
sc_cfg470,13.192519,13.809339,13.176415,4.6755,0.1221,mult_3=F6B mult_6=AQ1 mult_8=8VH adder_0=073 adder_1=02E adder_2=02E adder_4=0GK
sc_cfg1186,13.207731,13.213545,13.205206,0.0440,0.0191,mult_0=GPF mult_2=HGY mult_4=5FA mult_5=AQ1 mult_8=5FA adder_0=0GK adder_2=0DL adder_3=02E adder_4=0AV adder_5=0AV adder_6=073 adder_7=073
sc_cfg1310,13.222610,13.904660,13.212180,5.1582,0.0789,mult_3=F6B adder_1=02E adder_2=02E adder_3=0GK adder_4=0GK adder_5=0DL adder_6=0AV
sc_cfg1224,13.231006,13.690220,13.212270,3.4707,0.1416,mult_0=HGP mult_1=5FA mult_2=F6B mult_5=HGP adder_0=0Q7 adder_1=073 adder_3=0M0 adder_6=0DL adder_7=0GK
sc_cfg492,13.242019,13.306690,13.295737,0.4884,0.4057,mult_0=8VH mult_1=F6B mult_2=AQ1 mult_6=CK3 mult_7=F6B mult_8=8VH adder_1=0DL adder_2=0M0 adder_3=0M0 adder_6=073
sc_cfg230,13.264736,13.271614,13.272251,0.0518,0.0567,mult_3=CK3 mult_6=DAE mult_7=F6B mult_8=F6B adder_1=0EM adder_2=0DL adder_4=0M0 adder_5=0AV adder_6=073 adder_7=0M0
sc_cfg609,13.295750,13.598816,13.296064,2.2794,0.0024,mult_2=CK3 mult_7=8VH adder_1=0GK adder_2=0Q7 adder_3=0GK adder_5=02E
sc_cfg550,13.311625,13.325612,13.325612,0.1051,0.1051,mult_2=5FA mult_4=GPF mult_8=GPF adder_0=0GK adder_7=0M0
sc_cfg1562,13.336762,13.352189,13.352117,0.1157,0.1151,mult_0=CK3 mult_1=F6B mult_5=HGP adder_3=073 adder_4=0AV
sc_cfg136,13.340662,13.312008,13.312008,0.2148,0.2148,mult_0=HGY mult_3=CK3 mult_4=AQ1 adder_1=0EM adder_7=0GK
sc_cfg1242,13.361288,13.152525,13.322628,1.5624,0.2893,mult_0=F6B mult_1=AQ1 mult_2=HGP mult_4=AQ1 mult_5=AQ1 mult_6=F6B mult_7=8VH mult_8=F6B adder_1=073 adder_3=073 adder_4=0GK adder_6=0DL
sc_cfg1139,13.366039,13.384983,13.377135,0.1417,0.0830,mult_2=DAE mult_3=HGY adder_0=0DL adder_2=0M0 adder_4=073 adder_5=02E adder_6=073
sc_cfg460,13.369972,13.379444,13.377039,0.0708,0.0529,mult_2=8VH mult_6=GPF adder_0=073 adder_1=0M0 adder_2=0EM adder_3=0EM adder_4=0Q7
sc_cfg1572,13.400077,12.669178,12.669178,5.4544,5.4544,mult_3=DAE mult_7=HGP adder_2=0Q7 adder_7=0MH
sc_cfg1181,13.439477,13.473770,13.473770,0.2552,0.2552,mult_0=HGP mult_4=CK3 mult_6=5FA adder_0=073 adder_1=0GK adder_7=0AV
sc_cfg260,13.441251,13.485104,13.439304,0.3263,0.0145,mult_0=DAE mult_1=HGY mult_2=CK3 mult_3=F6B mult_4=DAE mult_5=DAE mult_7=F6B mult_8=GPF adder_0=0DL adder_1=02E adder_3=0AV adder_4=073 adder_5=0M0
sc_cfg1610,13.448697,13.444003,13.444003,0.0349,0.0349,mult_4=CK3 adder_1=0EM adder_2=02E adder_7=073
sc_cfg1103,13.459038,13.451568,13.451568,0.0555,0.0555,mult_0=AQ1 mult_5=HGY mult_7=8VH adder_1=0M0
sc_cfg1183,13.459883,13.479202,13.469816,0.1435,0.0738,mult_1=GPF mult_3=HGP adder_0=0AV adder_3=0Q7 adder_4=073 adder_6=0EM
sc_cfg523,13.463639,13.472075,13.472075,0.0627,0.0627,mult_1=8VH mult_3=HGY mult_6=5FA adder_2=0AV adder_6=0AV
sc_cfg846,13.468678,13.485693,13.491671,0.1263,0.1707,mult_0=HGP mult_4=HGY mult_8=5FA adder_4=073 adder_6=0GK
sc_cfg1637,13.492961,13.486463,13.485708,0.0482,0.0538,mult_5=GPF mult_7=CK3 adder_2=0EM adder_3=0Q7 adder_5=0AV
sc_cfg955,13.495997,13.502456,13.502456,0.0479,0.0479,mult_1=HGY mult_5=HGP
sc_cfg287,13.497496,13.504126,13.504126,0.0491,0.0491,mult_2=GPF mult_6=HGY mult_7=5FA
sc_cfg474,13.499865,13.492594,13.492563,0.0539,0.0541,mult_1=AQ1 mult_5=CK3 mult_7=CK3 adder_4=0Q7
sc_cfg1265,13.514429,13.474853,13.474853,0.2928,0.2928,mult_4=DAE mult_5=HGY mult_7=8VH adder_1=0AV adder_2=02E adder_7=0Q7
sc_cfg196,13.525188,14.846371,13.513876,9.7683,0.0836,mult_3=DAE mult_4=GPF mult_6=F6B mult_8=5FA adder_0=073 adder_1=0GK adder_2=073 adder_3=0EM adder_4=0Q7 adder_5=02E adder_6=0Q7 adder_7=0DL
sc_cfg940,13.536742,13.540909,13.541688,0.0308,0.0365,mult_2=HGY mult_4=AQ1 mult_6=HGP adder_0=0DL adder_5=0Q7 adder_7=0AV
sc_cfg31,13.549097,12.737705,12.736799,5.9885,5.9952,mult_2=CK3 mult_6=DAE adder_2=0Q7 adder_4=0EM adder_6=0EM adder_7=0MH
sc_cfg1155,13.553432,13.547481,13.547481,0.0439,0.0439,mult_1=5FA mult_3=HGP mult_6=5FA mult_7=HGY adder_7=0DL
sc_cfg924,13.573924,13.580737,13.584119,0.0502,0.0751,mult_0=8VH mult_1=GPF mult_5=AQ1 mult_7=8VH adder_0=0DL adder_1=073 adder_2=073 adder_3=02E adder_4=073 adder_5=02E
sc_cfg1002,13.590392,13.599146,13.599146,0.0644,0.0644,adder_7=0MH
sc_cfg1347,13.590392,13.599146,13.599146,0.0644,0.0644,adder_7=0MH
sc_cfg1167,13.591332,13.612482,13.612482,0.1556,0.1556,mult_2=DAE mult_3=AQ1 adder_0=0Q7 adder_7=0MH
sc_cfg988,13.592949,13.633802,13.633802,0.3005,0.3005,adder_0=0GK adder_7=0MH
sc_cfg1042,13.596060,13.618011,13.618011,0.1614,0.1614,adder_3=0M0 adder_7=0MH
sc_cfg1014,13.636759,13.624804,13.626221,0.0877,0.0773,mult_1=HGP mult_2=CK3 mult_3=AQ1 mult_7=CK3 adder_2=0M0 adder_4=0Q7
sc_cfg1233,13.639405,13.644565,13.644565,0.0378,0.0378,mult_3=HGY mult_8=5FA adder_0=02E adder_2=073 adder_5=02E
sc_cfg979,13.643221,13.663386,13.663217,0.1478,0.1466,mult_4=8VH mult_5=5FA mult_6=F6B mult_7=HGP mult_8=DAE adder_1=073 adder_3=02E adder_4=0M0 adder_6=0EM
sc_cfg1371,13.654594,13.723918,13.492226,0.5077,1.1891,mult_1=AQ1 mult_4=AQ1 mult_5=F6B mult_6=CK3 mult_7=HGY adder_0=02E adder_1=0EM adder_2=0EM adder_3=0DL adder_4=0M0 adder_5=0GK adder_6=0DL adder_7=02E
sc_cfg599,13.669317,18.761002,16.846083,37.2490,23.2401,mult_0=5FA mult_1=HGP mult_2=HGP mult_3=AQ1 mult_8=HGY adder_0=073 adder_1=0M0 adder_2=0GK adder_3=0MH adder_5=0AV adder_6=02E adder_7=0MH
sc_cfg1374,13.677906,13.673375,13.673576,0.0331,0.0317,mult_4=HGY mult_7=AQ1 adder_0=02E adder_1=0Q7 adder_2=02E adder_6=0Q7
sc_cfg832,13.684719,13.895133,13.686428,1.5376,0.0125,mult_1=CK3 mult_2=HGP mult_3=5FA mult_4=F6B mult_5=DAE mult_7=5FA mult_8=HGP adder_0=0MH adder_1=0AV adder_2=02E adder_3=0EM adder_4=0GK adder_7=0EM
sc_cfg980,13.703780,13.698984,13.698984,0.0350,0.0350,mult_5=HGY mult_6=DAE mult_7=GPF adder_0=0Q7 adder_2=0DL adder_3=073 adder_4=0DL
sc_cfg1124,13.737042,14.267430,14.271182,3.8610,3.8883,mult_1=HGY mult_2=GPF mult_3=AQ1 mult_4=DAE mult_6=DAE mult_7=5FA mult_8=8VH adder_0=0MH adder_1=02E adder_3=0DL adder_4=073 adder_5=0M0 adder_7=0GK
sc_cfg1061,13.753862,13.763767,13.766206,0.0720,0.0898,mult_5=CK3 adder_2=02E adder_4=02E adder_6=0M0
sc_cfg1644,13.763232,13.745393,13.851619,0.1296,0.6422,mult_1=CK3 mult_4=AQ1 mult_5=DAE mult_7=HGP mult_8=F6B adder_0=073 adder_2=0GK adder_3=0EM adder_4=0AV adder_5=02E adder_6=0GK adder_7=0AV
sc_cfg727,13.764747,13.641848,13.741413,0.8929,0.1695,mult_2=8VH mult_3=AQ1 mult_5=5FA mult_6=GPF adder_0=02E adder_2=0DL adder_3=0M0 adder_4=0EM adder_5=0M0 adder_7=0M0
sc_cfg751,13.833823,13.823147,13.823147,0.0772,0.0772,mult_0=DAE mult_1=8VH mult_2=HGP mult_4=AQ1 mult_5=DAE mult_7=CK3 adder_3=073
sc_cfg458,13.858299,13.902923,13.867546,0.3220,0.0667,mult_3=8VH mult_4=DAE mult_5=F6B mult_8=F6B adder_1=0Q7 adder_3=0Q7 adder_5=073 adder_7=0EM
sc_cfg190,13.871196,13.860730,13.860070,0.0755,0.0802,mult_5=8VH mult_6=F6B mult_7=8VH adder_0=0GK adder_2=0Q7 adder_6=0EM
sc_cfg199,13.883878,19.238172,13.542698,38.5648,2.4574,mult_0=5FA mult_1=F6B mult_2=HGP adder_1=0EM adder_6=02E adder_7=0MH
sc_cfg1036,13.885157,14.067122,13.884077,1.3105,0.0078,mult_1=8VH mult_5=CK3 adder_0=0AV adder_4=0GK
sc_cfg678,13.918105,13.472696,13.472696,3.2002,3.2002,mult_0=8VH mult_8=DAE adder_3=0M0 adder_7=0MH
sc_cfg384,13.930381,12.790254,13.189114,8.1845,5.3212,mult_0=GPF mult_2=HGY mult_5=5FA mult_7=DAE mult_8=AQ1 adder_0=02E adder_1=0GK adder_2=073 adder_3=0AV adder_5=073 adder_6=0GK adder_7=0MH
sc_cfg821,13.942441,13.480697,13.953236,3.3118,0.0774,mult_3=AQ1 mult_6=5FA adder_1=0MH adder_6=02E
sc_cfg301,13.943550,13.905198,13.882607,0.2750,0.4371,mult_0=8VH mult_2=GPF mult_4=AQ1 mult_5=AQ1 mult_6=AQ1 mult_7=GPF adder_1=0GK adder_2=02E adder_3=0EM adder_4=073 adder_5=0M0 adder_6=0AV
sc_cfg151,13.974549,13.947976,13.947976,0.1902,0.1902,mult_0=AQ1 mult_1=AQ1 mult_6=8VH mult_7=DAE mult_8=HGY adder_1=02E
sc_cfg127,13.985694,14.016796,14.016796,0.2224,0.2224,mult_1=AQ1 mult_6=5FA adder_2=0MH
sc_cfg72,14.011426,13.939103,13.992552,0.5162,0.1347,mult_4=DAE mult_5=HGP adder_0=0GK adder_1=0DL adder_2=0AV adder_5=02E adder_6=0M0 adder_7=0Q7
sc_cfg1113,14.023465,13.513226,13.980768,3.6385,0.3045,mult_3=DAE mult_5=8VH mult_7=DAE adder_2=0AV adder_4=073 adder_5=02E
sc_cfg1545,14.027823,14.049266,14.049347,0.1529,0.1534,mult_5=GPF mult_7=HGP adder_1=0GK adder_2=0M0 adder_6=073
sc_cfg812,14.035278,14.040570,14.040594,0.0377,0.0379,mult_1=HGP mult_3=HGP mult_4=AQ1 mult_5=AQ1 mult_8=5FA adder_2=0GK adder_6=0Q7 adder_7=0AV
sc_cfg348,14.036962,14.039267,14.036121,0.0164,0.0060,mult_0=5FA mult_1=8VH mult_4=AQ1 mult_6=AQ1 mult_7=5FA mult_8=GPF adder_1=0MH adder_3=0EM adder_4=0EM adder_6=0AV adder_7=0AV
sc_cfg1122,14.044147,14.042380,14.042380,0.0126,0.0126,mult_0=AQ1 adder_0=0DL adder_1=0MH adder_3=0MH adder_4=0AV
sc_cfg1603,14.066260,13.601539,13.601539,3.3038,3.3038,mult_3=HGP adder_7=0MH
sc_cfg1448,14.078040,13.251768,13.251711,5.8692,5.8696,mult_1=DAE mult_2=GPF mult_4=F6B mult_5=5FA mult_6=DAE adder_0=0DL adder_1=0DL adder_2=0M0 adder_3=0Q7 adder_6=0EM adder_7=0MH
sc_cfg1532,14.111108,13.932302,14.034185,1.2671,0.5451,mult_0=F6B mult_1=5FA mult_6=HGY mult_8=8VH adder_0=0Q7 adder_2=073 adder_3=02E adder_6=02E
sc_cfg921,14.139905,13.701985,13.653945,3.0970,3.4368,mult_3=HGP mult_6=AQ1 adder_1=0DL adder_2=0EM adder_4=0DL adder_6=0AV adder_7=0MH
sc_cfg189,14.145769,14.318326,14.156355,1.2199,0.0748,mult_0=AQ1 mult_1=AQ1 mult_3=GPF mult_5=DAE mult_8=HGP adder_2=0DL adder_3=0EM adder_4=0M0 adder_5=02E adder_6=0AV
sc_cfg338,14.157017,14.126952,14.126952,0.2124,0.2124,mult_4=F6B mult_8=CK3 adder_0=0MH adder_3=073 adder_4=0MH
sc_cfg1055,14.182132,17.165597,14.174049,21.0368,0.0570,mult_2=HGP adder_2=0DL adder_4=0MH adder_5=0EM adder_7=0DL
sc_cfg1033,14.252872,14.260829,14.249866,0.0558,0.0211,mult_1=CK3 mult_6=DAE mult_8=F6B adder_0=0DL adder_1=0MH adder_4=0EM adder_6=073 adder_7=0EM
sc_cfg1068,14.263422,13.645003,13.645003,4.3357,4.3357,mult_2=F6B mult_5=F6B mult_7=CK3 adder_2=0DL adder_7=0MH
sc_cfg856,14.296436,14.257337,14.257337,0.2735,0.2735,mult_7=CK3 adder_2=0Q7 adder_4=0MH
sc_cfg945,14.324233,14.342729,14.341382,0.1291,0.1197,mult_1=F6B mult_3=HGP mult_5=F6B adder_1=0AV adder_3=0Q7 adder_5=0EM
sc_cfg1513,14.325946,16.008350,14.338156,11.7438,0.0852,mult_0=F6B mult_1=HGY mult_6=DAE mult_8=GPF adder_0=0Q7 adder_1=02E adder_2=0DL adder_3=0Q7 adder_4=02E adder_5=0AV adder_6=0M0 adder_7=073
sc_cfg282,14.327717,14.188816,13.821429,0.9695,3.5336,mult_0=GPF mult_1=F6B mult_2=5FA mult_5=CK3 mult_6=DAE adder_0=073 adder_1=0Q7 adder_4=02E adder_6=0GK
sc_cfg831,14.377849,14.165132,14.164478,1.4795,1.4840,mult_4=HGP mult_5=AQ1 adder_1=073 adder_4=0Q7 adder_7=0MH
sc_cfg1131,14.382291,14.480228,14.380447,0.6810,0.0128,mult_0=AQ1 mult_2=8VH mult_3=5FA mult_4=DAE mult_5=AQ1 mult_6=5FA mult_7=HGY mult_8=8VH adder_1=0AV adder_2=0Q7 adder_3=0AV adder_4=0M0 adder_5=02E adder_6=0Q7 adder_7=073
sc_cfg698,14.422974,14.132959,14.135044,2.0108,1.9963,mult_4=HGY mult_6=DAE mult_8=5FA adder_0=073 adder_6=0Q7 adder_7=0MH
sc_cfg1050,14.434736,15.897507,15.923508,10.1337,10.3138,mult_0=5FA adder_0=0MH adder_4=0DL adder_5=0AV adder_6=0M0 adder_7=0MH
sc_cfg813,14.473501,14.418008,14.453044,0.3834,0.1413,mult_0=HGP mult_1=AQ1 mult_2=DAE mult_3=AQ1 mult_4=HGP mult_5=AQ1 mult_6=AQ1 mult_7=DAE adder_0=0EM adder_1=0Q7 adder_2=02E adder_3=073 adder_4=0DL adder_5=0M0 adder_6=0M0 adder_7=0AV
sc_cfg58,14.509085,15.356373,14.523654,5.8397,0.1004,mult_0=F6B mult_5=GPF mult_7=CK3 adder_0=073 adder_2=0Q7 adder_3=0M0 adder_4=02E
sc_cfg597,14.510436,14.242405,14.242405,1.8472,1.8472,mult_2=5FA mult_3=DAE mult_5=5FA mult_7=HGP adder_0=0MH adder_3=0MH adder_7=0MH
sc_cfg108,14.524606,14.064407,13.966232,3.1684,3.8443,mult_0=HGP mult_4=5FA mult_5=HGP mult_7=DAE mult_8=5FA adder_0=0Q7 adder_2=0Q7 adder_3=0M0 adder_4=0DL adder_5=0AV adder_6=073 adder_7=0MH
sc_cfg408,14.559405,14.553976,14.553976,0.0373,0.0373,mult_0=CK3 mult_4=HGY adder_2=0M0 adder_7=0GK
sc_cfg803,14.571463,14.494009,14.494009,0.5315,0.5315,mult_1=AQ1 mult_6=AQ1 mult_8=5FA adder_0=0Q7 adder_1=0MH adder_2=0Q7 adder_7=0MH
sc_cfg1618,14.578186,14.843932,14.843932,1.8229,1.8229,mult_2=F6B mult_6=HGP mult_7=HGY mult_8=GPF adder_1=0Q7 adder_7=0MH
sc_cfg756,14.610650,14.369287,14.396450,1.6520,1.4661,mult_0=HGP mult_1=DAE mult_2=5FA mult_3=5FA mult_5=F6B mult_6=AQ1 mult_8=CK3 adder_0=0DL adder_1=0DL adder_2=0MH adder_4=0GK adder_5=0Q7 adder_7=02E
sc_cfg279,14.612056,14.619652,14.619657,0.0520,0.0520,mult_2=HGP mult_5=DAE mult_6=GPF mult_8=F6B adder_1=0M0 adder_4=0AV
sc_cfg393,14.616589,15.705314,14.564569,7.4486,0.3559,mult_0=HGY mult_7=HGY mult_8=DAE adder_1=0DL adder_3=0M0 adder_4=0MH adder_7=0AV
sc_cfg21,14.622566,14.654455,14.654110,0.2181,0.2157,mult_3=DAE mult_4=DAE mult_7=DAE adder_0=073 adder_2=0MH adder_3=073 adder_6=0AV
sc_cfg1232,14.666194,14.661912,14.661912,0.0292,0.0292,mult_3=HGY mult_5=DAE mult_6=5FA mult_7=HGP mult_8=CK3 adder_0=0AV adder_1=0EM
sc_cfg985,14.675889,14.699925,14.692835,0.1638,0.1155,mult_3=5FA mult_4=GPF mult_7=8VH adder_0=073 adder_1=073 adder_2=0M0 adder_3=0AV adder_4=073 adder_5=0EM adder_6=0AV adder_7=0DL
sc_cfg390,14.700364,14.706044,14.706112,0.0386,0.0391,mult_2=GPF mult_6=HGY mult_8=F6B adder_0=0DL adder_1=073 adder_4=0DL adder_5=0AV adder_6=073
sc_cfg28,14.721066,14.685946,14.685466,0.2386,0.2418,mult_0=GPF mult_6=HGP adder_0=02E adder_1=02E adder_6=0AV
sc_cfg325,14.725231,14.755684,14.730272,0.2068,0.0342,mult_0=F6B mult_1=CK3 mult_5=CK3 mult_8=AQ1 adder_3=0AV adder_4=073 adder_7=0Q7
sc_cfg1352,14.727606,14.732947,14.728476,0.0363,0.0059,mult_1=8VH mult_3=F6B mult_4=DAE mult_5=HGY adder_0=02E adder_1=0EM adder_2=073 adder_4=073
sc_cfg817,14.738074,14.759715,14.772434,0.1468,0.2331,mult_1=8VH mult_4=HGY adder_0=0AV adder_3=0EM adder_5=0M0 adder_6=073 adder_7=0Q7
sc_cfg1189,14.772185,14.864324,14.767055,0.6237,0.0347,mult_1=CK3 mult_2=8VH mult_3=5FA mult_4=DAE mult_6=5FA mult_7=HGP mult_8=HGP adder_1=0M0 adder_2=0DL adder_3=0M0 adder_4=0DL adder_6=0EM
sc_cfg1507,14.781779,14.806316,14.790636,0.1660,0.0599,mult_0=DAE mult_3=CK3 mult_7=HGP adder_0=02E adder_1=0DL adder_2=073 adder_4=0AV adder_6=0M0 adder_7=073
sc_cfg763,14.802354,16.887857,16.954861,14.0890,14.5417,mult_1=F6B mult_4=CK3 mult_8=F6B adder_5=073 adder_6=0AV adder_7=0MH
sc_cfg498,14.805626,14.839406,14.839406,0.2282,0.2282,mult_1=CK3 mult_4=CK3 mult_5=5FA mult_8=AQ1
sc_cfg595,14.819962,14.028116,14.044521,5.3431,5.2324,mult_1=CK3 mult_2=AQ1 mult_4=AQ1 mult_6=8VH mult_7=F6B mult_8=5FA adder_0=0Q7 adder_1=0M0 adder_5=073 adder_7=0MH
sc_cfg784,14.896533,14.876114,14.876218,0.1371,0.1364,mult_5=CK3 adder_3=02E adder_4=0AV adder_5=073 adder_7=0M0
sc_cfg614,14.898925,14.897996,14.897308,0.0062,0.0109,mult_0=F6B mult_1=HGY mult_3=DAE mult_6=CK3 mult_7=8VH adder_0=0AV adder_1=0AV adder_3=0Q7 adder_5=0AV adder_7=0AV
sc_cfg1383,14.909178,14.240774,14.246109,4.4832,4.4474,mult_3=DAE mult_4=GPF mult_8=HGP adder_0=0M0 adder_2=02E adder_3=0AV adder_4=0DL adder_5=0AV adder_6=073 adder_7=02E
sc_cfg88,14.913085,14.893890,14.891337,0.1287,0.1458,mult_0=HGY mult_2=5FA mult_3=DAE mult_5=CK3 mult_7=HGP mult_8=5FA adder_1=0GK adder_2=0Q7 adder_3=0Q7 adder_4=0AV adder_5=0Q7 adder_6=0AV adder_7=0M0
sc_cfg1538,14.915055,12.831297,14.615163,13.9708,2.0107,mult_1=GPF mult_5=F6B mult_6=AQ1 mult_7=HGP mult_8=5FA adder_0=02E adder_1=0Q7 adder_3=02E adder_4=0Q7 adder_6=0GK adder_7=02E
sc_cfg323,14.915477,15.229594,15.245854,2.1060,2.2150,mult_5=F6B adder_0=0Q7 adder_1=073 adder_2=0MH adder_6=02E
sc_cfg1257,14.926932,14.938669,14.925097,0.0786,0.0123,mult_5=DAE mult_6=F6B adder_0=0DL adder_1=0MH adder_2=0M0 adder_3=0MH adder_5=0DL
sc_cfg714,14.936893,14.954140,14.900493,0.1155,0.2437,mult_0=HGY mult_3=8VH mult_4=F6B mult_8=DAE adder_2=0DL adder_3=0EM adder_5=0DL adder_7=0GK
sc_cfg466,14.954090,14.943370,14.939786,0.0717,0.0957,mult_0=HGY mult_1=8VH mult_2=CK3 mult_6=DAE mult_7=HGP adder_2=0AV adder_4=0Q7
sc_cfg1161,14.961954,14.965322,14.965322,0.0225,0.0225,mult_3=GPF adder_3=02E
sc_cfg1127,14.996370,16.068531,15.006443,7.1495,0.0672,mult_0=8VH mult_3=5FA mult_4=AQ1 mult_5=AQ1 mult_7=8VH adder_1=0GK adder_2=0EM adder_3=0DL adder_4=0MH adder_5=0M0 adder_6=0EM adder_7=0DL
sc_cfg1555,15.019743,15.047913,15.048478,0.1876,0.1913,mult_0=8VH mult_2=F6B adder_0=0M0 adder_1=0AV adder_2=0MH adder_6=0Q7
sc_cfg6,15.029634,14.419292,15.014628,4.0609,0.0998,mult_1=GPF mult_7=DAE adder_0=0MH adder_1=02E adder_2=0DL adder_4=0DL adder_5=0DL adder_6=02E
sc_cfg427,15.036588,14.886687,14.883696,0.9969,1.0168,mult_0=F6B mult_1=HGY mult_6=HGY mult_7=5FA mult_8=DAE adder_3=0Q7 adder_4=0AV adder_6=02E
sc_cfg163,15.052430,15.056335,15.056335,0.0259,0.0259,mult_0=GPF mult_1=HGY mult_5=HGP mult_8=DAE adder_3=0M0
sc_cfg916,15.057813,15.049613,15.049613,0.0545,0.0545,mult_0=HGY mult_1=5FA mult_5=HGY mult_7=CK3 adder_3=0DL
sc_cfg541,15.057980,15.050045,15.050045,0.0527,0.0527,mult_5=CK3 mult_6=HGP mult_7=AQ1 adder_1=0DL adder_3=0MH
sc_cfg1457,15.058151,15.076261,15.076102,0.1203,0.1192,mult_1=GPF mult_4=CK3 mult_6=AQ1 adder_0=0DL adder_6=0M0
sc_cfg1681,15.058171,15.027188,15.027900,0.2058,0.2010,mult_0=HGY mult_5=HGP mult_7=HGY adder_0=0EM adder_2=0DL adder_6=0M0 adder_7=0Q7
sc_cfg1255,15.065434,15.057645,15.047911,0.0517,0.1163,mult_1=HGP mult_2=HGP adder_0=0Q7 adder_3=0MH adder_6=0GK
sc_cfg928,15.084694,15.143994,15.094388,0.3931,0.0643,mult_0=HGP mult_1=GPF mult_2=GPF mult_7=8VH mult_8=5FA adder_0=0GK adder_1=0Q7 adder_3=0DL adder_4=0DL adder_5=0M0 adder_7=073
sc_cfg1146,15.115606,15.101222,15.101222,0.0952,0.0952,mult_0=8VH mult_1=F6B mult_3=HGP adder_7=0GK
sc_cfg937,15.116458,15.148925,15.148925,0.2148,0.2148,mult_3=F6B mult_4=HGY mult_8=F6B adder_0=0Q7 adder_3=0Q7
sc_cfg892,15.120166,15.153898,15.148652,0.2231,0.1884,mult_4=CK3 adder_2=0MH adder_3=0Q7 adder_4=0EM adder_6=0GK
sc_cfg1083,15.150241,17.033827,19.228111,12.4327,26.9162,mult_8=5FA adder_1=0Q7 adder_2=073 adder_4=02E adder_6=073 adder_7=0MH
sc_cfg635,15.150606,15.198649,15.188038,0.3171,0.2471,mult_0=5FA mult_1=AQ1 mult_2=F6B mult_4=8VH mult_7=5FA adder_0=0Q7 adder_2=0MH adder_3=0GK adder_4=073 adder_5=0Q7 adder_6=0Q7 adder_7=0DL
sc_cfg578,15.152417,15.139695,15.139695,0.0840,0.0840,mult_3=HGY mult_8=F6B adder_0=0Q7 adder_1=02E
sc_cfg1203,15.176256,15.222618,15.211640,0.3055,0.2332,mult_0=8VH mult_2=F6B mult_3=F6B mult_4=HGY mult_7=DAE adder_1=0DL adder_2=0EM adder_4=0EM adder_5=0Q7
sc_cfg511,15.176293,15.177171,15.171184,0.0058,0.0337,mult_0=5FA mult_1=HGP mult_2=AQ1 mult_3=DAE mult_4=5FA mult_5=HGP mult_7=5FA adder_0=073 adder_1=0GK adder_2=0M0 adder_3=073 adder_4=0M0 adder_5=0AV adder_7=0GK
sc_cfg650,15.185469,15.669741,15.675247,3.1890,3.2253,mult_0=CK3 mult_1=CK3 mult_2=HGY mult_8=F6B adder_1=0Q7 adder_3=0AV adder_4=0AV adder_5=073 adder_6=02E
sc_cfg1137,15.195426,15.201727,15.201727,0.0415,0.0415,mult_1=F6B mult_3=HGP mult_7=CK3 mult_8=AQ1 adder_3=073
sc_cfg638,15.235284,15.200863,15.243150,0.2259,0.0516,mult_0=DAE mult_2=CK3 mult_3=F6B mult_4=F6B mult_5=F6B mult_6=F6B mult_8=GPF adder_0=0AV adder_1=0M0 adder_2=0EM adder_3=0Q7 adder_4=0M0 adder_5=073 adder_7=0DL
sc_cfg820,15.245325,14.860634,14.860634,2.5233,2.5233,mult_3=HGY mult_6=DAE adder_0=0AV adder_3=0MH adder_7=02E
sc_cfg1608,15.249208,15.210125,15.210125,0.2563,0.2563,mult_0=5FA mult_3=HGY mult_7=GPF adder_0=073 adder_7=0GK
sc_cfg603,15.313968,14.815580,14.815580,3.2545,3.2545,mult_3=CK3 mult_7=GPF adder_7=0MH
sc_cfg1158,15.336119,15.362400,15.362047,0.1714,0.1691,mult_2=5FA mult_4=CK3 mult_7=8VH adder_1=0GK adder_4=0Q7 adder_6=073
sc_cfg547,15.343561,15.346206,15.346502,0.0172,0.0192,mult_3=HGY mult_4=5FA mult_6=F6B mult_8=DAE adder_0=0AV adder_1=0AV adder_2=0AV adder_3=0MH adder_6=0Q7
sc_cfg357,15.366379,15.348328,15.348328,0.1175,0.1175,mult_7=HGP adder_0=0AV adder_1=02E adder_7=0MH
sc_cfg999,15.411273,15.423707,15.423707,0.0807,0.0807,mult_1=HGP mult_4=DAE mult_5=HGP mult_6=5FA mult_7=DAE mult_8=8VH adder_1=0AV adder_3=0GK adder_7=0AV
sc_cfg91,15.415076,15.119790,15.125368,1.9156,1.8794,mult_0=HGP mult_1=5FA mult_3=AQ1 mult_4=8VH mult_6=F6B mult_7=HGY adder_0=0Q7 adder_1=073 adder_2=0DL adder_3=0Q7 adder_4=073 adder_6=0M0 adder_7=02E
sc_cfg868,15.443180,15.272683,15.559802,1.1040,0.7552,mult_2=HGP mult_3=5FA mult_4=F6B mult_5=5FA mult_6=DAE mult_7=8VH mult_8=5FA adder_0=0GK adder_1=0EM adder_2=0AV adder_3=0EM adder_4=073 adder_5=0GK adder_6=02E adder_7=0DL
sc_cfg512,15.447523,15.177639,14.956209,1.7471,3.1805,mult_0=CK3 mult_1=HGP mult_2=HGP mult_4=DAE mult_7=GPF mult_8=HGY adder_2=0AV adder_4=0EM adder_5=0M0 adder_6=0DL adder_7=02E
sc_cfg1426,15.456606,15.415384,15.414873,0.2667,0.2700,mult_2=5FA mult_3=8VH mult_7=HGY mult_8=HGP adder_0=073 adder_2=073 adder_6=0AV adder_7=0GK
sc_cfg607,15.478015,14.562671,15.479735,5.9138,0.0111,mult_1=AQ1 mult_2=DAE mult_4=CK3 mult_7=DAE adder_0=0Q7 adder_2=0M0 adder_5=02E adder_6=073 adder_7=0EM
sc_cfg310,15.485826,15.476080,15.476080,0.0629,0.0629,mult_0=HGY mult_2=DAE mult_3=5FA mult_5=CK3 mult_7=HGP adder_3=0GK
sc_cfg904,15.543167,15.489788,15.506561,0.3434,0.2355,mult_0=AQ1 mult_1=AQ1 mult_2=GPF mult_5=F6B mult_6=8VH mult_8=GPF adder_1=0AV adder_2=0Q7 adder_3=0MH adder_4=0M0 adder_5=0Q7 adder_6=0DL adder_7=0Q7
sc_cfg542,15.562742,15.550092,15.550092,0.0813,0.0813,mult_5=HGY mult_7=5FA mult_8=HGY adder_0=0AV adder_3=0MH
sc_cfg991,15.565221,15.565865,15.533726,0.0041,0.2023,mult_0=GPF mult_3=5FA mult_4=F6B mult_6=F6B mult_7=HGY mult_8=5FA adder_0=0AV adder_1=0MH adder_2=0Q7 adder_3=0AV adder_5=073 adder_6=0Q7
sc_cfg618,15.593788,15.604053,15.576681,0.0658,0.1097,mult_2=CK3 mult_3=HGY mult_5=DAE mult_7=DAE mult_8=AQ1 adder_0=0MH adder_1=0MH adder_2=0M0 adder_3=0AV adder_4=0EM adder_5=073 adder_6=0AV adder_7=0M0
sc_cfg845,15.603446,15.624044,15.624044,0.1320,0.1320,mult_0=AQ1 mult_4=GPF adder_3=0MH
sc_cfg586,15.623008,17.285307,16.776747,10.6401,7.3849,mult_4=AQ1 mult_5=5FA mult_8=GPF adder_2=0MH adder_4=0AV adder_5=0GK adder_7=0MH
sc_cfg1548,15.626897,15.620557,15.614224,0.0406,0.0811,mult_0=F6B mult_1=HGY mult_2=HGP mult_4=5FA mult_6=5FA mult_7=GPF mult_8=AQ1 adder_1=0AV adder_2=0Q7 adder_3=0GK adder_4=0AV adder_5=073 adder_6=073 adder_7=0Q7
sc_cfg403,15.633529,15.583362,15.593465,0.3209,0.2563,mult_1=DAE mult_2=GPF mult_4=5FA mult_6=GPF mult_8=DAE adder_0=073 adder_1=02E adder_2=0AV adder_3=0M0 adder_4=0Q7 adder_6=0GK adder_7=0M0
sc_cfg115,15.650269,13.816627,15.844017,11.7164,1.2380,mult_2=DAE mult_3=8VH mult_6=F6B mult_7=DAE adder_3=0EM adder_4=02E adder_5=0EM adder_7=02E
sc_cfg1100,15.653204,14.605555,14.605555,6.6929,6.6929,mult_3=GPF mult_5=F6B mult_6=DAE adder_7=0MH
sc_cfg67,15.673952,19.206033,15.699084,22.5347,0.1603,mult_1=F6B mult_2=8VH mult_6=HGY mult_7=F6B mult_8=DAE adder_1=0M0 adder_2=0AV adder_3=073 adder_4=073 adder_5=02E
sc_cfg1191,15.673979,15.730477,15.635317,0.3605,0.2467,mult_0=HGP mult_1=5FA mult_7=CK3 mult_8=F6B adder_1=0MH adder_5=0GK adder_6=0M0 adder_7=0GK
sc_cfg143,15.682035,15.674454,15.674454,0.0483,0.0483,mult_5=HGY mult_6=8VH mult_7=5FA adder_0=0MH adder_1=0DL
sc_cfg1432,15.689306,15.601212,15.681989,0.5615,0.0466,mult_0=AQ1 mult_1=HGY mult_4=5FA mult_5=8VH mult_7=8VH adder_0=02E adder_1=073 adder_2=0EM adder_3=073 adder_5=0DL adder_6=0EM adder_7=0Q7
sc_cfg664,15.733160,15.528439,15.504788,1.3012,1.4515,mult_0=HGP mult_5=8VH mult_8=HGY adder_0=073 adder_1=0M0 adder_3=0AV adder_4=0EM adder_6=02E
sc_cfg1334,15.760426,15.796776,15.790383,0.2306,0.1901,mult_0=CK3 mult_3=AQ1 mult_4=HGP adder_1=0AV adder_2=0MH adder_3=0Q7 adder_4=0Q7 adder_5=0DL adder_7=073
sc_cfg1367,15.809810,15.787634,15.782181,0.1403,0.1748,mult_0=DAE mult_1=5FA mult_2=GPF mult_7=F6B mult_8=AQ1 adder_0=0GK adder_1=0GK adder_2=0EM adder_3=0MH adder_5=0M0 adder_6=073 adder_7=0AV
sc_cfg1619,15.820983,14.892800,15.850295,5.8668,0.1853,mult_0=GPF mult_2=DAE mult_3=F6B mult_4=5FA mult_5=HGP mult_6=DAE mult_7=5FA adder_0=0DL adder_1=0AV adder_3=0DL adder_6=0GK adder_7=0GK
sc_cfg1518,15.840367,15.863326,15.859911,0.1449,0.1234,mult_1=GPF mult_3=HGY mult_8=CK3 adder_0=0Q7 adder_2=0GK adder_6=0GK adder_7=0AV
sc_cfg209,15.849555,15.761887,15.830718,0.5531,0.1189,mult_0=5FA mult_2=8VH mult_4=AQ1 mult_5=AQ1 mult_6=HGP mult_8=CK3 adder_1=02E adder_2=0Q7 adder_3=073 adder_4=0GK adder_5=0EM adder_6=0DL adder_7=0EM
sc_cfg381,15.872798,15.878640,15.859715,0.0368,0.0824,mult_1=GPF mult_2=5FA mult_5=DAE mult_7=CK3 mult_8=5FA adder_1=0MH adder_2=0DL adder_3=0Q7 adder_4=0DL adder_5=0Q7 adder_7=0EM
sc_cfg938,15.905204,15.260782,15.658566,4.0516,1.5507,mult_0=5FA mult_2=AQ1 mult_3=DAE mult_4=CK3 mult_5=DAE mult_7=5FA mult_8=GPF adder_0=0M0 adder_1=0DL adder_2=0DL adder_3=0DL adder_4=0EM adder_5=0GK adder_6=02E adder_7=0DL
sc_cfg1485,15.909531,15.919172,15.912070,0.0606,0.0160,mult_1=F6B mult_3=HGP mult_6=5FA adder_3=0MH adder_4=073 adder_5=0Q7 adder_6=0M0
sc_cfg580,15.910486,15.947774,15.940508,0.2344,0.1887,mult_1=GPF mult_4=CK3 adder_3=0GK adder_6=0GK
sc_cfg906,15.977185,15.985161,15.985161,0.0499,0.0499,mult_0=HGY mult_1=8VH mult_3=CK3 mult_8=F6B adder_0=073
sc_cfg786,15.980998,15.940469,15.940469,0.2536,0.2536,mult_0=F6B mult_1=HGP mult_3=DAE mult_4=AQ1 mult_5=8VH mult_7=DAE mult_8=HGY adder_1=0M0 adder_2=02E adder_3=073
sc_cfg389,15.984029,17.779761,16.027343,11.2345,0.2710,mult_0=8VH mult_1=AQ1 mult_2=F6B mult_3=HGP mult_4=5FA mult_6=CK3 mult_8=DAE adder_0=0Q7 adder_1=0M0 adder_2=0Q7 adder_3=0DL adder_4=02E adder_5=0M0 adder_6=0AV adder_7=073
sc_cfg425,16.001841,15.795476,15.747986,1.2896,1.5864,mult_0=HGP mult_1=HGY mult_3=F6B mult_6=GPF mult_7=F6B mult_8=HGY adder_0=0M0 adder_1=0DL adder_3=02E adder_4=0EM adder_6=073 adder_7=02E
sc_cfg283,16.019726,16.023074,16.023074,0.0209,0.0209,mult_1=GPF mult_4=HGP adder_2=02E
sc_cfg1337,16.022535,16.027244,16.039102,0.0294,0.1034,mult_2=F6B mult_3=5FA mult_4=HGP mult_7=HGP mult_8=CK3 adder_0=02E adder_4=073
sc_cfg1575,16.023576,16.038029,16.038029,0.0902,0.0902,mult_1=F6B mult_3=8VH mult_4=AQ1 mult_7=GPF adder_0=0AV adder_1=0GK adder_2=0DL adder_3=0Q7 adder_7=0EM
sc_cfg488,16.026736,15.764704,15.753026,1.6350,1.7078,mult_0=AQ1 mult_1=8VH mult_4=5FA mult_5=DAE mult_6=HGP mult_8=F6B adder_0=0EM adder_1=02E adder_2=0GK adder_3=0GK adder_4=0M0 adder_5=0EM adder_6=0Q7 adder_7=02E
sc_cfg4,16.084839,16.104563,16.104563,0.1226,0.1226,mult_4=HGP mult_7=GPF mult_8=HGP
sc_cfg1477,16.124770,15.286327,15.251770,5.1997,5.4140,mult_3=F6B mult_5=HGP mult_6=5FA adder_0=0MH adder_1=0Q7 adder_6=073 adder_7=0MH
sc_cfg1210,16.127566,16.182387,16.181744,0.3399,0.3359,mult_0=AQ1 mult_2=F6B mult_3=8VH mult_5=DAE mult_6=8VH mult_7=5FA adder_0=073 adder_2=073 adder_6=073
sc_cfg1321,16.127889,16.112829,16.112144,0.0934,0.0976,mult_0=GPF mult_1=GPF mult_2=HGP mult_6=F6B mult_7=GPF mult_8=CK3 adder_1=0Q7 adder_2=0Q7 adder_4=0AV
sc_cfg1311,16.154305,13.992187,16.224381,13.3842,0.4338,mult_2=5FA mult_4=8VH mult_5=AQ1 mult_8=DAE adder_3=0M0 adder_5=02E adder_6=02E
sc_cfg52,16.163906,16.169673,16.194375,0.0357,0.1885,mult_0=DAE mult_1=F6B mult_2=HGP mult_6=GPF adder_1=0EM adder_5=0GK adder_7=073
sc_cfg101,16.182932,15.371183,16.175490,5.0161,0.0460,mult_2=F6B mult_8=AQ1 adder_1=0Q7 adder_2=0MH adder_6=0GK adder_7=0GK
sc_cfg407,16.205639,17.129818,16.224031,5.7028,0.1135,mult_0=HGY mult_4=CK3 mult_5=5FA mult_6=AQ1 mult_7=F6B mult_8=CK3 adder_1=0GK adder_3=073 adder_4=02E adder_5=0M0 adder_7=0GK
sc_cfg1561,16.258201,16.412412,16.246328,0.9485,0.0730,mult_1=DAE mult_5=HGY mult_7=GPF mult_8=8VH adder_2=0DL adder_3=0GK adder_4=02E adder_7=0AV
sc_cfg519,16.330527,16.283982,16.284306,0.2850,0.2830,mult_2=HGP mult_5=HGP adder_2=02E adder_5=0Q7 adder_6=073
sc_cfg1160,16.335380,15.072855,16.242249,7.7288,0.5701,mult_2=AQ1 mult_3=HGY mult_4=F6B mult_5=AQ1 mult_7=F6B adder_2=0DL adder_3=0M0 adder_4=0GK adder_6=0GK adder_7=0GK
sc_cfg884,16.359236,16.391109,16.387471,0.1948,0.1726,mult_1=5FA mult_4=DAE mult_5=F6B mult_6=CK3 mult_7=5FA adder_1=0MH adder_3=0MH adder_4=0M0 adder_6=073
sc_cfg308,16.368557,16.367232,16.366395,0.0081,0.0132,mult_0=8VH mult_2=DAE mult_5=HGP adder_1=0M0 adder_2=0DL adder_3=02E adder_6=0EM
sc_cfg218,16.380463,16.366369,16.366370,0.0860,0.0860,mult_4=CK3 adder_1=02E adder_5=0AV
sc_cfg693,16.387646,16.243916,16.243593,0.8771,0.8790,mult_0=5FA mult_1=8VH mult_2=DAE mult_6=HGP mult_7=HGY adder_0=0EM adder_4=0EM adder_6=02E adder_7=0AV
sc_cfg322,16.443663,16.461750,16.456458,0.1100,0.0778,mult_0=HGP mult_2=5FA mult_4=8VH mult_7=8VH mult_8=AQ1 adder_2=0GK adder_4=0EM adder_6=0GK adder_7=0AV
sc_cfg1677,16.462260,16.488001,16.488562,0.1564,0.1598,mult_0=DAE mult_1=AQ1 mult_4=GPF mult_6=AQ1 mult_7=5FA adder_0=073 adder_3=02E adder_5=0M0 adder_7=0AV
sc_cfg1298,16.463158,19.178521,17.810028,16.4936,8.1811,mult_1=CK3 mult_2=DAE mult_4=HGY mult_7=AQ1 mult_8=8VH adder_0=02E adder_2=073 adder_3=0Q7 adder_4=02E adder_5=0DL adder_6=02E adder_7=0DL
sc_cfg1091,16.498076,16.502032,16.502032,0.0240,0.0240,mult_2=CK3 mult_3=GPF adder_5=0Q7
sc_cfg297,16.500882,16.507173,16.507173,0.0381,0.0381,mult_5=HGP mult_6=8VH
sc_cfg447,16.500882,16.507173,16.507173,0.0381,0.0381,mult_5=HGY mult_6=HGP
sc_cfg1422,16.500882,16.507173,16.507173,0.0381,0.0381,mult_5=GPF mult_6=HGP
sc_cfg1246,16.502287,16.508383,16.508383,0.0369,0.0369,mult_2=AQ1 mult_3=5FA mult_5=HGY mult_6=8VH
sc_cfg426,16.521290,16.552823,16.555401,0.1909,0.2065,mult_1=HGP mult_6=5FA adder_2=0MH adder_5=0GK adder_6=073
sc_cfg1579,16.558287,15.825398,15.825398,4.4261,4.4261,mult_3=CK3 adder_3=02E adder_7=0MH
sc_cfg1431,16.579986,14.332742,16.198420,13.5540,2.3014,mult_1=DAE mult_4=HGP adder_0=02E adder_1=073 adder_4=0GK adder_5=0EM adder_6=02E
sc_cfg414,16.584540,16.589686,16.589686,0.0310,0.0310,mult_0=HGP mult_2=8VH mult_4=AQ1 mult_6=HGY mult_8=HGP adder_0=073 adder_2=0GK adder_5=0AV
sc_cfg415,16.588685,16.580816,16.563998,0.0474,0.1488,mult_1=DAE mult_5=HGY mult_8=GPF adder_1=02E adder_4=0GK
sc_cfg1476,16.590151,16.556117,16.558747,0.2051,0.1893,mult_0=HGY mult_1=CK3 mult_2=AQ1 mult_4=AQ1 mult_5=AQ1 mult_6=GPF mult_8=DAE adder_0=02E adder_1=02E adder_2=0Q7 adder_3=073 adder_4=073 adder_7=073
sc_cfg879,16.609945,16.715912,16.617886,0.6380,0.0478,mult_1=DAE mult_2=GPF mult_3=AQ1 mult_5=5FA mult_6=CK3 mult_8=AQ1 adder_1=0MH adder_3=0DL adder_4=0AV adder_5=0GK
sc_cfg291,16.618189,15.375585,15.366331,7.4774,7.5331,mult_0=HGY mult_1=CK3 mult_2=HGY mult_7=8VH mult_8=5FA adder_1=0EM adder_5=0DL adder_7=0MH
sc_cfg1098,16.624858,21.110413,16.729133,26.9810,0.6272,mult_0=GPF mult_1=CK3 mult_4=GPF mult_6=F6B mult_7=F6B mult_8=CK3 adder_0=0Q7 adder_1=073 adder_2=0MH adder_3=0DL adder_4=02E adder_5=02E adder_6=0GK adder_7=0GK
sc_cfg573,16.627702,16.688072,16.690681,0.3631,0.3788,mult_0=HGY mult_1=CK3 mult_4=8VH adder_1=0DL adder_5=0EM adder_6=0GK
sc_cfg1662,16.640300,16.350996,16.653921,1.7386,0.0819,mult_3=8VH mult_6=CK3 adder_3=0DL adder_5=0DL
sc_cfg1169,16.677594,16.673532,16.672087,0.0244,0.0330,mult_0=AQ1 mult_1=5FA mult_2=HGP mult_5=5FA mult_6=CK3 mult_7=8VH adder_1=073 adder_3=0EM adder_5=0EM adder_7=0EM
sc_cfg184,16.692161,16.688093,16.688093,0.0244,0.0244,mult_1=GPF mult_5=HGY mult_7=8VH adder_1=0AV
sc_cfg1277,16.697143,16.283502,16.283502,2.4773,2.4773,mult_2=8VH mult_6=HGY mult_8=GPF adder_1=0MH adder_7=02E
sc_cfg261,16.755684,17.168512,17.314793,2.4638,3.3368,mult_0=F6B mult_2=CK3 mult_4=F6B mult_5=DAE adder_2=0DL adder_3=02E adder_4=0DL adder_6=02E adder_7=0DL
sc_cfg1472,16.771841,16.364365,16.337073,2.4295,2.5923,mult_1=DAE mult_4=GPF mult_7=DAE mult_8=AQ1 adder_0=0Q7 adder_1=02E adder_2=073 adder_3=0EM adder_4=0EM adder_5=0EM adder_6=073 adder_7=02E
sc_cfg317,16.782589,16.797341,16.788525,0.0879,0.0354,mult_3=DAE mult_4=8VH mult_6=GPF adder_0=0MH adder_4=0M0
sc_cfg851,16.797759,16.300908,16.300908,2.9578,2.9578,mult_0=GPF mult_1=F6B mult_3=DAE mult_5=HGP mult_7=8VH adder_1=0M0 adder_2=0GK adder_7=02E
sc_cfg411,16.836290,14.287955,16.828297,15.1360,0.0475,mult_2=AQ1 mult_4=HGP adder_0=0Q7 adder_2=0DL adder_4=0M0 adder_5=02E
sc_cfg99,16.841155,16.839401,16.843101,0.0104,0.0116,mult_3=DAE mult_5=8VH mult_6=8VH adder_1=0DL adder_3=0M0 adder_4=0EM adder_6=0GK adder_7=0Q7
sc_cfg972,16.859127,14.457834,16.494557,14.2433,2.1624,mult_4=CK3 mult_5=DAE mult_7=HGY adder_0=0DL adder_1=0EM adder_5=0DL adder_6=0GK adder_7=02E
sc_cfg1116,16.990601,18.596301,18.824818,9.4505,10.7955,mult_0=F6B mult_2=8VH mult_3=8VH mult_5=DAE mult_7=AQ1 mult_8=F6B adder_0=0MH adder_1=0MH adder_3=073 adder_4=0GK adder_5=073 adder_6=02E
sc_cfg1194,17.000945,20.072460,16.984464,18.0667,0.0969,mult_2=8VH mult_7=8VH adder_0=0M0 adder_1=0EM adder_4=0MH
sc_cfg1005,17.010633,18.495849,20.296028,8.7311,19.3138,mult_0=5FA mult_2=5FA mult_4=F6B mult_7=F6B mult_8=AQ1 adder_1=0GK adder_2=02E adder_3=0Q7 adder_4=02E adder_5=0Q7 adder_7=0MH
sc_cfg559,17.068130,17.353831,17.101718,1.6739,0.1968,mult_0=AQ1 mult_1=GPF mult_3=F6B mult_4=HGP adder_0=0M0 adder_2=0EM adder_3=0AV adder_4=0GK adder_5=0GK adder_6=0Q7 adder_7=0AV
sc_cfg1123,17.073255,17.117010,17.114364,0.2563,0.2408,mult_1=F6B mult_4=GPF mult_5=DAE mult_8=5FA adder_3=0MH adder_5=0Q7 adder_6=073
sc_cfg926,17.081236,17.104369,18.195115,0.1354,6.5211,mult_0=AQ1 mult_1=AQ1 mult_2=DAE mult_3=DAE mult_5=DAE mult_6=DAE mult_7=HGY mult_8=CK3 adder_0=0M0 adder_1=073 adder_2=0EM adder_4=0MH adder_5=02E adder_6=0DL adder_7=02E
sc_cfg608,17.153753,17.283759,17.124541,0.7579,0.1703,mult_1=8VH mult_2=5FA mult_5=HGY mult_6=F6B mult_7=F6B adder_1=0Q7 adder_2=0Q7 adder_4=0GK adder_5=0AV adder_7=0GK
sc_cfg1428,17.168616,17.604459,17.183159,2.5386,0.0847,mult_0=AQ1 mult_2=5FA mult_3=CK3 mult_6=AQ1 mult_7=CK3 mult_8=AQ1 adder_2=0DL adder_3=0MH adder_4=0Q7 adder_5=02E adder_6=0EM adder_7=0EM
sc_cfg602,17.190210,19.114800,22.223229,11.1958,29.2784,mult_0=DAE mult_1=8VH mult_2=F6B mult_3=CK3 mult_4=F6B mult_5=AQ1 mult_6=AQ1 mult_8=HGY adder_0=0DL adder_3=073 adder_4=0GK adder_6=02E adder_7=0AV
sc_cfg1025,17.236753,17.212174,17.141782,0.1426,0.5510,mult_0=CK3 mult_1=CK3 mult_3=HGP mult_4=DAE mult_6=F6B adder_0=0AV adder_1=0AV adder_2=0AV adder_3=0AV adder_4=0M0 adder_5=0AV adder_6=02E adder_7=0AV
sc_cfg1657,17.276275,16.755743,16.754997,3.0130,3.0173,mult_0=GPF mult_2=GPF mult_3=8VH mult_4=DAE adder_0=0GK adder_3=073 adder_4=0AV adder_7=02E
sc_cfg187,17.280255,17.299565,17.298519,0.1117,0.1057,mult_0=HGY mult_1=5FA mult_2=AQ1 mult_3=AQ1 mult_4=CK3 mult_7=CK3 mult_8=F6B adder_0=0DL adder_1=0Q7 adder_2=0GK adder_3=0DL adder_5=0Q7
sc_cfg576,17.317121,15.800741,15.800741,8.7565,8.7565,mult_0=HGY mult_1=F6B mult_2=AQ1 mult_3=AQ1 mult_4=F6B mult_5=HGP mult_6=DAE adder_1=073 adder_2=0EM adder_3=0Q7 adder_7=0MH
sc_cfg555,17.332353,15.658088,15.445984,9.6598,10.8835,mult_0=CK3 mult_1=8VH mult_2=8VH mult_3=F6B mult_4=5FA mult_5=F6B mult_6=5FA mult_8=AQ1 adder_0=0AV adder_4=0EM adder_5=073 adder_6=0DL adder_7=02E
sc_cfg982,17.347890,17.399018,17.331674,0.2947,0.0935,mult_2=AQ1 mult_3=F6B mult_5=8VH adder_0=073 adder_1=0MH adder_3=0DL adder_4=073 adder_5=0GK adder_6=0AV adder_7=0M0
sc_cfg703,17.374101,15.908527,17.393878,8.4354,0.1138,mult_2=DAE mult_3=DAE mult_4=HGY mult_7=F6B adder_0=0EM adder_1=0AV adder_2=0AV adder_3=0AV adder_5=02E
sc_cfg697,17.374654,25.284296,17.356702,45.5240,0.1033,mult_0=AQ1 mult_1=CK3 mult_2=5FA mult_3=HGP mult_5=F6B mult_7=DAE adder_0=0Q7 adder_1=0DL adder_2=073 adder_3=0AV adder_4=0MH adder_5=0DL adder_6=0Q7
sc_cfg186,17.397084,16.587543,16.564037,4.6533,4.7884,mult_3=8VH mult_6=CK3 adder_4=0Q7 adder_6=0M0 adder_7=0MH
sc_cfg1276,17.397940,17.439892,17.415870,0.2411,0.1031,mult_0=F6B mult_2=DAE mult_3=5FA mult_4=CK3 mult_6=5FA mult_7=8VH mult_8=AQ1 adder_0=073 adder_1=0GK adder_2=0Q7 adder_3=0Q7 adder_4=0AV adder_5=0GK adder_6=0EM adder_7=0Q7
sc_cfg1496,17.433622,17.364555,17.372338,0.3962,0.3515,mult_1=8VH mult_7=8VH adder_0=073 adder_1=0MH adder_2=02E adder_3=0Q7 adder_4=073 adder_7=0EM
sc_cfg829,17.453183,17.480989,17.480989,0.1593,0.1593,mult_0=AQ1 mult_4=HGP mult_7=5FA mult_8=HGY adder_3=02E
sc_cfg140,17.476383,22.489720,17.924800,28.6864,2.5658,mult_3=CK3 mult_5=DAE mult_7=CK3 adder_1=0EM adder_4=0MH adder_6=0GK
sc_cfg61,17.579027,17.648117,17.579477,0.3930,0.0026,mult_0=DAE mult_2=GPF mult_3=CK3 adder_0=02E adder_1=02E adder_2=0AV adder_3=0Q7 adder_4=0DL adder_5=0AV
sc_cfg801,17.597514,17.427970,17.557806,0.9635,0.2256,mult_0=GPF mult_1=HGY mult_5=HGP mult_6=DAE mult_8=DAE adder_0=0EM adder_2=0M0 adder_4=0DL adder_5=02E
sc_cfg977,17.639280,18.410783,17.637507,4.3738,0.0101,mult_0=AQ1 mult_1=8VH mult_2=HGP mult_6=CK3 mult_7=HGP adder_0=02E adder_1=0M0 adder_2=0AV adder_4=0GK adder_5=073 adder_6=0Q7 adder_7=0Q7
sc_cfg1498,17.666659,17.642707,17.635051,0.1356,0.1789,mult_0=DAE mult_1=AQ1 mult_3=AQ1 mult_4=DAE mult_5=8VH mult_6=CK3 mult_8=HGP adder_0=073 adder_1=0Q7 adder_2=02E adder_3=0AV adder_4=0AV adder_6=0GK
sc_cfg1016,17.674482,17.840816,17.646256,0.9411,0.1597,mult_0=HGY mult_1=HGP mult_2=8VH mult_3=5FA mult_4=F6B mult_5=5FA mult_6=F6B mult_7=GPF mult_8=HGY adder_1=0Q7 adder_3=0AV adder_4=0DL adder_5=073
sc_cfg847,17.700849,17.738717,17.703992,0.2139,0.0178,mult_0=HGP mult_2=8VH mult_3=HGP mult_4=DAE adder_0=0EM adder_1=0AV adder_2=0M0 adder_3=0Q7 adder_4=073 adder_5=073 adder_6=0EM adder_7=0Q7
sc_cfg882,17.736926,17.728354,17.728253,0.0483,0.0489,mult_0=HGY mult_3=HGP mult_6=8VH adder_1=0M0 adder_5=0AV adder_6=0M0
sc_cfg532,17.743826,18.367321,17.767077,3.5139,0.1310,mult_0=HGY mult_1=F6B mult_3=5FA mult_4=HGP mult_5=F6B mult_8=8VH adder_0=0MH adder_2=073 adder_3=073 adder_4=0GK adder_5=0Q7 adder_7=0AV
sc_cfg438,17.749248,17.747605,17.747605,0.0093,0.0093,mult_0=HGP mult_2=8VH mult_4=AQ1 mult_5=HGY adder_3=073
sc_cfg611,17.761675,17.791661,17.786734,0.1688,0.1411,mult_1=AQ1 mult_2=GPF mult_4=HGY mult_7=AQ1 adder_0=073 adder_4=0AV adder_5=0EM
sc_cfg579,17.764905,17.766312,17.766312,0.0079,0.0079,mult_0=GPF mult_2=GPF mult_3=8VH adder_1=0Q7 adder_2=073 adder_7=0EM
sc_cfg41,17.767015,17.797820,17.797820,0.1734,0.1734,mult_4=HGY mult_6=GPF adder_0=0M0
sc_cfg1436,17.778625,17.777768,17.774179,0.0048,0.0250,mult_0=F6B mult_1=CK3 mult_4=F6B mult_5=GPF mult_8=8VH adder_1=0AV adder_3=0M0 adder_4=0Q7
sc_cfg463,17.782200,17.812778,17.812787,0.1720,0.1720,mult_4=8VH mult_6=CK3 adder_0=0Q7 adder_5=0EM
sc_cfg688,17.810616,22.153126,23.674453,24.3816,32.9233,mult_0=GPF mult_2=GPF mult_3=HGY mult_5=F6B mult_6=DAE mult_7=8VH mult_8=HGP adder_1=02E adder_2=0DL adder_3=0EM adder_4=0M0 adder_6=02E adder_7=0MH
sc_cfg1487,17.828421,17.799512,17.799512,0.1621,0.1621,mult_1=DAE mult_3=HGY mult_5=DAE mult_6=GPF adder_0=0GK adder_1=0AV adder_2=02E adder_7=0DL
sc_cfg1363,17.842197,17.811758,17.811758,0.1706,0.1706,mult_2=8VH mult_5=HGP adder_0=0GK adder_1=02E adder_2=0EM
sc_cfg1490,17.850310,17.986676,17.853893,0.7639,0.0201,mult_0=5FA mult_1=DAE mult_2=5FA mult_4=5FA mult_5=CK3 mult_6=GPF mult_8=8VH adder_1=0Q7 adder_2=073 adder_3=0Q7 adder_4=02E adder_6=0AV adder_7=073
sc_cfg930,17.886623,18.696580,18.677785,4.5283,4.4232,mult_0=HGY mult_2=DAE mult_4=F6B mult_8=GPF adder_0=0M0 adder_1=0Q7 adder_2=0MH adder_3=0DL adder_4=0Q7 adder_5=0M0 adder_6=0M0 adder_7=0MH
sc_cfg1499,17.899565,15.491248,16.385136,13.4546,8.4607,mult_0=F6B mult_1=AQ1 mult_2=F6B mult_3=5FA mult_4=HGY mult_6=5FA mult_7=HGP mult_8=5FA adder_2=0EM adder_4=0GK adder_5=0EM adder_6=0GK adder_7=02E
sc_cfg1670,17.902928,17.945933,17.924767,0.2402,0.1220,mult_1=GPF mult_4=8VH mult_7=HGY adder_0=0Q7 adder_1=0DL adder_4=0M0 adder_5=073 adder_7=0AV
sc_cfg172,17.936087,17.969230,17.965084,0.1848,0.1617,mult_0=DAE mult_1=DAE mult_2=CK3 mult_4=GPF mult_6=F6B adder_3=0M0 adder_4=0EM adder_5=0Q7
sc_cfg1166,17.951029,17.903500,18.057334,0.2648,0.5922,mult_0=5FA mult_5=8VH mult_6=GPF mult_8=F6B adder_2=0Q7 adder_3=0GK adder_5=0DL adder_6=0DL adder_7=0Q7
sc_cfg1616,17.972382,18.075188,17.935599,0.5720,0.2047,mult_0=8VH mult_1=HGP mult_2=F6B mult_4=DAE mult_5=HGP mult_7=5FA mult_8=F6B adder_0=0MH adder_1=0M0 adder_2=0Q7 adder_3=0DL adder_5=02E adder_7=0Q7
sc_cfg1351,17.976816,16.521994,16.521994,8.0928,8.0928,mult_2=8VH mult_6=HGP mult_7=8VH adder_1=0GK adder_7=0MH
sc_cfg1641,17.990665,17.988436,17.987319,0.0124,0.0186,mult_0=HGY mult_2=8VH mult_5=8VH mult_6=F6B adder_1=0DL adder_2=0GK adder_3=0AV adder_4=0Q7
sc_cfg57,18.033156,17.743967,17.743967,1.6037,1.6037,mult_0=GPF mult_4=HGP mult_5=F6B mult_6=F6B mult_7=GPF mult_8=HGY adder_0=0EM adder_3=0Q7 adder_7=02E
sc_cfg1685,18.053893,18.834356,18.826562,4.3230,4.2798,mult_0=CK3 mult_1=GPF mult_4=DAE mult_6=AQ1 adder_1=0MH adder_2=073 adder_3=02E adder_6=0GK adder_7=0Q7
sc_cfg485,18.055301,22.921786,20.531132,26.9532,13.7125,mult_0=HGP mult_1=5FA mult_2=HGY mult_3=F6B mult_4=HGP mult_5=F6B mult_6=HGY mult_7=HGY adder_0=0MH adder_1=0Q7 adder_2=0DL adder_3=02E adder_4=0Q7 adder_5=02E adder_6=02E adder_7=0MH
sc_cfg1643,18.075841,19.688717,18.242240,8.9228,0.9206,mult_0=8VH mult_1=GPF mult_2=F6B mult_3=CK3 adder_0=0MH adder_1=073 adder_2=02E adder_3=02E adder_4=02E adder_5=073 adder_6=0GK adder_7=0AV
sc_cfg1350,18.079674,18.084100,18.084236,0.0245,0.0252,mult_0=GPF mult_5=CK3 mult_6=HGY mult_8=DAE adder_1=0DL adder_4=073
sc_cfg1541,18.092927,18.078604,18.078337,0.0792,0.0806,mult_0=HGY mult_1=CK3 mult_3=DAE mult_4=GPF mult_6=5FA mult_7=AQ1 mult_8=F6B adder_1=073 adder_2=02E adder_5=0AV adder_7=0M0
sc_cfg1688,18.111729,18.729276,16.467487,3.4097,9.0783,mult_0=HGP mult_2=HGP mult_3=5FA mult_4=DAE mult_6=AQ1 mult_7=F6B adder_0=0MH adder_1=0Q7 adder_2=0EM adder_4=0MH adder_5=0AV adder_6=0DL adder_7=0MH
sc_cfg1129,18.112110,21.811421,18.135862,20.4245,0.1311,mult_1=HGP mult_2=F6B mult_3=CK3 mult_4=DAE mult_5=F6B mult_7=8VH mult_8=AQ1 adder_0=073 adder_1=0AV adder_2=0DL adder_3=02E adder_4=02E adder_5=0M0
sc_cfg961,18.113443,18.104578,18.095511,0.0489,0.0990,mult_1=GPF mult_2=F6B mult_3=CK3 mult_5=5FA mult_7=HGP mult_8=5FA adder_0=073 adder_1=0EM adder_2=0EM adder_5=073 adder_6=0Q7 adder_7=0GK
sc_cfg1261,18.130845,19.274448,18.107061,6.3075,0.1312,mult_2=F6B mult_4=AQ1 mult_5=GPF mult_6=8VH mult_7=AQ1 mult_8=CK3 adder_1=02E adder_4=0DL adder_5=02E adder_7=073
sc_cfg912,18.177877,18.174308,18.174700,0.0196,0.0175,mult_2=HGP mult_5=GPF mult_8=HGP adder_0=0GK adder_3=0DL adder_4=073
sc_cfg971,18.188934,18.280026,18.279625,0.5008,0.4986,mult_1=HGY mult_4=DAE mult_5=AQ1 mult_7=DAE adder_2=0MH adder_3=0GK adder_5=0M0 adder_6=0GK
sc_cfg954,18.200430,18.210117,18.197202,0.0532,0.0177,mult_3=DAE mult_4=AQ1 mult_5=CK3 mult_6=F6B mult_7=5FA adder_0=0GK adder_1=0MH adder_3=073 adder_4=0DL adder_7=0DL
sc_cfg1391,18.210099,17.834965,17.844949,2.0600,2.0052,mult_0=F6B mult_2=DAE mult_3=HGP mult_6=8VH adder_0=0M0 adder_3=0DL adder_4=0DL adder_6=0GK adder_7=0Q7
sc_cfg733,18.218266,18.292450,18.252362,0.4072,0.1872,mult_1=GPF mult_4=HGP mult_5=DAE mult_7=F6B mult_8=F6B adder_1=0GK adder_2=0EM adder_3=0Q7 adder_5=0M0 adder_7=0Q7
sc_cfg1187,18.220171,18.211770,18.211845,0.0461,0.0457,mult_0=F6B mult_2=HGP mult_6=HGP mult_7=CK3 mult_8=5FA adder_6=0AV adder_7=0DL
sc_cfg1104,18.268744,18.165280,18.199819,0.5663,0.3773,mult_0=DAE mult_2=CK3 mult_3=CK3 mult_6=F6B mult_7=AQ1 adder_0=0DL adder_1=0M0 adder_2=02E adder_3=073 adder_5=0GK adder_6=0DL
sc_cfg919,18.276653,18.291211,18.291211,0.0797,0.0797,mult_3=HGY mult_6=8VH mult_8=5FA adder_1=0GK adder_2=073 adder_3=02E
sc_cfg682,18.322581,18.294285,18.364829,0.1544,0.2306,mult_0=HGY mult_1=HGY mult_2=F6B mult_3=5FA mult_4=GPF mult_5=DAE mult_6=5FA mult_7=F6B mult_8=HGP adder_0=02E adder_1=0Q7 adder_3=0GK adder_4=0DL adder_5=0M0 adder_7=0DL
sc_cfg895,18.355426,20.399082,18.371969,11.1338,0.0901,mult_0=HGP mult_2=AQ1 mult_4=8VH mult_5=F6B mult_7=F6B mult_8=5FA adder_0=02E adder_4=02E adder_5=0Q7
sc_cfg1389,18.382515,18.377349,18.380412,0.0281,0.0114,mult_0=5FA mult_2=AQ1 mult_5=HGY mult_6=GPF mult_7=5FA mult_8=HGP adder_0=0AV adder_2=0DL adder_3=0AV adder_4=0Q7 adder_5=0EM adder_6=0M0 adder_7=0DL
sc_cfg929,18.436208,19.832154,18.448793,7.5718,0.0683,mult_0=AQ1 mult_1=AQ1 mult_2=F6B mult_3=5FA mult_4=HGP mult_5=AQ1 mult_6=F6B mult_7=DAE mult_8=F6B adder_0=0GK adder_1=0M0 adder_2=0GK adder_3=02E adder_4=0MH adder_5=0EM adder_6=0AV
sc_cfg461,18.555650,17.398729,17.398729,6.2349,6.2349,mult_4=HGP mult_6=HGY mult_7=AQ1 adder_0=0AV adder_3=0GK adder_7=0MH
sc_cfg612,18.596674,18.429552,18.744870,0.8987,0.7969,mult_0=CK3 mult_2=GPF mult_5=CK3 mult_7=5FA adder_0=0AV adder_1=0AV adder_2=0GK adder_4=0M0 adder_5=0DL adder_6=0DL
sc_cfg1378,18.604742,18.716506,18.611563,0.6007,0.0367,mult_3=8VH mult_5=HGP mult_6=F6B adder_1=0AV adder_2=0M0 adder_3=0M0 adder_4=0M0 adder_5=0GK adder_6=0Q7
sc_cfg270,18.635078,18.599066,18.599959,0.1932,0.1885,mult_0=5FA mult_1=DAE mult_2=HGY mult_3=F6B mult_4=DAE mult_5=DAE mult_6=CK3 adder_0=0GK adder_1=0MH adder_2=02E adder_3=0MH adder_5=02E adder_7=073
sc_cfg111,18.636446,17.260563,17.266239,7.3828,7.3523,mult_0=HGY mult_1=DAE mult_2=AQ1 mult_3=HGP mult_4=5FA mult_5=5FA mult_6=8VH mult_8=5FA adder_0=0Q7 adder_3=0DL adder_5=0AV adder_6=0EM adder_7=0MH
sc_cfg377,18.645576,18.616894,18.616894,0.1538,0.1538,mult_2=8VH mult_5=HGY mult_8=8VH adder_1=02E adder_2=0EM
sc_cfg1336,18.667197,18.773263,18.713604,0.5682,0.2486,mult_0=AQ1 mult_2=GPF mult_3=HGP mult_4=F6B mult_5=DAE mult_7=5FA adder_0=0EM adder_1=0AV adder_3=0EM adder_4=0GK adder_5=0DL adder_6=0M0
sc_cfg1679,18.675968,18.691927,18.677419,0.0855,0.0078,mult_2=HGP mult_4=CK3 adder_2=073 adder_3=073 adder_6=0M0 adder_7=0GK
sc_cfg1557,18.676645,18.686912,18.667654,0.0550,0.0481,mult_3=5FA mult_4=5FA mult_5=5FA mult_6=8VH mult_7=HGP adder_0=0Q7 adder_1=0MH adder_2=0DL adder_3=0MH adder_4=0AV adder_5=073 adder_7=0DL
sc_cfg1536,18.705060,21.603565,22.827191,15.4958,22.0375,mult_1=HGP mult_2=DAE mult_3=F6B mult_6=CK3 mult_7=HGY adder_0=0Q7 adder_1=0MH adder_2=0EM adder_3=0DL adder_4=0AV adder_5=02E adder_7=0MH
sc_cfg359,18.730333,21.639690,18.734243,15.5329,0.0209,mult_0=8VH mult_2=HGY mult_3=F6B mult_5=8VH mult_8=8VH adder_0=0EM adder_1=0EM adder_2=0GK adder_3=0AV adder_4=02E adder_6=0EM adder_7=0M0
sc_cfg760,18.744091,23.104738,19.407324,23.2641,3.5384,mult_1=8VH mult_3=5FA mult_6=HGY adder_0=0MH adder_1=0MH adder_2=073 adder_4=0MH adder_6=02E
sc_cfg951,18.752019,18.660295,18.657104,0.4891,0.5062,mult_0=F6B mult_3=8VH mult_4=F6B mult_5=F6B mult_7=GPF adder_1=0EM adder_2=0DL adder_4=0Q7 adder_6=0DL
sc_cfg66,18.806765,18.725752,18.759083,0.4308,0.2535,mult_1=HGY mult_5=DAE mult_8=F6B adder_1=02E adder_2=02E adder_5=02E adder_6=0Q7 adder_7=073
sc_cfg983,18.815720,17.449495,18.311706,7.2611,2.6787,mult_1=CK3 mult_2=DAE mult_3=HGP mult_5=F6B mult_8=HGP adder_0=0GK adder_1=0Q7 adder_2=0AV adder_5=0GK adder_6=0GK adder_7=0M0
sc_cfg273,18.923875,18.926952,18.926997,0.0163,0.0165,mult_0=F6B mult_3=GPF mult_5=8VH adder_0=0MH adder_6=073
sc_cfg1450,18.938562,18.967691,18.966746,0.1538,0.1488,mult_0=F6B mult_4=HGY mult_6=HGY adder_0=0M0 adder_1=0EM adder_4=0M0 adder_6=0Q7
sc_cfg167,18.963742,18.953799,18.956356,0.0524,0.0389,mult_0=F6B mult_1=GPF mult_5=8VH mult_8=AQ1 adder_3=0MH adder_5=0DL adder_7=073
sc_cfg1125,18.974437,19.115765,18.971476,0.7448,0.0156,mult_0=GPF mult_1=5FA mult_4=F6B mult_5=8VH mult_6=8VH adder_0=0M0 adder_2=0AV adder_3=0DL adder_5=0M0
sc_cfg340,18.983528,19.277449,19.312127,1.5483,1.7310,mult_0=DAE mult_2=5FA mult_4=8VH mult_6=5FA mult_7=F6B mult_8=GPF adder_0=0Q7 adder_1=0Q7 adder_2=0MH adder_3=0Q7 adder_5=0M0 adder_7=0MH
sc_cfg1094,18.989159,18.984590,18.984590,0.0241,0.0241,mult_0=AQ1 mult_1=HGP mult_2=HGY mult_4=DAE mult_5=CK3 mult_6=AQ1 mult_8=DAE adder_0=02E adder_1=073 adder_3=0M0
sc_cfg13,18.992940,21.771819,19.030394,14.6311,0.1972,mult_0=GPF mult_3=CK3 mult_5=DAE mult_6=CK3 adder_0=0M0 adder_1=0EM adder_2=0GK adder_5=02E
sc_cfg867,19.017450,18.978793,18.978793,0.2033,0.2033,mult_2=8VH mult_5=HGY mult_7=F6B adder_0=0EM adder_1=02E adder_3=073
sc_cfg1304,19.019182,20.957737,18.980185,10.1926,0.2050,mult_0=HGP mult_4=DAE mult_5=HGP mult_6=CK3 mult_8=CK3 adder_0=073 adder_1=0DL adder_2=073 adder_5=02E
sc_cfg74,19.068014,18.142516,18.996455,4.8537,0.3753,mult_0=CK3 mult_1=AQ1 mult_3=AQ1 mult_4=5FA mult_5=GPF mult_6=GPF mult_7=AQ1 mult_8=DAE adder_0=0AV adder_1=0EM adder_5=0GK adder_6=0GK
sc_cfg339,19.074923,18.787790,19.004950,1.5053,0.3668,mult_0=F6B mult_2=AQ1 mult_3=F6B mult_4=AQ1 mult_5=5FA mult_6=GPF mult_7=GPF mult_8=5FA adder_0=0GK adder_1=0MH adder_2=0EM adder_3=0Q7 adder_4=0AV adder_5=0GK adder_7=0M0
sc_cfg17,19.078816,19.085019,19.085010,0.0325,0.0325,mult_0=GPF mult_3=5FA mult_5=HGY mult_6=HGP mult_8=F6B adder_0=0AV adder_2=0Q7 adder_6=0AV
sc_cfg486,19.079826,19.140730,19.088059,0.3192,0.0431,mult_0=F6B mult_1=F6B mult_2=HGY mult_3=AQ1 mult_5=HGP mult_6=F6B adder_0=0AV adder_1=0M0 adder_2=0M0 adder_4=073 adder_5=0M0 adder_6=0AV
sc_cfg1133,19.096069,18.753140,18.576093,1.7958,2.7230,mult_0=HGY mult_1=HGP mult_2=F6B mult_4=GPF mult_5=F6B mult_6=F6B mult_7=HGP mult_8=CK3 adder_0=0M0 adder_1=0GK adder_2=0EM adder_3=02E adder_4=0DL adder_5=0M0 adder_6=073 adder_7=02E
sc_cfg1030,19.099765,19.002114,18.967209,0.5113,0.6940,mult_1=CK3 mult_5=HGY mult_7=HGP adder_0=0AV adder_3=0DL adder_5=0GK adder_6=02E
sc_cfg1090,19.110255,18.908655,19.144137,1.0549,0.1773,mult_0=CK3 mult_1=GPF mult_2=5FA mult_3=DAE mult_4=8VH mult_5=DAE mult_6=AQ1 mult_7=5FA mult_8=CK3 adder_0=0M0 adder_1=073 adder_2=0M0 adder_3=0M0 adder_4=073 adder_5=02E adder_6=073 adder_7=073
sc_cfg788,19.111607,19.100818,19.096503,0.0565,0.0790,mult_0=DAE mult_1=CK3 mult_2=CK3 mult_3=AQ1 mult_4=F6B mult_6=HGY mult_8=DAE adder_2=0AV adder_3=0Q7 adder_4=0Q7 adder_5=0M0 adder_6=0EM adder_7=0M0
sc_cfg628,19.123706,18.935655,18.507804,0.9833,3.2206,mult_0=AQ1 mult_1=HGY mult_6=GPF mult_8=F6B adder_1=0MH adder_3=0M0 adder_4=0Q7 adder_5=0GK adder_6=0DL adder_7=02E
sc_cfg1332,19.139307,18.329843,18.370081,4.2293,4.0191,mult_3=8VH mult_5=GPF adder_4=0DL adder_5=073 adder_7=02E
sc_cfg1531,19.163208,18.577915,18.578235,3.0543,3.0526,mult_0=HGY mult_1=GPF mult_4=CK3 mult_7=GPF mult_8=CK3 adder_0=02E adder_2=0GK adder_4=0EM adder_5=0AV adder_7=02E
sc_cfg1069,19.167573,19.944729,19.793498,4.0545,3.2655,mult_1=8VH mult_2=F6B mult_5=GPF mult_7=HGP mult_8=DAE adder_0=073 adder_2=0DL adder_3=0GK adder_4=0Q7 adder_5=0DL adder_6=02E adder_7=073
sc_cfg95,19.204395,19.210887,19.209857,0.0338,0.0284,mult_2=F6B mult_3=CK3 mult_5=GPF mult_6=DAE mult_7=5FA adder_0=02E adder_1=0Q7 adder_4=0Q7
sc_cfg990,19.267577,19.295723,19.286089,0.1461,0.0961,mult_0=HGP mult_7=CK3 mult_8=CK3 adder_1=0DL adder_2=0MH adder_3=0EM adder_4=0DL adder_5=0AV adder_7=0Q7
sc_cfg1107,19.299820,19.581860,19.316095,1.4614,0.0843,mult_2=HGP mult_3=AQ1 mult_4=CK3 mult_6=DAE mult_7=F6B adder_2=0EM adder_4=0EM adder_5=0DL adder_6=0M0 adder_7=073
sc_cfg295,19.307504,19.220825,19.221107,0.4489,0.4475,mult_0=8VH mult_1=8VH mult_2=DAE mult_4=5FA mult_5=GPF mult_7=GPF mult_8=HGP adder_0=073 adder_1=0AV adder_2=02E adder_3=073 adder_5=0AV adder_7=0GK
sc_cfg798,19.311144,22.878116,19.287370,18.4711,0.1231,mult_0=8VH mult_1=CK3 mult_2=5FA mult_4=F6B mult_6=GPF mult_8=5FA adder_0=0Q7 adder_1=0AV adder_2=0AV adder_3=0AV adder_4=0MH adder_5=073 adder_6=0M0
sc_cfg534,19.369453,19.386846,19.365440,0.0898,0.0207,mult_2=HGY mult_5=GPF mult_7=CK3 adder_1=0GK adder_4=0M0 adder_6=073
sc_cfg445,19.394818,19.428762,19.428662,0.1750,0.1745,mult_0=HGY mult_3=F6B mult_4=5FA mult_7=GPF adder_0=0MH adder_1=0GK adder_2=0MH adder_3=0GK adder_5=0Q7 adder_7=02E
sc_cfg1324,19.438168,16.963280,19.472814,12.7321,0.1782,mult_0=5FA mult_1=CK3 mult_2=AQ1 mult_3=CK3 mult_5=AQ1 mult_7=8VH mult_8=AQ1 adder_2=0AV adder_3=0EM adder_4=02E adder_6=0M0 adder_7=0AV
sc_cfg1053,19.440531,19.475103,19.375984,0.1778,0.3320,mult_1=HGP mult_2=CK3 mult_4=DAE mult_5=HGY mult_6=5FA mult_8=AQ1 adder_0=0EM adder_1=02E adder_2=02E adder_3=0DL adder_4=0M0 adder_5=0DL adder_7=0AV
sc_cfg1111,19.455899,19.479525,19.478828,0.1214,0.1179,mult_0=GPF mult_4=AQ1 mult_6=AQ1 mult_7=CK3 mult_8=HGP adder_2=0MH adder_3=0AV adder_4=0EM adder_6=0Q7 adder_7=0DL
sc_cfg1317,19.475861,19.469174,19.471601,0.0343,0.0219,mult_0=5FA mult_4=5FA mult_5=HGY mult_6=HGY mult_7=GPF adder_0=0M0 adder_1=0AV adder_2=0M0 adder_3=0EM adder_4=0GK adder_6=0EM adder_7=073
sc_cfg1149,19.503199,20.751308,18.936980,6.3995,2.9032,mult_0=F6B mult_1=GPF mult_2=5FA mult_4=AQ1 mult_5=GPF mult_6=CK3 mult_7=DAE mult_8=HGY adder_0=073 adder_1=0AV adder_2=0AV adder_4=0GK adder_5=0M0 adder_7=02E
sc_cfg1473,19.522585,19.536535,19.535592,0.0715,0.0666,mult_3=CK3 mult_5=8VH adder_0=0DL adder_5=0AV adder_6=0Q7 adder_7=0DL
sc_cfg225,19.552850,19.236718,19.236718,1.6168,1.6168,mult_2=GPF mult_3=AQ1 mult_4=8VH mult_5=5FA mult_7=5FA adder_2=0MH adder_3=0EM adder_7=02E
sc_cfg232,19.558960,19.648632,19.555175,0.4585,0.0194,mult_3=CK3 mult_7=HGY adder_1=0DL adder_3=0MH adder_5=0DL
sc_cfg849,19.579244,19.588103,19.588103,0.0452,0.0452,adder_5=0MH
sc_cfg564,19.591788,19.635677,19.635311,0.2240,0.2222,mult_0=AQ1 mult_4=HGP mult_6=HGP mult_8=8VH adder_0=0AV adder_1=0GK adder_3=0Q7 adder_6=0AV
sc_cfg997,19.596160,19.636056,19.605829,0.2036,0.0493,mult_4=DAE adder_0=0Q7 adder_5=0MH
sc_cfg1279,19.598219,23.959337,24.127146,22.2526,23.1089,mult_1=5FA mult_2=HGP mult_6=DAE mult_7=GPF mult_8=GPF adder_1=0AV adder_2=0DL adder_4=0MH adder_5=02E adder_6=0Q7 adder_7=0MH
sc_cfg1515,19.632070,19.766971,19.653909,0.6871,0.1112,mult_3=5FA mult_4=GPF mult_5=F6B mult_7=AQ1 mult_8=F6B adder_0=02E adder_3=02E adder_5=0GK
sc_cfg1377,19.637404,19.625426,19.625426,0.0610,0.0610,mult_2=CK3 mult_3=AQ1 mult_4=HGP mult_6=F6B mult_8=HGP adder_0=0GK adder_1=0M0 adder_2=073 adder_3=0M0 adder_7=0GK
sc_cfg1439,19.654545,19.707411,19.656517,0.2690,0.0100,mult_0=CK3 mult_1=5FA mult_2=CK3 mult_3=DAE mult_4=DAE mult_5=HGP mult_6=DAE adder_0=0MH adder_1=0EM adder_3=0Q7 adder_5=02E adder_6=073 adder_7=0GK
sc_cfg713,19.679238,19.708294,19.708294,0.1476,0.1476,mult_2=8VH adder_0=0M0 adder_2=0MH adder_3=0EM adder_5=0DL
sc_cfg1109,19.689460,20.453629,19.700926,3.8811,0.0582,mult_3=DAE mult_6=AQ1 mult_7=F6B adder_0=0M0 adder_2=0EM adder_5=0MH
sc_cfg681,19.732308,21.885508,25.387412,10.9121,28.6591,mult_2=F6B mult_3=CK3 mult_4=AQ1 mult_7=8VH adder_0=0MH adder_1=0MH adder_2=0GK adder_3=0EM adder_4=0DL adder_5=02E adder_7=0MH
sc_cfg1057,19.781290,19.819948,19.819945,0.1954,0.1954,mult_0=5FA adder_0=0GK adder_3=0DL adder_4=0EM adder_5=0MH
sc_cfg192,19.785776,19.798276,19.759368,0.0632,0.1335,mult_0=HGP mult_3=GPF mult_5=F6B mult_7=GPF adder_0=0M0 adder_1=0MH adder_2=02E adder_3=0M0 adder_6=0M0
sc_cfg193,19.793504,19.850451,19.798636,0.2877,0.0259,mult_1=CK3 mult_2=HGY mult_3=GPF mult_4=DAE mult_6=DAE mult_7=DAE adder_0=0EM adder_2=073 adder_5=073
sc_cfg745,19.827161,20.290212,20.479916,2.3354,3.2922,mult_1=DAE mult_2=F6B mult_5=5FA mult_6=F6B mult_7=HGY mult_8=AQ1 adder_0=0MH adder_1=02E adder_2=0EM adder_3=0M0 adder_4=0GK adder_7=0MH
sc_cfg529,19.831469,18.019351,18.013172,9.1376,9.1687,mult_0=5FA mult_1=CK3 mult_3=5FA mult_4=GPF mult_7=HGP adder_0=0MH adder_1=0Q7 adder_3=0AV adder_5=0DL adder_7=0MH
sc_cfg1433,19.852050,19.884062,19.883358,0.1613,0.1577,mult_0=AQ1 mult_2=AQ1 mult_5=8VH adder_1=0EM adder_2=0MH adder_5=0EM
sc_cfg183,19.858578,18.994887,19.835033,4.3492,0.1186,mult_2=HGP mult_4=CK3 mult_5=5FA mult_8=8VH adder_0=0DL adder_3=073 adder_4=073 adder_5=0GK adder_6=0GK adder_7=0AV
sc_cfg349,19.858723,20.089968,19.873435,1.1645,0.0741,mult_0=DAE mult_1=8VH mult_4=AQ1 mult_5=HGY mult_6=GPF adder_0=0GK adder_1=0M0 adder_3=0GK adder_4=0DL adder_6=0Q7
sc_cfg601,19.875284,19.199674,19.238643,3.3992,3.2032,mult_0=AQ1 mult_1=GPF mult_2=GPF mult_4=CK3 mult_8=F6B adder_0=02E adder_1=0EM adder_2=0M0 adder_3=0AV adder_4=073 adder_6=0Q7 adder_7=02E
sc_cfg1697,19.888907,20.635277,19.899956,3.7527,0.0556,mult_7=F6B mult_8=AQ1 adder_0=02E adder_2=0AV adder_5=0MH
sc_cfg878,19.894768,22.700473,19.918864,14.1027,0.1211,mult_1=CK3 mult_2=DAE mult_3=HGY mult_6=GPF mult_8=F6B adder_0=0AV adder_2=073 adder_5=02E adder_6=0Q7 adder_7=0EM
sc_cfg1072,19.906326,19.936390,19.931937,0.1510,0.1287,mult_0=AQ1 mult_1=CK3 mult_2=DAE mult_3=HGP mult_4=AQ1 mult_6=CK3 adder_0=0DL adder_1=0Q7 adder_2=0Q7 adder_6=0M0 adder_7=0M0
sc_cfg1245,19.911709,19.043752,19.614058,4.3590,1.4949,mult_1=5FA mult_2=HGY mult_3=F6B mult_4=HGY mult_8=HGP adder_0=0MH adder_1=0Q7 adder_2=02E adder_4=0GK adder_5=0AV adder_6=0EM adder_7=02E
sc_cfg1395,19.931430,19.793091,19.931407,0.6941,0.0001,mult_0=AQ1 mult_1=AQ1 mult_8=5FA adder_4=0Q7 adder_5=0MH adder_6=0GK
sc_cfg450,19.992533,23.596888,20.013045,18.0285,0.1026,mult_1=5FA mult_2=HGY mult_3=DAE mult_6=HGY mult_7=AQ1 adder_0=02E adder_4=0MH
sc_cfg228,20.004786,20.292660,20.020140,1.4390,0.0768,mult_1=HGP mult_7=CK3 adder_0=0MH adder_2=0MH adder_3=0GK adder_4=0GK adder_5=073 adder_6=0EM adder_7=0EM
sc_cfg1174,20.010973,19.728306,20.005459,1.4126,0.0276,mult_2=GPF mult_3=HGY mult_7=HGY adder_4=0DL adder_7=0AV
sc_cfg104,20.023664,20.047763,20.038947,0.1204,0.0763,mult_1=GPF mult_2=CK3 mult_3=F6B mult_5=F6B mult_6=HGY adder_0=0AV adder_1=0MH adder_2=0AV adder_3=0Q7 adder_4=0Q7 adder_7=0EM
sc_cfg1197,20.027233,23.193726,20.006071,15.8109,0.1057,mult_1=CK3 mult_4=5FA mult_5=HGP mult_8=AQ1 adder_0=0EM adder_2=0DL adder_4=0MH adder_5=0DL adder_6=0AV
sc_cfg1092,20.032802,20.034661,20.035215,0.0093,0.0120,mult_0=CK3 mult_1=F6B mult_2=5FA mult_7=F6B mult_8=GPF adder_0=073 adder_2=0MH adder_3=0M0 adder_4=0EM adder_5=0EM adder_7=0GK
sc_cfg255,20.049046,20.095597,20.095597,0.2322,0.2322,mult_0=HGP mult_1=F6B mult_2=F6B mult_6=5FA mult_7=8VH mult_8=HGY adder_0=0GK adder_2=0MH adder_3=0GK
sc_cfg1672,20.100825,20.011279,20.091593,0.4455,0.0459,mult_0=HGY mult_2=HGP mult_3=5FA mult_4=AQ1 mult_5=8VH mult_7=F6B mult_8=AQ1 adder_0=0GK adder_1=0EM adder_2=0GK adder_3=073 adder_4=0DL adder_5=0Q7 adder_6=0DL adder_7=0DL
sc_cfg20,20.138240,26.173105,20.219140,29.9672,0.4017,mult_0=DAE mult_1=CK3 mult_2=HGY mult_3=AQ1 mult_4=5FA mult_5=AQ1 mult_6=AQ1 mult_7=GPF mult_8=5FA adder_0=0AV adder_1=0M0 adder_2=0EM adder_3=0GK adder_4=0MH adder_5=0DL adder_6=0EM adder_7=0GK
sc_cfg1482,20.166788,20.161128,20.186964,0.0281,0.1000,mult_1=HGY mult_2=DAE mult_3=HGY mult_6=HGY mult_8=5FA adder_0=0EM adder_2=073 adder_5=0GK adder_6=0Q7 adder_7=0Q7
sc_cfg1510,20.184139,20.207952,20.203680,0.1180,0.0968,mult_0=HGY mult_2=GPF mult_4=HGP mult_8=8VH adder_2=0GK adder_3=0Q7 adder_6=0DL
sc_cfg1606,20.204654,20.242278,20.201548,0.1862,0.0154,mult_0=CK3 mult_4=DAE adder_2=0M0 adder_3=0Q7 adder_5=0MH
sc_cfg1652,20.225112,20.237479,20.237540,0.0611,0.0614,mult_1=5FA mult_4=DAE mult_6=CK3 adder_2=0MH adder_4=0AV adder_7=0M0
sc_cfg1244,20.237111,20.213750,20.214454,0.1154,0.1120,mult_0=8VH adder_2=0AV adder_4=0EM adder_5=0MH adder_7=0EM
sc_cfg1066,20.263930,20.297174,20.297174,0.1641,0.1641,mult_1=5FA mult_2=DAE mult_4=8VH mult_5=HGY mult_6=F6B mult_8=5FA adder_2=0Q7 adder_3=0M0
sc_cfg706,20.281625,23.129910,20.290868,14.0437,0.0456,mult_6=CK3 adder_2=073 adder_5=0MH adder_6=073
sc_cfg251,20.288146,20.264369,20.293897,0.1172,0.0283,mult_1=HGY mult_2=HGY mult_3=8VH adder_0=0AV adder_3=0DL adder_4=0GK
sc_cfg263,20.298997,16.505204,20.299312,18.6896,0.0016,mult_2=GPF mult_4=AQ1 mult_5=F6B adder_0=0M0 adder_1=0MH adder_2=073 adder_4=0MH adder_5=0DL adder_7=0Q7
sc_cfg1309,20.339312,18.317450,18.167231,9.9407,10.6792,mult_0=5FA mult_1=CK3 mult_3=AQ1 mult_4=5FA mult_5=CK3 mult_6=AQ1 mult_7=5FA mult_8=DAE adder_0=073 adder_1=0M0 adder_2=0DL adder_3=02E adder_4=02E adder_5=0AV adder_6=0Q7 adder_7=0MH
sc_cfg227,20.342907,20.347569,20.347569,0.0229,0.0229,mult_0=CK3 mult_1=F6B mult_2=GPF mult_4=AQ1 mult_6=GPF mult_7=8VH adder_2=0GK
sc_cfg1003,20.367996,20.345469,20.345468,0.1106,0.1106,adder_2=0DL adder_3=02E adder_5=0MH adder_7=0EM
sc_cfg1659,20.369002,26.973782,20.399637,32.4256,0.1504,mult_0=DAE mult_2=F6B mult_3=HGY mult_4=5FA mult_6=GPF mult_8=HGP adder_2=0AV adder_3=0Q7 adder_4=0MH adder_5=0AV
sc_cfg828,20.388267,21.786393,21.780596,6.8575,6.8291,mult_0=8VH mult_1=F6B mult_3=F6B mult_4=F6B mult_5=GPF mult_6=F6B mult_7=GPF mult_8=HGY adder_1=0M0 adder_3=073 adder_5=0EM adder_6=0GK
sc_cfg288,20.430208,20.422765,20.459586,0.0364,0.1438,mult_1=HGP mult_2=CK3 mult_4=GPF mult_5=5FA mult_6=F6B adder_1=0DL adder_5=0DL adder_6=073
sc_cfg1693,20.457041,20.636444,22.396996,0.8770,9.4831,mult_0=DAE mult_1=HGP mult_2=F6B mult_3=AQ1 mult_5=CK3 mult_6=CK3 adder_1=0EM adder_2=0DL adder_3=0MH adder_4=0GK adder_5=073 adder_6=02E
sc_cfg1585,20.471496,22.038663,20.364404,7.6554,0.5231,mult_0=8VH mult_1=GPF mult_2=F6B mult_5=AQ1 mult_7=HGY mult_8=GPF adder_0=0Q7 adder_1=0GK adder_3=0AV adder_4=0MH adder_5=02E adder_7=0GK
sc_cfg683,20.475380,20.501515,20.503046,0.1276,0.1351,mult_2=GPF mult_4=GPF mult_7=F6B mult_8=F6B adder_0=02E adder_2=0DL adder_3=0AV adder_4=073 adder_6=073 adder_7=0AV
sc_cfg315,20.483176,20.431356,20.427004,0.2530,0.2742,mult_0=CK3 mult_1=HGP mult_2=DAE mult_3=CK3 mult_4=5FA mult_7=GPF mult_8=CK3 adder_0=0Q7 adder_1=073 adder_2=02E adder_4=0EM adder_6=0AV
sc_cfg1372,20.504900,18.367214,20.642625,10.4252,0.6717,mult_1=5FA mult_5=8VH mult_6=HGY mult_7=AQ1 adder_1=073 adder_4=02E adder_6=02E adder_7=0Q7
sc_cfg1284,20.508972,20.524785,20.488691,0.0771,0.0989,mult_0=DAE mult_2=8VH mult_5=HGP mult_7=HGY adder_0=02E adder_4=0DL
sc_cfg444,20.529153,20.093527,20.327680,2.1220,0.9814,mult_1=5FA mult_2=DAE mult_5=8VH mult_6=HGY mult_7=5FA mult_8=AQ1 adder_0=0GK adder_1=0AV adder_2=0DL adder_3=073 adder_5=0DL adder_6=02E adder_7=0GK
sc_cfg636,20.576539,22.095755,21.473414,7.3832,4.3587,mult_0=AQ1 mult_1=CK3 mult_2=HGY mult_3=HGY mult_8=GPF adder_0=0MH adder_1=0GK adder_2=0M0 adder_5=0EM adder_6=0GK adder_7=0AV
sc_cfg107,20.601940,20.619640,20.611268,0.0859,0.0453,mult_4=HGP mult_5=HGP adder_0=0Q7 adder_1=073 adder_6=0M0
sc_cfg1044,20.606840,21.495993,20.555796,4.3148,0.2477,mult_0=HGY mult_3=5FA mult_5=F6B adder_5=0MH adder_7=073
sc_cfg1144,20.651552,20.637043,20.595800,0.0703,0.2700,mult_0=GPF mult_1=HGP mult_2=CK3 mult_3=8VH mult_4=5FA mult_6=F6B adder_0=02E adder_2=0DL adder_3=0EM adder_4=073 adder_5=0AV adder_6=0M0 adder_7=0M0
sc_cfg1588,20.674968,20.705510,20.685464,0.1477,0.0508,mult_2=CK3 mult_5=8VH adder_0=073 adder_1=0DL adder_3=02E adder_6=073
sc_cfg1401,20.681127,26.418342,19.735678,27.7413,4.5716,mult_0=8VH mult_1=HGY mult_3=CK3 mult_5=F6B adder_1=0DL adder_2=02E adder_3=02E adder_4=0MH adder_5=0Q7 adder_7=02E
sc_cfg625,20.688788,20.521130,20.206382,0.8104,2.3317,mult_0=HGY mult_1=DAE mult_3=HGP mult_4=DAE mult_5=AQ1 mult_6=HGY mult_7=8VH mult_8=GPF adder_2=0EM adder_4=0DL adder_6=0M0 adder_7=02E
sc_cfg231,20.756321,20.755314,20.755314,0.0049,0.0049,mult_2=AQ1 mult_4=HGP mult_6=F6B adder_3=073 adder_4=0MH
sc_cfg761,20.791683,20.734062,20.744806,0.2771,0.2255,mult_0=AQ1 mult_1=HGY mult_4=5FA mult_5=CK3 mult_7=CK3 adder_1=02E adder_3=0AV adder_6=0M0
sc_cfg815,20.807859,20.748336,20.816755,0.2861,0.0428,mult_1=AQ1 mult_3=GPF mult_5=GPF mult_6=AQ1 mult_8=8VH adder_4=0DL
sc_cfg1041,20.832893,21.588787,20.842608,3.6284,0.0466,mult_2=CK3 mult_4=HGP mult_7=HGY adder_2=0GK adder_5=0GK
sc_cfg1204,20.866430,20.865713,20.865713,0.0034,0.0034,mult_2=GPF mult_5=HGP mult_7=DAE adder_3=02E
sc_cfg1193,20.888970,20.924466,20.924656,0.1699,0.1708,mult_1=HGP mult_3=DAE mult_4=GPF mult_6=CK3 adder_6=0AV adder_7=0Q7
sc_cfg1471,20.911356,22.275275,20.914395,6.5224,0.0145,mult_1=5FA mult_7=HGP mult_8=HGY adder_0=0GK adder_2=0M0 adder_4=0M0 adder_5=0MH
sc_cfg9,20.927809,20.932290,20.930875,0.0214,0.0146,mult_0=CK3 mult_1=GPF mult_2=CK3 mult_3=CK3 mult_5=DAE adder_1=0GK adder_5=0Q7 adder_7=0Q7
sc_cfg1463,20.946805,20.960794,20.954423,0.0668,0.0364,mult_0=F6B mult_3=HGP mult_5=GPF adder_0=0AV adder_1=0Q7 adder_2=0DL adder_3=0EM adder_5=0M0
sc_cfg966,20.957655,20.956366,20.947917,0.0062,0.0465,mult_2=GPF mult_5=HGP mult_7=HGY mult_8=GPF adder_2=0Q7 adder_5=0M0
sc_cfg305,20.969975,20.983553,20.983553,0.0647,0.0647,mult_2=HGY mult_4=GPF mult_7=8VH
sc_cfg807,20.972932,27.399252,20.971908,30.6410,0.0049,mult_1=F6B mult_3=CK3 mult_6=HGP adder_1=073 adder_3=0EM adder_4=0MH
sc_cfg1635,20.977411,20.997754,20.997754,0.0970,0.0970,mult_0=5FA mult_1=F6B mult_2=HGY mult_3=5FA mult_4=8VH mult_7=DAE mult_8=HGY adder_0=0AV adder_3=0AV adder_7=0M0
sc_cfg513,20.998080,20.907272,20.987986,0.4325,0.0481,mult_3=5FA mult_6=DAE adder_1=02E adder_2=0MH adder_3=0M0 adder_4=0MH
sc_cfg527,21.001347,21.020474,21.020474,0.0911,0.0911,mult_1=HGP mult_3=8VH mult_6=CK3 mult_8=HGP adder_7=0AV
sc_cfg674,21.004287,20.992451,20.990157,0.0564,0.0673,mult_0=AQ1 mult_1=HGY mult_4=F6B mult_5=F6B mult_6=CK3 adder_0=02E adder_1=0MH adder_3=0DL adder_6=0EM adder_7=0M0
sc_cfg1420,21.020885,20.994005,20.993171,0.1279,0.1318,mult_3=8VH mult_6=CK3 mult_7=HGY mult_8=8VH adder_0=02E adder_1=0EM adder_4=0AV adder_5=0AV adder_7=0M0
sc_cfg153,21.028874,21.013497,21.015420,0.0731,0.0640,mult_1=HGP mult_2=HGP mult_3=DAE mult_5=CK3 mult_8=F6B adder_0=0AV adder_1=0M0 adder_3=0M0 adder_5=0DL adder_6=0M0
sc_cfg589,21.034595,20.988454,20.988454,0.2194,0.2194,mult_1=DAE mult_2=5FA mult_3=8VH mult_6=CK3 mult_7=8VH adder_2=02E
sc_cfg137,21.041632,21.056588,21.056174,0.0711,0.0691,mult_0=DAE mult_1=8VH mult_2=5FA mult_4=CK3 mult_6=CK3 mult_8=5FA adder_0=0EM adder_1=0AV adder_2=0GK adder_3=0EM adder_5=0AV adder_7=0M0
sc_cfg1295,21.057768,21.051300,21.051300,0.0307,0.0307,mult_4=GPF adder_4=0MH
sc_cfg113,21.058094,21.032527,21.053772,0.1214,0.0205,mult_0=5FA mult_4=8VH mult_5=DAE mult_7=DAE mult_8=5FA adder_3=0DL adder_4=0MH adder_7=0M0
sc_cfg1206,21.071019,23.401110,21.044283,11.0583,0.1269,mult_0=GPF mult_4=F6B mult_7=HGP adder_1=0EM adder_2=0GK adder_3=0DL adder_5=0MH adder_6=0M0
sc_cfg241,21.077707,21.110736,21.067277,0.1567,0.0495,mult_1=5FA mult_2=HGP mult_3=HGP mult_4=F6B mult_6=DAE mult_7=F6B mult_8=8VH adder_0=0AV adder_1=073 adder_3=0AV adder_5=073 adder_6=0AV
sc_cfg747,21.099124,18.021043,19.239100,14.5887,8.8156,mult_0=DAE mult_1=AQ1 mult_2=8VH mult_3=AQ1 mult_4=5FA mult_6=5FA mult_8=5FA adder_0=073 adder_2=02E adder_4=02E adder_7=0MH
sc_cfg848,21.153290,21.132694,21.133867,0.0974,0.0918,mult_0=AQ1 mult_5=GPF mult_7=DAE mult_8=F6B adder_1=0EM adder_3=0DL adder_4=0MH adder_5=0EM adder_7=0Q7
sc_cfg1497,21.235160,21.294005,21.251775,0.2771,0.0782,mult_0=8VH mult_3=AQ1 mult_4=CK3 mult_6=5FA adder_0=0Q7 adder_1=0MH adder_3=0DL adder_5=0GK
sc_cfg789,21.257923,21.266529,21.266526,0.0405,0.0405,mult_1=CK3 mult_2=DAE adder_4=0AV adder_5=0MH
sc_cfg1165,21.260790,21.269302,21.269302,0.0400,0.0400,mult_0=5FA mult_1=CK3 adder_2=0Q7 adder_5=0MH
sc_cfg1251,21.316305,24.453289,21.334972,14.7164,0.0876,mult_1=F6B mult_6=HGY mult_8=AQ1 adder_4=0DL adder_5=0MH adder_7=0AV
sc_cfg64,21.316381,21.339981,21.342668,0.1107,0.1233,mult_0=5FA mult_2=GPF mult_4=CK3 mult_5=5FA mult_6=AQ1 mult_7=AQ1 mult_8=8VH adder_1=0MH adder_2=0DL adder_3=0EM adder_4=0M0 adder_6=0AV
sc_cfg36,21.347081,21.329006,21.314193,0.0847,0.1541,mult_1=AQ1 mult_2=AQ1 mult_3=CK3 mult_5=8VH mult_8=8VH adder_1=0M0 adder_2=073 adder_4=0Q7 adder_5=0DL adder_7=0GK
sc_cfg1015,21.356284,22.094027,21.410453,3.4545,0.2536,mult_1=CK3 mult_6=5FA mult_7=F6B adder_4=0EM adder_5=0MH adder_7=02E
sc_cfg861,21.359978,21.300070,21.300070,0.2805,0.2805,mult_0=8VH mult_2=GPF mult_3=CK3 mult_4=AQ1 mult_8=CK3 adder_0=02E adder_1=0EM adder_2=02E adder_3=0EM adder_5=0GK
sc_cfg118,21.414252,21.440495,21.440440,0.1225,0.1223,mult_0=HGP mult_2=5FA mult_4=8VH mult_6=HGY mult_8=F6B adder_1=0M0 adder_2=0AV adder_3=02E adder_6=0AV
sc_cfg1112,21.434474,17.337228,18.940077,19.1152,11.6373,mult_0=DAE mult_1=HGY mult_2=DAE mult_3=HGY mult_6=8VH mult_8=DAE adder_1=0Q7 adder_2=073 adder_3=0EM adder_4=0EM adder_5=0GK adder_6=0GK adder_7=0MH
sc_cfg475,21.438087,21.533618,21.487127,0.4456,0.2287,mult_0=CK3 mult_1=5FA mult_2=F6B mult_3=F6B mult_4=HGY mult_5=F6B mult_8=CK3 adder_1=073 adder_3=0MH adder_4=0EM adder_5=073 adder_6=073 adder_7=0AV
sc_cfg1655,21.444322,21.456353,21.456353,0.0561,0.0561,mult_0=HGP mult_2=AQ1 mult_3=5FA mult_4=8VH mult_7=GPF adder_2=0AV adder_3=0MH
sc_cfg917,21.482447,21.761994,21.503733,1.3013,0.0991,mult_0=HGY mult_1=HGY mult_2=DAE mult_4=AQ1 mult_5=8VH mult_6=8VH mult_8=HGP adder_2=0GK adder_3=0MH adder_4=073 adder_5=0DL adder_7=0DL
sc_cfg1128,21.490328,22.127083,21.485489,2.9630,0.0225,mult_0=HGY mult_1=DAE mult_2=AQ1 mult_4=HGP mult_5=AQ1 adder_0=0M0 adder_2=0GK adder_4=0MH adder_5=0DL adder_6=0EM adder_7=0M0
sc_cfg1633,21.491092,20.583102,20.722950,4.2250,3.5742,mult_2=F6B mult_3=8VH mult_4=5FA mult_5=HGP mult_6=F6B mult_7=CK3 adder_1=02E adder_2=0M0 adder_3=0EM adder_4=0GK adder_5=0GK adder_6=0EM adder_7=0GK
sc_cfg722,21.639530,31.334006,20.983946,44.7998,3.0296,mult_0=HGP mult_1=HGP mult_2=AQ1 mult_3=HGP mult_4=DAE mult_6=8VH mult_8=AQ1 adder_0=0MH adder_1=0AV adder_2=0GK adder_3=02E adder_4=0MH adder_6=02E
sc_cfg741,21.675921,18.601407,21.317448,14.1840,1.6538,mult_0=8VH mult_1=F6B mult_4=DAE mult_6=HGP mult_7=GPF mult_8=DAE adder_0=02E adder_1=0EM adder_4=0Q7 adder_5=0AV adder_6=02E adder_7=02E
sc_cfg780,21.676911,19.620478,19.622371,9.4867,9.4780,mult_1=DAE mult_4=8VH mult_5=8VH adder_0=0M0 adder_1=0Q7 adder_2=0GK adder_3=0M0 adder_4=0M0 adder_5=0M0 adder_7=0MH
sc_cfg810,21.688282,24.886411,21.697125,14.7459,0.0408,mult_0=GPF mult_6=8VH mult_8=HGP adder_0=0GK adder_5=0MH
sc_cfg354,21.705691,22.797811,21.763237,5.0315,0.2651,mult_0=HGY mult_3=AQ1 mult_4=GPF mult_5=GPF mult_6=5FA mult_7=AQ1 mult_8=GPF adder_2=02E adder_4=02E adder_5=073 adder_6=073
sc_cfg1254,21.717343,21.675275,21.676709,0.1937,0.1871,mult_3=AQ1 mult_5=DAE adder_0=0M0 adder_6=0MH
sc_cfg648,21.722942,25.637922,21.707593,18.0223,0.0707,mult_0=5FA mult_1=F6B mult_2=CK3 mult_4=8VH mult_8=CK3 adder_1=02E adder_2=0M0 adder_4=02E adder_7=0Q7
sc_cfg451,21.724864,22.311344,21.991986,2.6996,1.2296,mult_0=AQ1 mult_1=AQ1 mult_2=CK3 mult_3=CK3 mult_4=DAE mult_7=CK3 adder_0=0MH adder_1=0AV adder_2=02E adder_3=02E adder_4=0M0 adder_5=0Q7 adder_6=0GK
sc_cfg170,21.728234,21.708124,21.713434,0.0926,0.0681,mult_3=5FA mult_5=AQ1 adder_2=0M0 adder_5=0EM adder_6=0MH
sc_cfg655,21.737789,17.840033,22.722232,17.9308,4.5287,mult_0=AQ1 mult_5=F6B mult_6=F6B adder_0=0AV adder_1=0AV adder_2=02E adder_5=02E adder_6=0EM adder_7=0MH
sc_cfg1667,21.737878,21.709192,21.750445,0.1320,0.0578,mult_0=5FA adder_2=0Q7 adder_3=0DL adder_4=0DL adder_5=0DL adder_6=0MH
sc_cfg1537,21.739707,21.695553,21.695856,0.2031,0.2017,mult_1=HGY mult_3=CK3 mult_5=HGY mult_8=5FA adder_2=02E adder_6=0Q7 adder_7=0AV
sc_cfg177,21.753177,22.349879,22.212494,2.7431,2.1115,mult_2=GPF mult_3=5FA mult_5=AQ1 mult_6=GPF mult_7=AQ1 mult_8=GPF adder_0=02E adder_1=0EM adder_3=0AV adder_4=0MH adder_5=0Q7 adder_6=0GK adder_7=02E
sc_cfg264,21.754763,21.720936,21.721426,0.1555,0.1532,adder_3=0Q7 adder_6=0MH
sc_cfg311,21.817557,22.047461,21.841412,1.0538,0.1093,mult_0=HGY mult_1=8VH mult_3=AQ1 mult_4=CK3 mult_8=5FA adder_0=0M0 adder_1=0M0 adder_2=0MH adder_3=0MH adder_4=0DL adder_6=0EM adder_7=0AV
sc_cfg373,21.819301,16.666347,21.844126,23.6165,0.1138,mult_0=5FA mult_3=HGY mult_5=DAE mult_6=HGY mult_7=AQ1 mult_8=AQ1 adder_0=0Q7 adder_3=0GK adder_4=02E adder_5=073
sc_cfg1403,21.834670,22.443034,21.883813,2.7862,0.2251,mult_2=DAE mult_3=DAE mult_4=GPF mult_6=HGP mult_7=CK3 mult_8=GPF adder_1=0EM adder_2=0GK adder_3=0M0 adder_4=0M0 adder_5=0GK adder_6=073
sc_cfg830,21.848056,21.747244,21.747932,0.4614,0.4583,mult_0=F6B mult_1=GPF mult_5=GPF mult_6=5FA mult_8=5FA adder_0=0DL adder_1=0MH adder_2=02E adder_3=0EM adder_6=0M0
sc_cfg1609,21.851380,21.736686,22.126902,0.5249,1.2609,mult_0=DAE mult_4=GPF mult_6=8VH mult_7=CK3 adder_1=0DL adder_4=0Q7 adder_5=0DL adder_6=0GK
sc_cfg360,21.898017,21.917758,21.912014,0.0901,0.0639,mult_3=GPF mult_5=F6B mult_6=CK3 adder_0=0M0 adder_1=02E adder_2=073 adder_6=073
sc_cfg1695,21.907144,21.925494,21.940410,0.0838,0.1519,mult_2=DAE mult_3=F6B mult_5=CK3 adder_2=0MH adder_4=0M0
sc_cfg956,21.910285,21.331212,21.324468,2.6429,2.6737,mult_0=8VH mult_1=8VH mult_2=GPF mult_3=AQ1 mult_4=CK3 mult_7=5FA mult_8=8VH adder_1=0M0 adder_2=0EM adder_4=0M0 adder_5=073 adder_7=02E
sc_cfg429,21.942264,21.902477,21.902477,0.1813,0.1813,mult_0=GPF mult_1=AQ1 mult_2=GPF mult_3=DAE mult_5=GPF mult_7=HGP adder_0=02E adder_3=073 adder_7=0M0
sc_cfg874,21.946175,21.987858,21.978035,0.1899,0.1452,mult_0=HGY mult_3=8VH mult_4=8VH mult_6=AQ1 adder_4=0Q7
sc_cfg858,21.950177,21.983519,21.980705,0.1519,0.1391,mult_0=GPF mult_1=5FA mult_4=HGY mult_5=CK3 adder_5=0Q7
sc_cfg1690,21.966623,21.981592,21.964480,0.0681,0.0098,mult_0=8VH mult_1=5FA mult_3=HGP mult_4=AQ1 mult_5=CK3 mult_6=DAE mult_8=CK3 adder_0=0AV adder_1=0AV adder_2=0M0 adder_5=0M0 adder_6=0M0 adder_7=0M0
sc_cfg259,21.978363,24.080201,21.920227,9.5632,0.2645,mult_2=CK3 mult_3=5FA mult_6=CK3 mult_7=CK3 mult_8=HGY adder_1=02E adder_2=02E adder_4=02E adder_5=0DL adder_6=0EM adder_7=0AV
sc_cfg195,21.984068,21.998804,22.006879,0.0670,0.1038,mult_2=DAE mult_4=8VH mult_8=F6B adder_1=0MH adder_3=0Q7 adder_6=0GK
sc_cfg1313,21.993807,21.975812,21.975795,0.0818,0.0819,mult_4=HGP mult_6=CK3 mult_7=GPF adder_6=0M0 adder_7=0GK
sc_cfg385,22.007488,22.790405,22.794326,3.5575,3.5753,mult_0=8VH mult_1=5FA mult_2=HGY mult_4=F6B adder_0=02E adder_1=0M0 adder_2=0MH adder_3=0Q7 adder_5=0Q7 adder_6=0GK adder_7=0M0
sc_cfg654,22.017821,26.180879,22.016125,18.9077,0.0077,mult_0=HGP mult_4=F6B mult_6=HGY mult_8=F6B adder_1=073 adder_2=0EM adder_3=0AV adder_4=02E adder_5=0MH
sc_cfg327,22.034999,23.443486,21.999769,6.3920,0.1599,mult_2=GPF mult_5=CK3 mult_6=HGY mult_7=AQ1 mult_8=5FA adder_0=0MH adder_2=0Q7 adder_4=0AV adder_5=02E adder_6=0DL
sc_cfg1326,22.054385,21.715045,21.702593,1.5387,1.5951,mult_1=HGY mult_2=HGP mult_3=8VH mult_8=DAE adder_1=02E adder_3=0MH adder_4=0M0 adder_5=0Q7 adder_7=02E
sc_cfg478,22.104545,26.835807,22.042806,21.4040,0.2793,mult_0=DAE mult_3=HGP mult_5=5FA mult_6=GPF mult_7=AQ1 adder_1=0AV adder_2=02E adder_4=0MH adder_6=0EM
sc_cfg1393,22.107012,19.331974,21.915909,12.5528,0.8644,mult_0=HGP mult_4=HGP mult_6=F6B mult_8=GPF adder_0=02E adder_1=0M0 adder_3=0EM adder_6=02E adder_7=02E
sc_cfg886,22.127414,24.774535,23.008340,11.9631,3.9812,mult_0=GPF mult_1=F6B mult_3=AQ1 mult_4=F6B mult_5=8VH mult_6=F6B mult_7=HGP mult_8=CK3 adder_1=0GK adder_3=02E adder_4=0MH adder_6=0GK
sc_cfg499,22.139696,23.278829,22.003982,5.1452,0.6130,mult_2=F6B mult_3=CK3 mult_6=F6B adder_1=073 adder_2=02E adder_5=0MH adder_6=0GK adder_7=073
sc_cfg1247,22.198331,22.249546,22.209914,0.2307,0.0522,mult_0=AQ1 mult_2=F6B mult_3=CK3 mult_4=GPF mult_7=HGY adder_0=0MH adder_2=0Q7 adder_4=073 adder_6=0AV adder_7=0AV
sc_cfg1522,22.232194,24.532434,22.195666,10.3464,0.1643,mult_1=CK3 mult_5=HGY adder_3=0Q7 adder_4=0MH adder_5=0M0 adder_7=0GK
sc_cfg865,22.258552,22.135274,22.367173,0.5538,0.4880,mult_1=8VH mult_2=HGP mult_6=8VH mult_7=8VH mult_8=GPF adder_1=073 adder_5=0GK adder_6=0DL
sc_cfg80,22.266126,23.487700,23.488463,5.4862,5.4897,mult_1=8VH mult_2=5FA mult_3=DAE mult_5=DAE mult_6=AQ1 mult_8=F6B adder_1=0DL adder_2=073 adder_3=0EM adder_4=0DL adder_6=0MH adder_7=02E
sc_cfg577,22.266369,22.297096,22.297142,0.1380,0.1382,mult_1=8VH mult_2=HGY mult_4=HGY mult_8=HGP adder_3=0AV adder_5=0Q7
sc_cfg1525,22.282917,22.277968,22.277982,0.0222,0.0221,mult_0=F6B mult_3=5FA mult_5=HGY mult_6=CK3 mult_7=8VH mult_8=HGY adder_1=0M0 adder_3=0AV adder_4=0EM adder_7=0EM
sc_cfg1584,22.311808,22.296923,22.296923,0.0667,0.0667,mult_2=5FA mult_3=HGP mult_4=GPF mult_6=F6B mult_8=GPF adder_0=02E adder_1=073 adder_7=0GK
sc_cfg918,22.365271,22.085662,22.305365,1.2502,0.2679,mult_1=8VH mult_2=8VH mult_3=5FA mult_4=5FA mult_5=AQ1 mult_6=HGY mult_7=8VH mult_8=F6B adder_0=073 adder_1=0Q7 adder_3=0DL adder_4=0Q7 adder_5=0DL adder_7=0GK
sc_cfg8,22.405977,22.687744,22.664919,1.2576,1.1557,mult_0=GPF mult_1=5FA mult_4=AQ1 mult_5=CK3 mult_6=GPF mult_7=F6B mult_8=GPF adder_0=02E adder_1=0AV adder_2=0DL adder_3=073 adder_4=0Q7 adder_5=0EM adder_6=0GK
sc_cfg1248,22.420571,23.861487,23.860607,6.4268,6.4228,mult_0=CK3 mult_3=F6B mult_7=AQ1 adder_4=0AV adder_6=0MH
sc_cfg60,22.456591,24.278192,24.504816,8.1117,9.1208,mult_0=GPF mult_3=AQ1 mult_4=GPF mult_5=F6B mult_6=HGP mult_7=AQ1 mult_8=8VH adder_0=0AV adder_2=0DL adder_4=073 adder_5=0Q7 adder_6=02E adder_7=0DL
sc_cfg1249,22.476995,32.649362,22.499118,45.2568,0.0984,mult_2=DAE mult_3=DAE mult_4=HGP mult_5=GPF mult_6=F6B mult_7=GPF adder_0=0Q7 adder_2=0MH adder_3=0AV adder_4=0Q7 adder_5=0MH adder_6=0AV
sc_cfg1308,22.477097,22.444110,22.458213,0.1468,0.0840,mult_8=8VH adder_0=0AV adder_3=0M0 adder_5=0AV adder_6=0MH
sc_cfg1632,22.496245,22.522714,22.496700,0.1177,0.0020,mult_0=AQ1 mult_1=5FA mult_4=DAE mult_5=GPF mult_6=F6B mult_7=CK3 mult_8=F6B adder_0=0AV adder_1=0EM adder_2=0MH adder_3=0DL adder_5=073 adder_7=02E
sc_cfg790,22.507780,22.257344,22.785979,1.1127,1.2360,mult_1=HGY mult_2=HGP mult_6=8VH mult_7=HGY mult_8=8VH adder_0=0DL adder_1=0Q7 adder_2=0GK adder_3=0AV adder_4=0AV adder_5=0GK adder_6=0GK adder_7=0M0
sc_cfg1385,22.525654,22.535308,22.534106,0.0429,0.0375,mult_1=HGY mult_5=CK3 mult_8=5FA adder_0=0EM adder_1=0MH adder_2=0GK adder_3=0AV adder_6=0GK
sc_cfg256,22.545613,22.440700,22.578860,0.4653,0.1475,mult_0=AQ1 mult_4=8VH mult_5=HGY mult_6=5FA adder_5=02E
sc_cfg335,22.557305,21.158964,22.635042,6.1991,0.3446,mult_3=DAE mult_7=HGP adder_4=02E adder_6=0MH
sc_cfg1056,22.575034,23.707097,22.595774,5.0147,0.0919,mult_1=DAE mult_3=8VH mult_4=CK3 mult_5=DAE mult_6=F6B mult_7=F6B adder_1=0AV adder_2=0MH adder_3=0EM adder_4=0Q7 adder_5=0GK adder_7=0Q7
sc_cfg76,22.579287,26.144695,22.602178,15.7906,0.1014,mult_3=DAE mult_4=GPF adder_1=0DL adder_3=0EM adder_5=0MH
sc_cfg522,22.591971,22.579207,22.579277,0.0565,0.0562,mult_0=F6B mult_5=GPF mult_7=8VH mult_8=AQ1 adder_1=0MH adder_4=073
sc_cfg1547,22.615601,22.210472,22.126311,1.7914,2.1635,mult_0=GPF mult_4=GPF mult_5=CK3 mult_7=F6B adder_0=0EM adder_4=0Q7 adder_5=0M0 adder_7=02E
sc_cfg1097,22.648328,24.129130,24.148666,6.5382,6.6245,mult_1=8VH mult_2=HGY mult_3=HGP mult_4=F6B mult_5=5FA mult_7=F6B mult_8=AQ1 adder_0=0MH adder_3=0M0 adder_4=0AV adder_5=073 adder_6=0GK adder_7=0Q7
sc_cfg329,22.667931,23.180014,22.656657,2.2591,0.0497,mult_1=AQ1 mult_3=HGP mult_4=8VH mult_8=8VH adder_0=0EM adder_1=0M0 adder_2=0Q7 adder_6=0DL adder_7=0GK
sc_cfg1696,22.668947,22.722195,22.718312,0.2349,0.2178,mult_1=HGP mult_2=AQ1 mult_4=HGY mult_6=8VH mult_8=GPF adder_0=0EM adder_1=0GK adder_2=0Q7 adder_3=0M0 adder_5=0EM
sc_cfg285,22.675855,22.730170,22.724147,0.2395,0.2130,mult_1=DAE mult_3=F6B mult_4=HGP mult_5=CK3 adder_4=0M0 adder_6=0GK adder_7=0AV
sc_cfg30,22.761714,18.830636,23.223205,17.2706,2.0275,mult_0=F6B mult_1=HGP mult_2=AQ1 mult_3=HGY mult_4=5FA mult_5=DAE mult_7=HGP mult_8=AQ1 adder_0=0MH adder_1=0AV adder_2=0Q7 adder_3=0M0 adder_4=02E adder_5=0EM adder_6=02E adder_7=0M0
sc_cfg765,22.786462,22.835929,22.794953,0.2171,0.0373,mult_1=8VH mult_2=8VH mult_3=HGY mult_7=HGP adder_0=0EM adder_4=073 adder_5=073 adder_6=0DL
sc_cfg1177,22.799157,22.718361,23.047935,0.3544,1.0912,mult_0=CK3 mult_6=5FA adder_0=0DL adder_2=0M0 adder_3=0EM adder_4=0DL adder_6=0MH adder_7=0GK
sc_cfg672,22.805459,22.857103,22.818570,0.2265,0.0575,mult_1=CK3 mult_3=GPF mult_6=GPF mult_8=GPF adder_4=073 adder_5=0M0 adder_6=02E
sc_cfg154,22.850284,22.894638,22.891993,0.1941,0.1825,mult_0=HGY mult_3=GPF mult_4=8VH mult_6=5FA mult_8=HGY adder_1=073 adder_2=0DL adder_3=0Q7 adder_5=0EM adder_6=073
sc_cfg843,22.852261,22.853376,22.845490,0.0049,0.0296,mult_0=F6B mult_1=GPF mult_2=HGY mult_3=GPF mult_4=F6B mult_5=AQ1 mult_7=DAE adder_5=0M0 adder_7=0EM
sc_cfg435,22.860455,24.765359,23.048549,8.3327,0.8228,mult_0=8VH mult_1=F6B mult_5=CK3 mult_6=AQ1 mult_7=HGP mult_8=GPF adder_0=073 adder_2=073 adder_4=0MH adder_6=0M0 adder_7=02E
sc_cfg1012,22.910571,24.435665,24.355303,6.6567,6.3060,mult_0=8VH mult_2=DAE mult_3=DAE mult_4=HGP mult_6=CK3 mult_7=HGY mult_8=DAE adder_0=0AV adder_1=0Q7 adder_2=0Q7 adder_3=02E adder_4=0EM adder_5=0DL adder_6=02E
sc_cfg1453,22.924916,23.096083,22.900019,0.7466,0.1086,mult_0=F6B mult_2=CK3 mult_5=GPF mult_7=HGY mult_8=HGY adder_0=0GK adder_1=02E adder_5=0GK adder_6=0M0
sc_cfg1278,22.936795,22.926159,22.926826,0.0464,0.0435,mult_1=GPF mult_3=F6B mult_4=GPF mult_8=5FA adder_0=0EM adder_1=0MH adder_3=073 adder_4=0Q7 adder_5=0DL adder_6=073 adder_7=0GK
sc_cfg96,22.950711,25.982889,22.930218,13.2117,0.0893,mult_2=CK3 mult_5=HGY adder_0=0M0 adder_2=0DL adder_3=0M0 adder_4=0MH adder_5=0Q7 adder_6=0DL
sc_cfg549,22.963846,23.370061,23.000862,1.7689,0.1612,mult_0=DAE mult_1=GPF mult_3=DAE mult_4=CK3 mult_5=F6B mult_6=8VH mult_8=AQ1 adder_0=0EM adder_1=0DL adder_2=0Q7 adder_3=0AV adder_4=0DL adder_5=073 adder_7=0Q7
sc_cfg1010,22.966333,23.066002,23.000859,0.4340,0.1503,mult_0=DAE mult_1=DAE mult_2=AQ1 mult_4=HGY mult_5=F6B mult_6=HGP mult_8=8VH adder_0=0Q7 adder_2=0DL adder_3=02E adder_5=0M0 adder_6=0AV adder_7=0DL
sc_cfg237,22.975452,23.406605,22.976296,1.8766,0.0037,mult_2=CK3 mult_6=F6B mult_8=8VH adder_0=0MH adder_2=0M0 adder_5=0MH
sc_cfg1660,23.051004,23.415065,23.104309,1.5794,0.2313,mult_0=HGY mult_2=F6B mult_5=CK3 mult_7=F6B mult_8=F6B adder_1=073 adder_2=0MH adder_3=0GK adder_4=0AV adder_5=0DL adder_6=073 adder_7=073
sc_cfg372,23.051130,23.990042,23.538149,4.0732,2.1128,mult_3=5FA mult_5=HGY mult_6=CK3 mult_8=CK3 adder_1=0DL adder_3=0MH adder_4=0MH adder_6=02E
sc_cfg456,23.051902,23.040449,23.063772,0.0497,0.0515,mult_0=F6B mult_1=GPF mult_3=F6B mult_5=HGP mult_7=5FA mult_8=HGP adder_0=0M0 adder_1=0DL adder_3=02E adder_4=0M0 adder_5=0GK adder_6=0M0
sc_cfg1286,23.060863,19.236656,19.952937,16.5831,13.4771,mult_3=CK3 mult_5=GPF mult_7=F6B adder_0=0EM adder_6=0GK adder_7=0MH
sc_cfg246,23.078813,23.759346,23.967088,2.9487,3.8489,mult_0=5FA mult_1=CK3 mult_2=8VH mult_4=HGP mult_8=F6B adder_1=0M0 adder_2=0Q7 adder_3=0EM adder_4=0Q7 adder_5=0GK adder_6=02E adder_7=0AV
sc_cfg1524,23.088270,22.999415,22.984642,0.3849,0.4488,mult_0=GPF mult_1=8VH mult_3=AQ1 mult_4=F6B mult_5=HGY mult_6=AQ1 mult_7=8VH mult_8=AQ1 adder_1=0Q7 adder_2=0M0 adder_3=02E adder_4=0EM adder_5=0M0 adder_6=0M0 adder_7=0Q7
sc_cfg1466,23.105943,24.355099,24.240290,5.4062,4.9093,mult_2=HGY mult_4=HGY adder_0=073 adder_1=02E adder_2=0Q7 adder_3=0GK adder_4=02E adder_5=0M0 adder_6=02E adder_7=0M0
sc_cfg166,23.106485,23.563098,23.356016,1.9761,1.0799,mult_0=AQ1 mult_1=HGP mult_2=F6B mult_3=HGY mult_4=F6B mult_5=DAE mult_7=AQ1 mult_8=HGY adder_0=0MH adder_1=073 adder_2=02E adder_3=0DL adder_4=0M0 adder_5=0MH adder_6=02E adder_7=0M0
sc_cfg130,23.119320,24.149580,23.016668,4.4563,0.4440,mult_0=HGY mult_2=DAE mult_4=GPF mult_7=F6B adder_1=073 adder_2=0M0 adder_3=0GK adder_4=0MH adder_5=0AV adder_6=0M0 adder_7=0GK
sc_cfg669,23.145512,23.144707,23.144707,0.0035,0.0035,mult_0=8VH mult_1=AQ1 mult_3=HGP mult_4=8VH mult_7=CK3 adder_0=0MH
sc_cfg26,23.146018,23.118726,23.118726,0.1179,0.1179,mult_2=HGY mult_5=CK3 mult_6=8VH adder_0=0M0 adder_1=02E adder_2=0AV adder_3=0AV adder_7=073
sc_cfg1456,23.146459,23.900867,24.110428,3.2593,4.1647,mult_1=HGP mult_2=HGP mult_4=CK3 mult_8=GPF adder_0=0M0 adder_3=0EM adder_4=0EM adder_5=0GK adder_6=02E
sc_cfg132,23.154338,23.151272,23.149313,0.0132,0.0217,mult_2=GPF adder_1=073 adder_3=0M0 adder_4=0EM adder_5=0MH
sc_cfg220,23.155301,23.155971,23.155339,0.0029,0.0002,mult_2=HGP mult_5=5FA adder_1=073 adder_3=0Q7 adder_4=0Q7 adder_5=0MH
sc_cfg1348,23.158917,21.441012,23.156934,7.4179,0.0086,mult_6=5FA mult_7=GPF adder_0=073 adder_1=073 adder_3=02E adder_5=0MH adder_7=0Q7
sc_cfg909,23.192289,25.463532,23.191958,9.7931,0.0014,mult_6=GPF mult_7=HGP adder_1=0EM adder_5=0MH
sc_cfg436,23.209340,23.074063,23.251966,0.5829,0.1837,mult_0=AQ1 mult_2=F6B mult_3=AQ1 mult_4=HGP mult_6=CK3 mult_7=8VH mult_8=HGY adder_0=0GK adder_1=0AV adder_5=0GK adder_6=073 adder_7=0DL
sc_cfg197,23.222240,23.233881,23.232017,0.0501,0.0421,mult_1=5FA mult_4=HGP mult_6=AQ1 mult_7=5FA adder_0=0M0 adder_1=0M0 adder_2=0MH adder_3=0Q7 adder_4=0MH adder_6=073 adder_7=0Q7
sc_cfg622,23.227302,23.260418,23.260410,0.1426,0.1425,mult_0=HGP mult_3=CK3 mult_4=GPF mult_8=GPF adder_0=0EM adder_2=0AV adder_4=0AV adder_6=073
sc_cfg304,23.286961,23.854622,23.317257,2.4377,0.1301,mult_0=CK3 mult_1=CK3 mult_2=DAE mult_3=5FA mult_4=HGP mult_5=AQ1 mult_6=5FA mult_7=DAE mult_8=8VH adder_2=0MH adder_3=02E adder_5=02E
sc_cfg1419,23.300946,23.083609,24.441689,0.9327,4.8957,mult_2=CK3 mult_3=CK3 mult_5=HGY mult_7=GPF adder_1=02E adder_2=073 adder_3=0M0 adder_4=073 adder_6=02E adder_7=0MH
sc_cfg855,23.301393,24.598966,24.562465,5.5687,5.4120,mult_0=5FA mult_2=8VH mult_3=CK3 mult_5=AQ1 mult_6=HGY mult_7=DAE mult_8=5FA adder_0=0DL adder_6=02E adder_7=0Q7
sc_cfg441,23.309514,22.985721,23.329300,1.3891,0.0849,mult_0=GPF mult_1=GPF mult_2=AQ1 mult_5=HGY mult_6=CK3 mult_7=F6B mult_8=8VH adder_0=0MH adder_1=0DL adder_2=0Q7 adder_3=0GK adder_4=0AV adder_5=0GK adder_6=0EM adder_7=0EM
sc_cfg401,23.342191,23.691315,23.829979,1.4957,2.0897,mult_1=HGY adder_0=0AV adder_2=0DL adder_6=0MH adder_7=0Q7
sc_cfg1686,23.351381,25.638569,23.344221,9.7947,0.0307,mult_0=HGP mult_1=GPF mult_2=HGP mult_4=DAE mult_5=CK3 mult_7=CK3 mult_8=GPF adder_0=073 adder_1=0DL adder_2=073 adder_3=0M0 adder_4=0GK adder_5=0EM
sc_cfg242,23.395180,23.787548,23.396425,1.6771,0.0053,mult_0=GPF mult_1=HGP mult_2=HGP mult_3=DAE mult_4=DAE mult_5=AQ1 mult_6=DAE mult_7=CK3 adder_0=0DL adder_1=02E adder_2=02E adder_3=0EM adder_4=0GK adder_5=0MH adder_7=0EM
sc_cfg277,23.405721,23.336394,23.336324,0.2962,0.2965,mult_0=HGP mult_1=8VH mult_3=GPF mult_4=AQ1 mult_6=8VH adder_0=0MH adder_1=073 adder_2=02E adder_3=0GK adder_4=0AV adder_6=0AV adder_7=0GK
sc_cfg1598,23.509634,24.366099,24.430787,3.6430,3.9182,mult_0=GPF mult_1=HGY mult_2=GPF mult_6=CK3 mult_7=8VH mult_8=HGP adder_0=0GK adder_2=0M0 adder_4=0Q7 adder_5=0M0 adder_6=02E adder_7=0EM
sc_cfg709,23.520127,24.961942,23.535548,6.1301,0.0656,mult_0=F6B mult_3=AQ1 mult_4=HGP mult_5=8VH mult_7=8VH mult_8=AQ1 adder_1=0M0 adder_2=0M0 adder_4=0DL adder_5=0GK
sc_cfg434,23.545782,23.984916,23.603145,1.8650,0.2436,mult_0=DAE mult_1=HGY mult_2=HGP mult_4=5FA mult_5=F6B mult_6=CK3 mult_7=8VH mult_8=F6B adder_0=0AV adder_1=0M0 adder_2=0DL adder_4=0DL adder_5=073 adder_6=0M0
sc_cfg272,23.548194,24.280563,23.507752,3.1101,0.1717,mult_0=F6B mult_2=DAE mult_4=HGP mult_6=8VH mult_7=DAE adder_1=02E adder_2=0Q7 adder_3=073 adder_4=0GK adder_5=02E adder_7=073
sc_cfg1574,23.556611,23.577306,23.568127,0.0879,0.0489,mult_4=CK3 mult_6=DAE mult_7=8VH mult_8=CK3 adder_0=073 adder_1=0MH adder_2=0DL adder_6=0DL adder_7=0EM
sc_cfg1355,23.598514,22.581793,23.567928,4.3084,0.1296,mult_0=CK3 mult_1=HGY mult_2=DAE mult_3=AQ1 mult_6=5FA mult_7=8VH mult_8=GPF adder_1=0AV adder_2=0MH adder_4=0AV adder_5=073 adder_6=0GK adder_7=0GK
sc_cfg974,23.700024,19.979519,20.248672,15.6983,14.5626,mult_0=AQ1 mult_1=HGY mult_5=HGP mult_8=F6B adder_1=02E adder_2=0DL adder_3=0DL adder_4=0Q7 adder_5=0M0 adder_6=0GK adder_7=0MH
sc_cfg328,23.708070,26.227868,23.767162,10.6284,0.2492,mult_1=CK3 mult_4=HGP mult_5=GPF mult_7=GPF adder_0=0Q7 adder_3=073 adder_4=02E adder_6=0GK
sc_cfg824,23.734444,24.025113,23.748093,1.2247,0.0575,mult_0=5FA mult_1=CK3 mult_3=GPF mult_4=F6B mult_5=F6B mult_6=GPF mult_7=5FA mult_8=AQ1 adder_0=0DL adder_2=0DL adder_3=0EM adder_5=0DL adder_7=0DL
sc_cfg156,23.743258,23.691053,23.333267,0.2199,1.7268,mult_0=AQ1 mult_2=AQ1 mult_3=5FA mult_4=CK3 mult_7=5FA adder_0=0DL adder_2=02E adder_3=0MH adder_5=0MH adder_6=0Q7 adder_7=02E
sc_cfg1400,23.746140,23.838268,23.762403,0.3880,0.0685,mult_1=AQ1 mult_2=CK3 mult_3=5FA mult_5=8VH mult_6=8VH mult_7=AQ1 mult_8=F6B adder_1=0M0 adder_3=0GK adder_4=0DL adder_5=0AV adder_6=0Q7
sc_cfg1208,23.760106,23.777134,23.783599,0.0717,0.0989,mult_0=HGP mult_1=GPF mult_2=HGY mult_4=GPF mult_5=F6B mult_6=F6B adder_1=0Q7 adder_3=0DL adder_4=0Q7
sc_cfg913,23.763434,23.660386,23.660386,0.4336,0.4336,mult_7=CK3 adder_6=0MH
sc_cfg98,23.814658,26.738954,23.850997,12.2794,0.1526,mult_0=8VH mult_3=F6B mult_5=CK3 mult_8=GPF adder_0=0MH adder_1=0M0 adder_4=0GK adder_5=0MH adder_6=0EM adder_7=0Q7
sc_cfg1674,23.816035,25.110551,23.795779,5.4355,0.0851,mult_1=CK3 mult_2=5FA mult_5=HGP mult_6=8VH mult_7=DAE mult_8=CK3 adder_0=0GK adder_1=0DL adder_2=02E adder_4=0GK adder_5=0MH adder_7=0AV
sc_cfg1171,23.872997,23.934205,23.934898,0.2564,0.2593,mult_0=DAE mult_1=HGP mult_3=F6B mult_4=HGY mult_6=GPF adder_3=0EM adder_6=0GK
sc_cfg826,23.900318,24.217634,23.914830,1.3277,0.0607,mult_0=GPF mult_1=GPF mult_2=HGY mult_4=HGY mult_5=F6B adder_0=0M0 adder_5=0DL adder_6=073 adder_7=0M0
sc_cfg1029,23.929029,23.965589,23.965050,0.1528,0.1505,mult_1=HGY mult_3=HGP mult_4=HGY adder_0=0AV adder_1=0Q7 adder_3=0Q7 adder_4=0AV adder_7=0DL
sc_cfg51,23.932369,23.589018,23.586415,1.4347,1.4456,mult_1=F6B mult_3=GPF mult_5=GPF mult_7=CK3 mult_8=HGY adder_0=0DL adder_1=0AV adder_2=0M0 adder_4=0EM adder_5=0AV adder_7=02E
sc_cfg649,23.940937,23.866285,23.947790,0.3118,0.0286,mult_1=GPF mult_2=5FA mult_3=GPF mult_6=HGP mult_7=F6B mult_8=CK3 adder_3=0MH adder_4=0DL adder_6=0AV
sc_cfg1560,23.955108,24.615018,24.638859,2.7548,2.8543,mult_0=GPF mult_1=CK3 mult_7=AQ1 adder_3=0DL adder_6=0MH
sc_cfg753,23.963282,27.034724,23.988586,12.8173,0.1056,mult_0=CK3 mult_1=DAE mult_3=5FA mult_4=HGY adder_0=0M0 adder_1=0M0 adder_2=0DL adder_5=0MH
sc_cfg1096,23.970229,23.960686,23.960686,0.0398,0.0398,mult_1=5FA mult_2=HGP mult_3=GPF mult_4=AQ1 mult_6=HGY mult_8=HGY adder_6=0M0
sc_cfg1060,23.997564,24.360986,24.005018,1.5144,0.0311,mult_1=CK3 mult_2=F6B mult_3=DAE mult_4=HGY mult_5=DAE mult_6=AQ1 mult_7=GPF mult_8=F6B adder_0=02E adder_1=0MH adder_2=0AV adder_3=0Q7 adder_4=0EM adder_5=0GK adder_6=0M0 adder_7=02E
sc_cfg1102,24.058517,24.091766,24.091766,0.1382,0.1382,mult_0=GPF mult_2=GPF adder_1=0AV adder_3=0DL adder_5=0MH adder_7=0EM
sc_cfg639,24.075870,24.198252,24.111515,0.5083,0.1481,mult_0=5FA mult_1=HGP mult_2=5FA mult_4=CK3 mult_5=HGP mult_8=DAE adder_1=0DL adder_4=0AV adder_5=0M0 adder_7=0AV
sc_cfg292,24.075993,24.113639,24.104180,0.1564,0.1171,mult_2=DAE mult_3=F6B mult_6=HGY mult_8=F6B adder_0=0AV adder_2=0MH adder_3=02E adder_4=0AV adder_5=0Q7 adder_7=0DL
sc_cfg1535,24.155525,31.132880,24.453150,28.8851,1.2321,mult_0=AQ1 mult_1=F6B mult_4=8VH mult_5=AQ1 mult_6=GPF adder_5=0MH adder_7=02E
sc_cfg1678,24.225055,24.313150,24.254204,0.3637,0.1203,mult_0=F6B mult_3=HGY mult_4=GPF mult_8=CK3 adder_0=02E adder_4=0M0
sc_cfg1301,24.230440,27.344372,29.753231,12.8513,22.7928,mult_0=GPF mult_1=CK3 mult_2=F6B mult_3=8VH mult_6=HGY mult_7=HGP mult_8=HGY adder_0=02E adder_1=0GK adder_2=0EM adder_3=0EM adder_5=0M0 adder_6=02E adder_7=0EM
sc_cfg1504,24.423998,23.076904,21.770295,5.5155,10.8651,mult_0=8VH mult_1=F6B mult_2=HGY mult_3=5FA mult_4=F6B mult_5=CK3 mult_6=5FA mult_8=HGY adder_1=0EM adder_2=0M0 adder_3=0EM adder_4=0EM adder_5=0GK adder_6=0EM adder_7=0MH
sc_cfg953,24.424746,24.492591,25.377228,0.2778,3.8997,mult_0=8VH mult_4=HGP mult_5=8VH mult_6=DAE mult_8=HGP adder_0=0EM adder_1=0M0 adder_2=0MH adder_3=0GK adder_6=0GK adder_7=0GK
sc_cfg841,24.437907,27.183216,25.275089,11.2338,3.4258,mult_0=CK3 mult_1=CK3 mult_3=5FA mult_4=CK3 mult_5=AQ1 mult_6=GPF mult_7=AQ1 adder_1=073 adder_2=0EM adder_3=0GK adder_4=02E adder_5=073 adder_6=0MH adder_7=02E
sc_cfg1379,24.440518,23.714363,23.915958,2.9711,2.1463,mult_0=8VH mult_1=8VH mult_2=AQ1 mult_5=8VH mult_6=HGY mult_7=HGY mult_8=F6B adder_0=073 adder_1=0DL adder_4=073 adder_5=02E adder_6=02E adder_7=073
sc_cfg646,24.446184,24.588827,24.838398,0.5835,1.6044,mult_4=HGY mult_5=DAE mult_6=8VH mult_7=DAE mult_8=AQ1 adder_0=0DL adder_1=0MH adder_2=0M0 adder_3=0DL adder_4=02E adder_6=0GK
sc_cfg696,24.476756,30.711312,23.884274,25.4713,2.4206,mult_0=F6B mult_1=HGP mult_2=CK3 mult_4=8VH mult_5=F6B adder_2=0MH adder_3=0Q7 adder_4=0MH adder_6=02E
sc_cfg1680,24.506718,25.640317,27.727004,4.6257,13.1404,mult_0=8VH mult_1=F6B mult_2=CK3 mult_3=CK3 mult_5=AQ1 mult_7=F6B adder_2=073 adder_3=0DL adder_4=0M0 adder_5=0GK adder_6=02E adder_7=02E
sc_cfg1502,24.536083,24.580922,24.571947,0.1827,0.1462,mult_1=CK3 mult_2=HGP mult_4=DAE mult_6=DAE mult_8=F6B adder_2=0MH adder_4=0DL
sc_cfg808,24.588676,24.592348,24.582189,0.0149,0.0264,mult_1=8VH mult_2=HGP mult_5=8VH mult_7=GPF mult_8=F6B adder_4=0DL adder_7=0DL
sc_cfg410,24.594070,21.183687,20.752893,13.8667,15.6183,mult_1=HGY mult_3=CK3 mult_4=DAE mult_5=HGY mult_6=5FA adder_2=0DL adder_5=0DL adder_6=0M0 adder_7=0MH
sc_cfg1601,24.654223,29.308552,27.328978,18.8784,10.8491,mult_1=CK3 mult_3=F6B mult_4=F6B mult_8=HGP adder_0=0EM adder_1=02E adder_3=0MH adder_4=0DL adder_5=073 adder_6=0MH
sc_cfg162,24.671002,24.681026,24.680186,0.0406,0.0372,mult_0=5FA mult_1=DAE mult_2=AQ1 mult_3=HGY mult_5=CK3 mult_7=8VH mult_8=8VH adder_0=0EM adder_1=0GK adder_2=073 adder_3=073 adder_5=0AV adder_6=0EM adder_7=0AV
sc_cfg699,24.695948,24.723875,24.691226,0.1131,0.0191,mult_0=HGP mult_1=8VH mult_2=HGY mult_3=CK3 mult_4=AQ1 mult_5=DAE mult_6=AQ1 mult_7=CK3 mult_8=AQ1 adder_0=073 adder_1=0EM adder_2=0DL adder_3=0GK adder_4=073 adder_7=0EM
sc_cfg420,24.750711,24.685108,24.724759,0.2651,0.1049,mult_0=F6B mult_2=5FA mult_3=F6B mult_4=8VH mult_6=DAE mult_7=F6B mult_8=F6B adder_0=0M0 adder_1=02E adder_3=0MH adder_4=0M0 adder_6=0Q7 adder_7=0GK
sc_cfg568,24.780626,27.681948,27.698518,11.7080,11.7749,mult_3=8VH mult_5=AQ1 mult_6=DAE adder_3=0DL adder_5=0Q7 adder_6=0MH
sc_cfg871,24.800683,25.448730,25.997135,2.6130,4.8243,mult_0=F6B mult_1=AQ1 mult_2=DAE mult_3=DAE mult_6=DAE mult_7=HGY mult_8=5FA adder_0=0Q7 adder_1=0M0 adder_2=02E adder_3=0DL adder_4=0M0 adder_6=0MH
sc_cfg424,24.803480,24.809853,24.809853,0.0257,0.0257,mult_2=HGP mult_3=F6B mult_5=CK3 mult_6=8VH adder_0=0DL adder_2=0Q7 adder_7=0AV
sc_cfg1307,24.822482,24.810439,24.810439,0.0485,0.0485,mult_1=DAE mult_3=CK3 mult_4=CK3 mult_5=5FA mult_7=8VH mult_8=DAE adder_2=02E adder_7=0AV
sc_cfg1381,24.849430,24.583357,24.853310,1.0707,0.0156,mult_0=DAE mult_1=HGP mult_4=AQ1 mult_5=HGY mult_6=HGY mult_7=CK3 mult_8=HGY adder_0=0Q7 adder_1=073 adder_3=0M0 adder_4=0Q7 adder_5=0DL adder_6=0AV adder_7=0AV
sc_cfg1461,24.946267,45.427243,41.778764,82.1004,67.4750,mult_0=AQ1 mult_1=F6B mult_2=AQ1 mult_4=GPF mult_5=GPF mult_6=HGP mult_7=AQ1 mult_8=HGY adder_0=0MH adder_1=0DL adder_2=073 adder_3=0GK adder_4=073 adder_5=0GK adder_6=0MH adder_7=02E
sc_cfg1121,25.005288,25.448918,25.368258,1.7741,1.4516,mult_0=5FA mult_1=5FA mult_2=DAE mult_3=AQ1 mult_4=HGP mult_5=CK3 mult_7=CK3 adder_0=0M0 adder_1=0M0 adder_3=02E adder_5=0GK adder_6=0Q7 adder_7=02E
sc_cfg797,25.007743,24.989763,24.989763,0.0719,0.0719,mult_4=CK3 mult_6=CK3 mult_7=CK3 adder_2=0MH adder_7=0GK
sc_cfg375,25.014851,35.281219,24.451601,41.0411,2.2517,mult_0=5FA mult_1=5FA mult_3=DAE mult_4=GPF mult_5=8VH adder_1=0M0 adder_4=0GK adder_5=0MH adder_7=0GK
sc_cfg1470,25.049817,24.933475,24.969105,0.4644,0.3222,mult_0=AQ1 mult_1=HGY mult_3=F6B mult_5=HGY mult_6=HGP mult_7=8VH mult_8=HGY adder_1=02E adder_4=073 adder_5=073 adder_6=0DL adder_7=0M0
sc_cfg54,25.086615,23.097048,23.199819,7.9308,7.5211,mult_0=GPF mult_3=CK3 mult_6=HGP mult_7=CK3 mult_8=GPF adder_4=073 adder_5=0M0 adder_7=0MH
sc_cfg1354,25.107023,25.071437,25.071097,0.1417,0.1431,mult_2=CK3 mult_3=AQ1 mult_5=8VH mult_6=HGP adder_0=073 adder_1=0AV adder_2=0GK adder_3=073 adder_5=0AV adder_7=0GK
sc_cfg1162,25.107113,31.513521,24.933944,25.5163,0.6897,mult_1=GPF mult_2=F6B mult_3=5FA mult_4=GPF mult_8=HGY adder_2=073 adder_4=02E adder_5=0MH adder_6=0MH adder_7=0DL
sc_cfg584,25.163278,29.383024,28.027972,16.7695,11.3844,mult_1=8VH adder_0=0EM adder_1=0MH adder_2=0EM adder_4=0AV adder_5=0EM adder_6=0MH adder_7=0Q7
sc_cfg430,25.172770,30.108612,25.165851,19.6079,0.0275,mult_1=AQ1 mult_2=DAE mult_3=GPF mult_5=GPF mult_6=AQ1 mult_8=8VH adder_0=0EM adder_1=0EM adder_2=0DL adder_3=0EM adder_4=0MH adder_5=0AV adder_6=0Q7
sc_cfg1297,25.178373,23.331906,23.130368,7.3335,8.1340,mult_0=8VH mult_3=HGY mult_4=DAE mult_6=8VH mult_7=GPF mult_8=HGP adder_1=0Q7 adder_3=0M0 adder_4=0EM adder_5=0AV adder_6=073 adder_7=0MH
sc_cfg748,25.190754,21.962482,25.323753,12.8153,0.5280,mult_2=CK3 mult_4=5FA mult_5=GPF mult_6=AQ1 mult_7=HGP adder_0=0GK adder_1=0Q7 adder_2=0M0 adder_3=0M0 adder_4=02E adder_6=0GK adder_7=0AV
sc_cfg462,25.197786,20.346391,25.214970,19.2533,0.0682,mult_2=DAE mult_3=CK3 mult_4=GPF mult_5=AQ1 mult_6=F6B adder_1=0EM adder_2=073 adder_4=02E adder_5=0EM
sc_cfg5,25.200900,25.317955,25.196983,0.4645,0.0155,mult_0=GPF mult_1=F6B mult_2=8VH mult_5=HGP mult_6=HGY mult_8=GPF adder_0=0GK adder_1=073 adder_2=0AV adder_3=0DL adder_4=073 adder_5=0M0 adder_6=0DL
sc_cfg1114,25.213484,25.953133,25.216022,2.9335,0.0101,mult_0=5FA mult_2=DAE mult_3=5FA mult_4=8VH mult_5=HGY mult_7=HGY mult_8=8VH adder_2=0AV adder_4=0M0 adder_5=0GK adder_6=0AV adder_7=0DL
sc_cfg1143,25.228619,24.599579,24.544157,2.4934,2.7130,mult_0=CK3 mult_1=GPF mult_2=HGP mult_3=5FA mult_4=F6B mult_5=F6B mult_6=HGY mult_7=AQ1 mult_8=AQ1 adder_0=0Q7 adder_1=0DL adder_2=0M0 adder_3=02E adder_4=0DL adder_5=073 adder_6=02E adder_7=0DL
sc_cfg69,25.233036,25.453879,25.209912,0.8752,0.0916,mult_2=HGY mult_3=HGP mult_4=5FA mult_7=HGP adder_1=0MH adder_4=0MH adder_7=0GK
sc_cfg539,25.266347,25.566468,25.258512,1.1878,0.0310,mult_0=HGY mult_1=8VH mult_3=HGY mult_4=F6B mult_5=HGY mult_6=5FA adder_2=0AV adder_5=0DL adder_6=0Q7
sc_cfg336,25.294545,25.305550,25.305503,0.0435,0.0433,mult_0=F6B mult_3=GPF mult_4=HGY adder_1=02E adder_2=0AV adder_6=0Q7
sc_cfg643,25.297980,25.277865,25.280866,0.0795,0.0677,mult_0=AQ1 mult_3=CK3 mult_5=AQ1 adder_2=0M0 adder_4=0AV adder_5=0MH adder_6=0EM adder_7=0EM
sc_cfg670,25.302481,25.078748,25.301842,0.8842,0.0025,mult_2=5FA mult_7=CK3 adder_2=0MH adder_4=0MH adder_5=0M0 adder_6=0GK
sc_cfg1211,25.308287,25.268458,25.291449,0.1574,0.0665,mult_3=HGP mult_6=5FA mult_7=AQ1 adder_2=0DL adder_5=0MH
sc_cfg1145,25.323280,31.412559,28.117454,24.0462,11.0340,mult_3=HGY adder_0=0DL adder_1=073 adder_5=0GK adder_6=0MH
sc_cfg665,25.335057,25.285133,25.282217,0.1971,0.2086,mult_1=5FA mult_2=DAE mult_3=CK3 mult_5=CK3 mult_6=HGP mult_8=HGY adder_0=0GK adder_1=0AV adder_2=0AV adder_3=073 adder_4=0Q7 adder_5=0GK adder_7=02E
sc_cfg610,25.339951,24.495855,25.364840,3.3311,0.0982,mult_2=8VH mult_3=F6B mult_6=AQ1 mult_7=8VH adder_2=0MH adder_5=02E
sc_cfg964,25.396416,25.865918,26.356771,1.8487,3.7815,mult_2=CK3 mult_4=HGP mult_6=F6B mult_7=8VH mult_8=HGY adder_0=0Q7 adder_1=0MH adder_3=0EM adder_6=02E
sc_cfg1573,25.419295,25.456345,25.416121,0.1458,0.0125,mult_0=HGY mult_1=CK3 mult_3=AQ1 mult_4=HGP mult_6=HGP mult_7=8VH adder_1=0EM adder_2=0Q7 adder_4=073 adder_5=0EM adder_6=0Q7 adder_7=0M0
sc_cfg694,25.437451,31.833591,29.008562,25.1446,14.0388,mult_2=GPF mult_3=F6B mult_5=HGY mult_8=8VH adder_0=073 adder_1=02E adder_2=0AV adder_3=0EM adder_4=0DL adder_6=0MH
sc_cfg371,25.442286,25.739643,25.585732,1.1687,0.5638,mult_1=AQ1 mult_2=CK3 mult_3=HGY mult_5=CK3 mult_6=F6B mult_8=DAE adder_0=02E adder_1=0AV adder_2=0EM adder_3=0M0 adder_5=0DL adder_6=0M0 adder_7=0DL
sc_cfg10,25.469196,30.899773,25.459899,21.3221,0.0365,mult_2=HGY mult_3=8VH mult_7=HGY mult_8=F6B adder_0=0M0 adder_1=0Q7 adder_3=0GK adder_4=0MH adder_5=0AV adder_6=0Q7
sc_cfg1028,25.535623,25.507931,25.496820,0.1084,0.1520,mult_1=HGP mult_2=GPF mult_4=5FA mult_5=DAE mult_7=8VH adder_0=0EM adder_1=02E adder_2=0MH adder_5=0Q7
sc_cfg1263,25.542499,25.571585,25.573569,0.1139,0.1216,mult_0=DAE mult_1=CK3 mult_2=GPF mult_3=F6B mult_4=8VH mult_5=AQ1 mult_7=AQ1 mult_8=DAE adder_0=02E adder_2=0MH adder_4=0Q7
sc_cfg494,25.572064,24.412037,24.323309,4.5363,4.8833,mult_0=F6B mult_1=8VH mult_2=GPF mult_3=AQ1 mult_6=HGY mult_7=GPF mult_8=F6B adder_0=0Q7 adder_1=0DL adder_2=0AV adder_3=02E adder_4=0EM adder_5=0DL adder_6=02E adder_7=0AV
sc_cfg897,25.660132,24.682968,24.711258,3.8081,3.6979,mult_0=AQ1 mult_1=AQ1 mult_2=8VH mult_3=F6B mult_4=8VH mult_5=HGY mult_6=5FA mult_8=5FA adder_0=0MH adder_1=0MH adder_2=073 adder_3=0M0 adder_5=0M0 adder_6=0AV adder_7=02E
sc_cfg489,25.730298,22.350494,24.520908,13.1355,4.7003,mult_1=DAE mult_2=8VH mult_3=DAE mult_4=HGP mult_6=GPF adder_0=0M0 adder_1=0M0 adder_2=073 adder_3=02E adder_4=0M0 adder_5=02E adder_6=02E
sc_cfg1665,25.742607,26.803662,25.797355,4.1218,0.2127,mult_0=HGY mult_1=CK3 mult_2=CK3 mult_3=5FA mult_4=8VH mult_5=5FA mult_7=5FA mult_8=8VH adder_0=0GK adder_1=02E adder_2=0MH adder_4=0GK adder_5=073 adder_6=0M0 adder_7=0DL
sc_cfg275,25.756595,25.773213,25.773213,0.0645,0.0645,mult_0=F6B mult_1=F6B mult_2=GPF mult_5=8VH mult_6=CK3
sc_cfg624,25.771949,25.523773,25.782757,0.9630,0.0419,mult_1=HGY mult_2=CK3 mult_3=HGP mult_5=5FA mult_8=GPF adder_3=02E adder_4=0DL
sc_cfg1447,25.789336,25.801425,25.801536,0.0469,0.0473,mult_1=GPF mult_2=F6B mult_3=CK3 mult_6=HGY adder_1=0MH adder_2=073 adder_3=0AV adder_4=0AV adder_5=0EM adder_6=0AV adder_7=073
sc_cfg684,25.827816,25.828802,25.828802,0.0038,0.0038,mult_2=CK3 mult_3=CK3 mult_6=CK3 mult_7=GPF adder_1=0MH
sc_cfg535,25.841153,35.739014,25.874600,38.3027,0.1294,mult_0=HGY mult_4=GPF mult_5=HGY mult_6=AQ1 mult_8=HGY adder_1=0DL adder_2=0M0 adder_5=0MH adder_6=0Q7 adder_7=073
sc_cfg809,25.889794,22.834030,22.836654,11.8030,11.7928,mult_0=GPF mult_1=HGY mult_2=F6B mult_4=DAE mult_5=HGP mult_6=HGP mult_8=F6B adder_0=0EM adder_2=0M0 adder_3=0M0 adder_4=0AV adder_6=0Q7 adder_7=0MH
sc_cfg1342,25.892468,26.390104,25.853906,1.9219,0.1489,mult_0=8VH mult_1=5FA mult_2=AQ1 mult_3=8VH mult_5=HGY mult_6=AQ1 mult_7=8VH mult_8=8VH adder_1=0Q7 adder_3=073 adder_6=0DL adder_7=0GK
sc_cfg48,25.927438,25.143937,23.676500,3.0219,8.6817,mult_0=DAE mult_1=DAE mult_2=F6B mult_3=DAE mult_4=HGY mult_5=5FA mult_6=GPF mult_7=CK3 adder_0=073 adder_1=02E adder_2=02E adder_3=0M0 adder_4=02E adder_5=0M0 adder_6=02E adder_7=073
sc_cfg1475,25.943336,26.046966,26.121936,0.3994,0.6884,mult_1=AQ1 mult_3=GPF mult_4=GPF mult_5=DAE mult_7=GPF mult_8=DAE adder_0=0GK adder_1=0M0 adder_3=0EM adder_4=0Q7 adder_5=0Q7 adder_6=02E adder_7=0AV
sc_cfg1550,25.976265,26.095734,26.072262,0.4599,0.3696,mult_0=F6B mult_1=F6B mult_2=F6B mult_3=HGP mult_4=HGP mult_5=5FA mult_7=HGP adder_0=0M0 adder_1=0M0 adder_2=0DL adder_3=073 adder_4=0AV adder_6=073 adder_7=0EM
sc_cfg593,26.075730,26.006103,26.071143,0.2670,0.0176,mult_0=GPF mult_2=AQ1 mult_3=F6B mult_4=GPF mult_5=CK3 mult_8=8VH adder_0=0EM adder_4=0DL adder_6=073 adder_7=0GK
sc_cfg853,26.085558,29.431253,26.928902,12.8259,3.2330,mult_0=CK3 mult_1=F6B mult_2=5FA mult_5=GPF mult_6=AQ1 mult_7=8VH adder_0=0EM adder_3=0MH adder_4=0MH adder_6=02E
sc_cfg484,26.086647,25.746039,25.742525,1.3057,1.3191,mult_6=GPF adder_5=0M0 adder_6=0MH
sc_cfg235,26.127024,24.711396,26.140514,5.4183,0.0516,mult_2=8VH mult_3=GPF mult_5=F6B mult_8=HGY adder_2=0GK adder_4=02E adder_5=02E adder_6=0M0 adder_7=0Q7
sc_cfg364,26.157636,21.109594,26.183060,19.2985,0.0972,mult_0=DAE mult_3=GPF mult_4=CK3 mult_5=DAE adder_3=0M0 adder_4=02E adder_5=0GK adder_6=0EM
sc_cfg1556,26.230613,26.171279,26.190770,0.2262,0.1519,mult_2=GPF mult_5=8VH mult_6=CK3 mult_7=8VH adder_0=0Q7 adder_1=02E adder_4=0M0 adder_5=0M0
sc_cfg787,26.233093,26.147159,26.163428,0.3276,0.2656,mult_0=HGY mult_3=GPF mult_6=DAE adder_2=0GK adder_3=0EM adder_5=0MH adder_7=0Q7
sc_cfg1551,26.234433,26.243949,26.242676,0.0363,0.0314,mult_0=HGP mult_1=HGP mult_4=CK3 mult_5=HGY mult_6=AQ1 mult_7=DAE mult_8=5FA adder_0=0M0 adder_2=0EM adder_5=0AV adder_6=0M0 adder_7=0GK
sc_cfg299,26.239595,26.267200,26.274508,0.1052,0.1331,mult_2=AQ1 mult_4=8VH mult_6=HGP mult_8=DAE adder_1=0MH adder_4=0AV adder_6=0GK
sc_cfg922,26.245400,26.329944,26.571374,0.3221,1.2420,mult_0=AQ1 mult_2=F6B mult_4=5FA mult_5=DAE mult_6=CK3 mult_7=HGY adder_2=073 adder_3=02E adder_4=0AV adder_5=0M0 adder_6=0MH adder_7=02E
sc_cfg1546,26.249428,34.266308,26.256895,30.5412,0.0284,mult_1=8VH mult_3=HGP mult_4=CK3 mult_8=HGY adder_1=0M0 adder_3=0DL adder_4=0MH adder_5=0EM adder_7=0Q7
sc_cfg795,26.277932,27.794274,26.224380,5.7704,0.2038,mult_4=GPF mult_6=CK3 mult_7=GPF mult_8=AQ1 adder_0=0EM adder_1=02E adder_3=0AV adder_5=02E adder_6=0AV adder_7=0GK
sc_cfg37,26.321275,33.392154,26.357618,26.8637,0.1381,mult_0=GPF mult_1=CK3 mult_2=F6B mult_4=8VH mult_5=AQ1 mult_6=HGP mult_7=DAE adder_1=02E adder_2=0Q7 adder_5=0MH
sc_cfg1387,26.362486,26.399562,26.418189,0.1406,0.2113,mult_0=DAE mult_1=5FA mult_2=CK3 mult_3=HGY mult_4=HGY mult_5=5FA mult_6=F6B mult_7=5FA mult_8=AQ1 adder_0=073 adder_1=0DL adder_2=0EM adder_3=0AV adder_4=0M0 adder_5=0EM adder_6=0GK adder_7=0Q7
sc_cfg738,26.381480,25.692207,25.677181,2.6127,2.6697,mult_0=8VH mult_3=HGY mult_5=HGP mult_6=AQ1 mult_7=GPF mult_8=AQ1 adder_0=0GK adder_1=0M0 adder_2=0DL adder_5=0M0 adder_7=0GK
sc_cfg1154,26.387856,28.968112,26.336318,9.7782,0.1953,mult_5=5FA mult_6=HGY adder_1=0MH adder_2=02E adder_3=02E adder_4=0MH adder_5=02E
sc_cfg1488,26.396722,33.025352,26.404964,25.1116,0.0312,mult_0=F6B mult_2=HGY mult_3=GPF mult_6=GPF mult_8=AQ1 adder_0=0M0 adder_2=0EM adder_3=0Q7 adder_4=0MH
sc_cfg226,26.399777,28.906797,26.412290,9.4964,0.0474,mult_0=GPF mult_2=5FA mult_3=5FA mult_4=HGP mult_8=8VH adder_0=02E adder_1=073 adder_2=0M0 adder_3=02E adder_4=0MH adder_5=0GK adder_7=0Q7
sc_cfg565,26.427507,26.383185,26.373012,0.1677,0.2062,mult_0=HGY mult_2=HGP mult_3=GPF mult_4=AQ1 mult_6=8VH mult_7=CK3 mult_8=DAE adder_0=02E adder_1=0EM adder_2=0M0 adder_5=0Q7 adder_6=0AV adder_7=02E
sc_cfg1630,26.502638,27.058236,26.524984,2.0964,0.0843,mult_4=5FA mult_5=HGP adder_0=0AV adder_1=0MH adder_2=0MH adder_3=0Q7 adder_5=0GK
sc_cfg1590,26.515994,25.112809,26.695926,5.2918,0.6786,mult_0=DAE mult_1=AQ1 mult_3=HGY mult_7=5FA mult_8=DAE adder_0=0MH adder_1=0DL adder_2=0MH adder_3=02E adder_4=073 adder_5=0GK adder_6=0GK adder_7=0AV
sc_cfg901,26.558218,26.594929,26.863863,0.1382,1.1509,mult_0=GPF mult_4=F6B mult_6=HGP adder_0=0AV adder_1=0EM adder_3=0MH adder_6=0MH
sc_cfg70,26.608722,20.950121,26.632031,21.2660,0.0876,mult_2=AQ1 mult_3=8VH mult_4=GPF adder_0=0DL adder_4=02E adder_5=0Q7
sc_cfg1318,26.691372,27.040536,26.749906,1.3081,0.2193,mult_0=5FA mult_2=5FA mult_4=GPF mult_5=CK3 mult_6=CK3 mult_7=5FA mult_8=DAE adder_0=0MH adder_1=0M0 adder_2=073 adder_3=0M0 adder_4=0Q7 adder_5=02E adder_6=0M0 adder_7=073
sc_cfg280,26.793278,28.234148,27.847475,5.3777,3.9346,mult_1=HGY mult_4=HGP mult_5=HGY mult_6=8VH mult_8=5FA adder_0=073 adder_1=0DL adder_5=0DL adder_6=0M0 adder_7=02E
sc_cfg331,26.864265,26.875103,26.862481,0.0403,0.0066,mult_0=5FA mult_2=GPF mult_5=CK3 mult_6=8VH mult_7=F6B adder_0=0Q7 adder_1=0MH adder_4=0DL adder_5=0AV adder_7=073
sc_cfg613,26.896099,26.127409,28.161991,2.8580,4.7066,mult_1=8VH mult_4=F6B mult_6=F6B mult_7=AQ1 adder_2=0Q7 adder_3=0MH adder_4=0GK adder_5=073 adder_6=0MH adder_7=0Q7
sc_cfg596,26.904403,26.750728,26.741137,0.5712,0.6068,mult_0=HGY mult_1=AQ1 mult_2=GPF mult_4=DAE mult_5=HGP mult_6=CK3 mult_8=HGY adder_0=0GK adder_1=0Q7 adder_2=0Q7 adder_4=0AV adder_5=073 adder_6=02E adder_7=0AV
sc_cfg314,26.924625,28.727949,28.757042,6.6977,6.8057,mult_2=8VH mult_3=HGP mult_6=CK3 mult_7=HGY mult_8=F6B adder_4=0M0 adder_6=02E
sc_cfg742,26.951207,27.261956,29.541602,1.1530,9.6114,mult_0=DAE mult_2=5FA mult_3=CK3 mult_4=F6B adder_3=0AV adder_4=0GK adder_5=0EM adder_6=0MH adder_7=0EM
sc_cfg457,26.964562,31.321899,29.826530,16.1595,10.6138,mult_2=HGP mult_4=F6B mult_5=GPF mult_6=F6B mult_7=HGP adder_3=0M0 adder_5=02E adder_6=0MH adder_7=0AV
sc_cfg1438,26.966339,26.996585,27.000227,0.1122,0.1257,mult_1=CK3 mult_2=F6B mult_3=HGY mult_4=HGY mult_6=5FA mult_7=HGY mult_8=AQ1 adder_0=0MH adder_1=0Q7 adder_2=0GK adder_5=0Q7 adder_7=073
sc_cfg423,26.976070,26.987014,26.986377,0.0406,0.0382,mult_1=HGP mult_2=CK3 mult_5=HGY mult_6=HGP mult_8=CK3 adder_0=0M0 adder_1=0EM adder_3=0DL adder_6=0EM adder_7=0Q7
sc_cfg806,26.995868,27.873552,30.413223,3.2512,12.6588,mult_0=AQ1 mult_1=HGY mult_2=8VH mult_3=8VH mult_6=DAE mult_7=DAE mult_8=DAE adder_0=02E adder_1=073 adder_2=0M0 adder_3=0GK adder_4=0GK adder_5=02E adder_6=0MH adder_7=0GK
sc_cfg353,27.009125,27.158531,28.409616,0.5532,5.1852,mult_0=8VH mult_1=HGP mult_2=HGP mult_4=AQ1 mult_6=CK3 mult_7=HGY mult_8=CK3 adder_0=0Q7 adder_1=0MH adder_3=0DL adder_4=0MH adder_5=0GK adder_6=02E
sc_cfg939,27.015255,28.741552,27.044999,6.3901,0.1101,mult_1=8VH mult_5=HGY mult_8=HGP adder_0=0M0 adder_5=0MH
sc_cfg1691,27.026933,25.284082,27.013441,6.4486,0.0499,mult_0=F6B mult_2=5FA mult_3=HGY mult_5=F6B mult_6=DAE mult_7=HGY mult_8=HGP adder_0=0M0 adder_1=0MH adder_2=0M0 adder_3=02E adder_4=02E adder_5=0M0
sc_cfg606,27.050560,38.504172,27.150432,42.3415,0.3692,mult_0=F6B mult_1=HGP mult_4=CK3 mult_5=HGP mult_6=DAE mult_7=HGP adder_0=0Q7 adder_1=0DL adder_2=0EM adder_3=0EM adder_4=0Q7 adder_5=0MH adder_6=0Q7 adder_7=02E
sc_cfg903,27.080650,34.318924,27.104069,26.7286,0.0865,mult_0=F6B mult_1=GPF mult_2=HGY mult_3=5FA mult_4=CK3 mult_5=5FA mult_6=5FA adder_0=0Q7 adder_1=0DL adder_2=073 adder_3=0MH adder_4=0MH adder_6=0Q7
sc_cfg1319,27.110983,27.672149,27.671390,2.0699,2.0671,mult_2=F6B mult_5=GPF adder_0=0Q7 adder_6=0MH
sc_cfg1626,27.114236,24.236381,24.114939,10.6138,11.0617,mult_1=8VH mult_3=HGY mult_4=DAE mult_6=5FA mult_7=GPF mult_8=HGY adder_0=0M0 adder_1=0MH adder_2=0M0 adder_3=0M0 adder_4=0EM adder_5=0DL adder_7=0MH
sc_cfg1544,27.120948,27.062489,26.873351,0.2156,0.9129,mult_0=DAE mult_1=8VH mult_3=AQ1 mult_5=5FA adder_0=0MH adder_1=0Q7 adder_3=0MH adder_6=0MH
sc_cfg35,27.189231,27.224480,27.212509,0.1296,0.0856,mult_0=HGP mult_1=F6B mult_2=HGP mult_3=5FA mult_5=GPF mult_6=HGY mult_7=DAE mult_8=HGY adder_0=02E adder_1=0Q7 adder_4=0AV adder_5=0Q7 adder_7=073
sc_cfg1008,27.199583,27.230688,27.230976,0.1144,0.1154,mult_0=DAE mult_2=HGP mult_3=CK3 mult_4=GPF mult_8=DAE adder_2=0DL adder_3=0DL adder_5=0Q7
sc_cfg894,27.206941,22.483491,28.563895,17.3612,4.9875,mult_0=8VH mult_1=DAE mult_2=HGP mult_3=AQ1 mult_4=F6B mult_5=8VH mult_7=8VH mult_8=DAE adder_0=0AV adder_1=02E adder_2=0EM adder_3=073 adder_5=02E adder_6=02E
sc_cfg1631,27.209548,26.929030,27.187681,1.0310,0.0804,mult_0=8VH mult_2=HGY mult_3=5FA mult_4=CK3 mult_6=5FA mult_7=GPF mult_8=F6B adder_0=02E adder_2=0AV adder_3=0M0 adder_4=02E adder_5=0DL adder_7=073
sc_cfg386,27.211277,30.331169,31.159065,11.4654,14.5079,mult_1=HGP mult_2=8VH mult_3=5FA mult_4=DAE mult_5=DAE mult_7=HGY adder_1=0EM adder_2=02E adder_4=073 adder_5=073 adder_6=0MH
sc_cfg33,27.226187,25.262923,27.219053,7.2109,0.0262,mult_0=HGY mult_1=DAE mult_2=8VH mult_4=8VH mult_7=CK3 mult_8=CK3 adder_1=0AV adder_3=073 adder_5=02E adder_6=0AV adder_7=0AV
sc_cfg1065,27.247624,30.083234,27.605921,10.4068,1.3150,mult_0=AQ1 mult_1=HGY mult_3=DAE mult_4=HGP mult_5=AQ1 mult_6=8VH adder_0=0Q7 adder_1=0DL adder_2=0MH adder_3=0DL adder_4=0MH adder_5=0EM adder_6=0DL adder_7=02E
sc_cfg1474,27.306714,27.343246,27.343053,0.1338,0.1331,mult_2=8VH mult_4=HGY mult_5=HGP adder_1=0EM adder_3=0GK adder_4=0AV adder_6=0AV adder_7=0Q7
sc_cfg1694,27.309101,27.336900,27.336900,0.1018,0.1018,mult_2=GPF mult_3=HGY mult_4=8VH adder_6=0GK
sc_cfg493,27.314060,27.350131,27.340434,0.1321,0.0966,mult_0=8VH mult_3=CK3 mult_4=8VH mult_7=8VH mult_8=AQ1 adder_2=0MH adder_3=0AV adder_4=0Q7
sc_cfg1338,27.314617,31.352408,27.146071,14.7825,0.6171,mult_2=HGP mult_7=GPF mult_8=AQ1 adder_6=0MH adder_7=0MH
sc_cfg1392,27.330287,30.796189,25.943323,12.6815,5.0748,mult_0=AQ1 mult_1=5FA mult_2=HGP mult_3=HGY mult_4=8VH mult_5=DAE mult_6=F6B mult_7=GPF mult_8=DAE adder_0=0AV adder_1=0GK adder_2=0MH adder_3=0M0 adder_4=0Q7 adder_5=02E adder_6=0GK adder_7=0AV
sc_cfg987,27.434487,30.711632,27.438808,11.9454,0.0158,mult_4=HGY mult_6=CK3 mult_7=F6B adder_0=0MH adder_2=0GK adder_5=0MH
sc_cfg668,27.483500,27.850204,27.494879,1.3343,0.0414,mult_1=DAE mult_2=HGP mult_3=GPF mult_5=HGP mult_7=5FA mult_8=HGP adder_0=0Q7 adder_2=0DL adder_3=0EM adder_5=0GK
sc_cfg14,27.551600,24.858617,27.849039,9.7743,1.0796,mult_1=5FA mult_3=HGP mult_5=AQ1 mult_6=5FA mult_7=F6B adder_0=0MH adder_1=02E adder_2=0EM adder_3=0MH adder_4=0MH adder_5=0Q7 adder_6=0GK adder_7=073
sc_cfg1586,27.564074,26.909332,27.589826,2.3753,0.0934,mult_0=AQ1 mult_2=HGP mult_4=GPF mult_5=GPF adder_1=0GK adder_3=0M0 adder_4=0GK
sc_cfg1059,27.570823,27.518595,27.527618,0.1894,0.1567,mult_1=DAE mult_3=CK3 mult_4=F6B mult_5=HGY mult_6=5FA mult_7=F6B mult_8=8VH adder_1=02E adder_4=0AV adder_6=0M0
sc_cfg351,27.589343,27.603910,27.618263,0.0528,0.1048,mult_0=F6B mult_1=F6B mult_2=8VH mult_4=GPF mult_7=8VH mult_8=DAE adder_1=0M0 adder_3=02E adder_4=0M0
sc_cfg1627,27.608082,30.721369,27.608186,11.2767,0.0004,mult_1=8VH mult_3=CK3 mult_6=DAE mult_7=GPF adder_0=073 adder_1=02E adder_2=0EM adder_3=0MH adder_4=02E adder_5=073 adder_6=073 adder_7=0DL
sc_cfg448,27.631035,32.395025,27.619219,17.2414,0.0428,mult_0=CK3 mult_6=HGP mult_8=HGP adder_2=0Q7 adder_4=0MH adder_5=0MH adder_6=0Q7
sc_cfg1078,27.677713,27.645099,27.642403,0.1178,0.1276,mult_0=DAE mult_2=8VH mult_3=GPF mult_5=8VH mult_6=AQ1 adder_5=0Q7 adder_6=0AV adder_7=0GK
sc_cfg1417,27.738165,27.301401,27.217355,1.5746,1.8776,mult_0=HGY mult_4=DAE mult_5=5FA mult_6=HGP mult_7=DAE adder_1=0GK adder_3=0Q7 adder_5=0EM adder_6=0MH
sc_cfg1380,27.738818,28.596092,27.397051,3.0905,1.2321,mult_2=8VH mult_3=DAE mult_5=CK3 mult_6=DAE adder_1=0M0 adder_2=0DL adder_3=073 adder_5=0MH adder_6=02E
sc_cfg1106,27.765541,26.918477,27.501141,3.0508,0.9523,mult_3=HGP mult_5=HGP mult_7=AQ1 adder_0=0DL adder_1=0MH adder_4=0GK adder_5=02E adder_7=0DL
sc_cfg1101,27.776329,27.729598,27.729598,0.1682,0.1682,mult_1=GPF mult_2=HGY mult_3=F6B mult_5=HGP mult_6=CK3 mult_7=AQ1 adder_0=0AV adder_2=02E adder_3=02E
sc_cfg893,27.806432,22.458454,22.443108,19.2329,19.2881,mult_1=HGP mult_3=GPF mult_4=GPF adder_0=073 adder_1=0GK adder_2=0GK adder_4=0Q7 adder_5=0EM adder_6=0M0 adder_7=0MH
sc_cfg520,27.879396,27.847471,27.872930,0.1145,0.0232,mult_0=8VH mult_1=HGY mult_2=HGP mult_5=8VH mult_6=GPF mult_7=AQ1 mult_8=F6B adder_0=0AV adder_1=0DL adder_2=0DL adder_4=02E adder_5=0EM adder_6=0AV
sc_cfg11,27.919208,31.900109,27.901148,14.2586,0.0647,mult_0=F6B mult_1=CK3 mult_2=5FA mult_3=DAE mult_4=DAE mult_5=HGP mult_6=GPF mult_7=AQ1 mult_8=CK3 adder_0=0Q7 adder_1=0DL adder_2=0GK adder_3=0AV adder_4=0MH adder_5=0Q7
sc_cfg1306,27.959802,28.201394,28.540423,0.8641,2.0766,mult_0=HGP mult_2=CK3 mult_3=HGP mult_4=F6B mult_6=GPF mult_8=5FA adder_0=02E adder_2=0AV adder_6=02E adder_7=0DL
sc_cfg1571,27.979158,27.426415,29.695618,1.9756,6.1348,mult_1=HGY mult_2=HGP mult_4=CK3 mult_8=5FA adder_3=02E adder_4=0GK adder_5=0AV adder_6=02E
sc_cfg575,27.992038,27.875472,28.028592,0.4164,0.1306,mult_2=AQ1 mult_3=8VH mult_4=CK3 mult_7=5FA mult_8=F6B adder_0=0M0 adder_1=0MH adder_2=0GK adder_3=0GK adder_4=0DL
sc_cfg1222,28.015256,28.044579,28.028602,0.1047,0.0476,mult_0=5FA mult_1=8VH mult_2=HGY mult_4=F6B mult_5=HGY mult_6=CK3 mult_7=AQ1 mult_8=AQ1 adder_0=0EM adder_2=0DL adder_3=0Q7 adder_4=0EM adder_5=0GK adder_6=0EM adder_7=0AV
sc_cfg1480,28.016105,28.050213,28.050213,0.1217,0.1217,mult_2=5FA mult_4=HGY mult_5=CK3 mult_6=HGP mult_7=AQ1 mult_8=8VH adder_0=0DL adder_2=0MH adder_3=0AV
sc_cfg1216,28.068146,26.403373,25.938018,5.9312,7.5891,mult_0=GPF mult_2=8VH mult_3=AQ1 mult_5=HGP mult_6=AQ1 mult_7=8VH mult_8=8VH adder_0=0GK adder_1=0MH adder_2=02E adder_3=0GK adder_4=02E adder_6=0EM adder_7=0MH
sc_cfg1651,28.149582,28.188729,28.188685,0.1391,0.1389,mult_1=AQ1 mult_3=8VH mult_6=HGP adder_0=0AV adder_2=0MH adder_3=073 adder_6=0AV
sc_cfg1521,28.244071,28.211059,28.261675,0.1169,0.0623,mult_0=8VH mult_1=CK3 mult_2=HGP mult_3=GPF mult_6=HGY mult_8=CK3 adder_1=073 adder_2=0DL adder_3=0DL adder_4=0M0 adder_6=0EM adder_7=0AV
sc_cfg645,28.314235,30.217322,28.399710,6.7213,0.3019,mult_0=DAE mult_1=F6B mult_2=HGP mult_3=5FA mult_4=DAE mult_5=5FA mult_6=DAE mult_7=HGY mult_8=HGY adder_0=0DL adder_1=0MH adder_2=0AV adder_3=0AV adder_4=0EM adder_5=0MH adder_6=0Q7 adder_7=0DL
sc_cfg307,28.438692,30.254650,28.430626,6.3855,0.0284,mult_1=GPF mult_2=AQ1 mult_3=HGY mult_7=GPF adder_2=0EM adder_5=0MH adder_6=073 adder_7=0EM
sc_cfg543,28.441389,28.256337,28.372709,0.6506,0.2415,mult_0=5FA mult_3=CK3 mult_4=DAE mult_5=8VH mult_6=CK3 mult_7=F6B mult_8=GPF adder_0=02E adder_2=02E adder_4=0AV adder_5=0MH adder_6=073 adder_7=0M0
sc_cfg656,28.486719,29.418921,28.534653,3.2724,0.1683,mult_0=HGY mult_1=8VH mult_2=F6B mult_3=AQ1 mult_5=CK3 mult_6=5FA mult_8=HGY adder_0=0MH adder_1=0Q7 adder_2=0GK adder_5=0MH adder_6=0EM adder_7=0M0
sc_cfg1388,28.511081,28.553833,28.547594,0.1499,0.1281,mult_2=DAE mult_4=5FA mult_6=8VH adder_1=0MH adder_2=0MH adder_3=02E adder_6=073 adder_7=073
sc_cfg487,28.528586,28.119332,28.119332,1.4345,1.4345,mult_2=DAE mult_6=HGP mult_7=HGP adder_6=0MH
sc_cfg994,28.566674,31.012472,28.067869,8.5617,1.7461,mult_0=HGY mult_2=DAE mult_3=GPF mult_4=AQ1 mult_6=HGY mult_8=5FA adder_0=073 adder_2=0Q7 adder_3=0DL adder_4=0AV adder_5=0MH adder_6=0GK adder_7=0Q7
sc_cfg388,28.616456,28.801100,28.627232,0.6452,0.0377,mult_1=F6B mult_3=HGP mult_5=HGP mult_6=DAE mult_7=GPF mult_8=CK3 adder_0=0Q7 adder_3=02E adder_4=0GK adder_5=073
sc_cfg380,28.620548,26.684794,30.035285,6.7635,4.9431,mult_0=5FA mult_1=DAE mult_2=F6B mult_3=HGY mult_4=F6B mult_5=HGP mult_6=AQ1 mult_7=8VH mult_8=CK3 adder_0=073 adder_1=073 adder_2=0DL adder_3=0M0 adder_4=0GK adder_5=0GK adder_6=02E adder_7=073
sc_cfg56,28.623870,28.370051,28.640293,0.8867,0.0574,mult_2=CK3 mult_3=GPF mult_7=DAE adder_0=02E adder_2=0MH adder_3=0GK adder_4=0DL adder_5=0M0 adder_6=0Q7
sc_cfg1511,28.772582,29.078546,29.649510,1.0634,3.0478,mult_1=CK3 mult_2=HGY mult_3=DAE mult_4=5FA mult_5=AQ1 mult_6=CK3 mult_7=CK3 mult_8=F6B adder_0=0M0 adder_1=0MH adder_2=0DL adder_3=0EM adder_4=02E adder_5=0M0 adder_6=0MH adder_7=0DL
sc_cfg1052,28.794788,28.804577,28.803239,0.0340,0.0293,mult_1=HGP mult_2=HGY mult_3=8VH mult_5=HGY adder_5=0Q7 adder_6=0AV
sc_cfg44,28.795389,28.814280,28.813550,0.0656,0.0631,mult_1=GPF mult_3=8VH mult_5=GPF mult_6=8VH adder_5=0AV adder_7=0EM
sc_cfg935,28.837457,28.744551,29.007548,0.3222,0.5898,mult_0=DAE mult_2=GPF mult_5=5FA mult_7=CK3 adder_1=0EM adder_2=0GK adder_3=0AV adder_4=073 adder_6=0MH adder_7=0DL
sc_cfg754,28.874801,29.191947,28.884932,1.0983,0.0351,mult_0=8VH mult_1=8VH mult_2=HGP mult_5=HGP mult_6=8VH mult_7=DAE mult_8=HGP adder_0=0M0 adder_1=0M0 adder_2=0GK adder_3=0Q7 adder_4=0AV adder_5=0DL adder_6=0AV adder_7=0AV
sc_cfg1441,28.909801,25.230822,28.900480,12.7257,0.0322,mult_3=8VH mult_6=F6B adder_1=0M0 adder_2=073 adder_4=02E adder_5=0MH
sc_cfg1273,28.951075,28.936804,28.936804,0.0493,0.0493,mult_0=CK3 mult_2=CK3 mult_4=5FA mult_5=8VH mult_6=HGY mult_7=HGY mult_8=F6B adder_0=0GK adder_1=0M0 adder_2=0GK adder_3=0EM adder_7=0Q7
sc_cfg453,29.013434,29.313442,29.553607,1.0340,1.8618,mult_1=F6B mult_2=HGY mult_3=8VH mult_4=8VH mult_6=F6B mult_7=DAE mult_8=HGY adder_1=02E adder_2=0AV adder_3=0AV adder_4=0M0 adder_5=0DL adder_6=0GK adder_7=0DL
sc_cfg1668,29.021131,33.341572,29.016755,14.8872,0.0151,mult_3=DAE mult_4=5FA mult_6=8VH mult_8=F6B adder_0=0M0 adder_1=0DL adder_3=0MH adder_4=0MH adder_5=0GK adder_6=0MH
sc_cfg249,29.055901,29.439807,29.405109,1.3213,1.2018,mult_0=GPF mult_1=CK3 mult_2=CK3 mult_3=DAE mult_4=GPF mult_6=CK3 mult_7=GPF mult_8=AQ1 adder_1=073 adder_2=0M0 adder_5=073 adder_6=0Q7 adder_7=02E
sc_cfg969,29.058204,24.639330,29.092437,15.2070,0.1178,mult_0=8VH mult_1=CK3 mult_2=5FA mult_3=GPF mult_5=HGP mult_8=CK3 adder_0=0AV adder_3=0Q7 adder_4=02E adder_6=073
sc_cfg482,29.082092,29.119028,29.119348,0.1270,0.1281,mult_0=HGP mult_3=HGY mult_4=8VH mult_5=F6B mult_6=GPF adder_0=0Q7 adder_2=0MH adder_4=0Q7
sc_cfg641,29.094402,29.043306,29.123365,0.1756,0.0995,mult_0=5FA mult_1=AQ1 mult_2=F6B mult_3=GPF mult_4=CK3 mult_6=8VH mult_7=F6B adder_0=0Q7 adder_1=0EM adder_2=073 adder_3=073 adder_4=0DL adder_5=0EM adder_6=0M0 adder_7=0GK
sc_cfg1442,29.144491,24.067743,24.068726,17.4192,17.4159,mult_1=GPF mult_2=AQ1 mult_5=8VH mult_7=F6B mult_8=F6B adder_1=02E adder_2=02E adder_3=02E adder_4=0Q7 adder_7=0MH
sc_cfg689,29.180100,33.571402,29.205888,15.0490,0.0884,mult_0=GPF mult_1=HGP mult_3=5FA mult_4=8VH mult_6=DAE mult_7=CK3 mult_8=F6B adder_0=02E adder_2=0EM adder_5=0MH adder_6=0AV
sc_cfg1004,29.189378,29.239362,29.225132,0.1712,0.1225,mult_1=GPF mult_5=HGY mult_6=GPF adder_0=073 adder_2=0MH adder_4=0DL adder_5=0AV adder_7=0DL
sc_cfg120,29.260844,42.784992,32.109162,46.2193,9.7342,mult_0=DAE mult_1=F6B mult_3=GPF mult_4=5FA mult_5=DAE mult_6=DAE mult_7=HGY mult_8=HGP adder_1=0Q7 adder_2=0EM adder_3=0AV adder_4=0MH adder_5=0GK adder_6=0MH adder_7=073
sc_cfg1623,29.278924,24.221367,25.196705,17.2737,13.9425,mult_1=AQ1 mult_2=AQ1 mult_3=F6B mult_4=8VH mult_6=8VH mult_7=HGP mult_8=GPF adder_0=0Q7 adder_1=0AV adder_3=0DL adder_4=0Q7 adder_5=0DL adder_6=0GK adder_7=0MH
sc_cfg590,29.349075,29.352276,29.351433,0.0109,0.0080,mult_1=HGY mult_2=GPF mult_3=8VH mult_6=8VH mult_7=GPF mult_8=DAE adder_0=0EM adder_1=073 adder_3=0DL adder_4=073 adder_5=0EM
sc_cfg1196,29.356417,26.109203,29.582763,11.0613,0.7710,mult_0=DAE mult_2=CK3 mult_6=5FA mult_7=8VH adder_3=02E adder_5=0MH adder_6=0GK
sc_cfg396,29.379898,29.351807,29.351448,0.0956,0.0968,mult_4=8VH mult_5=GPF mult_7=HGP mult_8=GPF adder_1=02E adder_3=0GK adder_6=0AV
sc_cfg240,29.418316,28.427713,30.918380,3.3673,5.0991,mult_0=5FA mult_2=HGP mult_3=F6B mult_4=HGP mult_6=GPF adder_1=0GK adder_3=073 adder_4=0GK adder_5=0Q7 adder_6=02E adder_7=0EM
sc_cfg673,29.423480,23.302685,23.561925,20.8024,19.9214,mult_0=DAE mult_1=HGP mult_3=F6B mult_5=GPF mult_6=HGP mult_7=CK3 adder_1=02E adder_2=0GK adder_3=0DL adder_4=0M0 adder_5=0DL adder_6=0DL adder_7=0MH
sc_cfg1280,29.453024,29.483076,29.482560,0.1020,0.1003,mult_0=5FA mult_2=8VH mult_4=8VH mult_5=HGY mult_7=DAE adder_0=0EM adder_1=0GK adder_2=02E adder_3=0MH adder_6=0EM
sc_cfg1064,29.538368,28.345857,29.569662,4.0372,0.1059,mult_2=HGP mult_3=8VH mult_4=8VH mult_5=5FA mult_6=5FA mult_8=AQ1 adder_0=0DL adder_3=0GK adder_4=0DL adder_5=02E
sc_cfg1176,29.544227,29.504441,29.555354,0.1347,0.0377,mult_0=AQ1 mult_1=HGP mult_2=8VH mult_3=CK3 mult_5=GPF mult_6=AQ1 mult_8=DAE adder_0=0EM adder_2=073 adder_4=0GK adder_5=0DL adder_7=073
sc_cfg1452,29.580157,29.597324,29.597324,0.0580,0.0580,mult_2=HGY mult_4=8VH mult_5=GPF mult_6=F6B mult_7=8VH adder_2=0DL
sc_cfg1353,29.627600,31.486821,31.463372,6.2753,6.1962,mult_3=8VH mult_7=CK3 mult_8=F6B adder_1=0M0 adder_6=0MH
sc_cfg704,29.658217,38.794740,30.866056,30.8060,4.0725,mult_0=8VH mult_1=HGP mult_2=HGP mult_3=DAE mult_4=8VH mult_5=8VH mult_6=AQ1 adder_0=0MH adder_1=0MH adder_2=073 adder_3=0Q7 adder_4=02E adder_5=0MH adder_6=0Q7 adder_7=02E
sc_cfg173,29.670023,29.706523,29.706523,0.1230,0.1230,mult_3=HGP mult_4=CK3 mult_5=HGP adder_0=0DL adder_3=0Q7
sc_cfg702,29.673521,29.712992,29.712933,0.1330,0.1328,mult_3=CK3 mult_4=8VH mult_5=GPF adder_0=0DL adder_1=0AV adder_2=0GK adder_6=0EM
sc_cfg552,29.742924,28.890416,28.890416,2.8663,2.8663,mult_4=CK3 adder_6=0MH
sc_cfg1269,29.759337,41.497139,31.641560,39.4424,6.3248,mult_0=HGY mult_1=GPF mult_2=AQ1 mult_4=F6B mult_5=5FA mult_6=F6B mult_7=CK3 mult_8=8VH adder_0=0MH adder_1=0GK adder_2=0MH adder_5=0GK adder_6=0MH adder_7=0AV
sc_cfg976,29.773840,29.467603,29.771246,1.0285,0.0087,mult_0=CK3 mult_1=5FA mult_2=8VH mult_3=5FA mult_4=F6B mult_6=AQ1 mult_7=HGY mult_8=HGP adder_0=02E adder_2=0MH adder_3=0Q7 adder_4=02E adder_5=073 adder_6=073 adder_7=0GK
sc_cfg102,29.832449,32.158487,29.295679,7.7970,1.7993,mult_2=8VH mult_5=GPF mult_6=HGP mult_7=8VH mult_8=CK3 adder_1=02E adder_2=0GK adder_3=0M0 adder_4=02E adder_5=073 adder_6=0DL adder_7=073
sc_cfg15,29.844686,33.580884,29.877584,12.5188,0.1102,mult_1=DAE mult_2=DAE mult_4=CK3 mult_5=HGP mult_6=CK3 mult_7=F6B mult_8=8VH adder_0=0DL adder_1=0DL adder_2=0GK adder_3=0Q7 adder_4=0GK adder_5=02E adder_6=0M0 adder_7=0M0
sc_cfg958,29.909418,29.064540,29.442078,2.8248,1.5625,mult_4=AQ1 mult_6=HGY adder_1=0GK adder_4=0MH adder_5=0AV adder_6=0MH
sc_cfg1241,29.917048,29.916740,29.903688,0.0010,0.0447,mult_1=CK3 mult_3=CK3 mult_4=8VH mult_6=HGY adder_1=073 adder_2=073 adder_5=0M0 adder_6=0DL
sc_cfg779,29.920274,29.596083,29.882879,1.0835,0.1250,mult_1=DAE mult_2=HGY mult_3=HGP mult_4=DAE mult_5=8VH mult_6=HGP mult_7=F6B adder_0=0MH adder_1=0AV adder_2=02E adder_3=0DL adder_4=0DL adder_5=0AV adder_6=0Q7 adder_7=0Q7
sc_cfg679,29.943920,33.011714,29.946375,10.2451,0.0082,mult_0=AQ1 mult_1=8VH mult_4=CK3 mult_5=HGP mult_7=5FA adder_0=0Q7 adder_1=0AV adder_2=02E adder_3=0DL adder_4=0MH adder_5=0EM
sc_cfg358,29.964625,34.149536,29.974820,13.9662,0.0340,mult_0=GPF mult_1=F6B mult_2=AQ1 mult_4=HGY mult_5=AQ1 mult_6=HGY mult_7=DAE mult_8=F6B adder_0=0GK adder_1=02E adder_2=0GK adder_3=02E adder_4=0EM adder_5=0MH adder_6=0AV adder_7=0Q7
sc_cfg1578,30.063536,35.804814,30.117293,19.0971,0.1788,mult_0=8VH mult_1=HGP mult_2=5FA mult_4=8VH mult_5=5FA mult_6=HGY mult_8=CK3 adder_0=0DL adder_1=0GK adder_2=0MH adder_3=0EM adder_4=0DL adder_5=0MH adder_6=073 adder_7=073
sc_cfg1252,30.075054,35.820204,30.093426,19.1027,0.0611,mult_0=DAE mult_1=HGP mult_2=HGP mult_3=F6B mult_4=GPF mult_5=5FA mult_6=8VH mult_7=HGP mult_8=8VH adder_0=0GK adder_1=0EM adder_2=0AV adder_3=073 adder_4=02E adder_5=0EM adder_6=0AV adder_7=0EM
sc_cfg254,30.114761,30.127474,30.123732,0.0422,0.0298,mult_0=8VH mult_1=8VH mult_2=CK3 mult_3=HGP mult_4=AQ1 mult_5=HGP adder_0=0GK adder_1=0Q7 adder_4=0Q7 adder_6=0EM
sc_cfg986,30.116813,30.089664,30.120030,0.0901,0.0107,mult_0=GPF mult_1=HGY mult_2=GPF mult_4=CK3 mult_6=HGY mult_8=5FA adder_0=073 adder_1=0M0 adder_5=0DL adder_6=0EM adder_7=0GK
sc_cfg637,30.122823,30.379080,30.381197,0.8507,0.8577,mult_3=GPF mult_4=8VH mult_5=F6B mult_7=AQ1 mult_8=GPF adder_0=0DL adder_1=0MH adder_3=0GK adder_4=0Q7 adder_6=0GK
sc_cfg989,30.139366,29.814240,30.202682,1.0787,0.2101,mult_0=8VH mult_1=DAE mult_2=8VH mult_3=CK3 mult_4=GPF mult_5=5FA mult_7=DAE mult_8=8VH adder_0=0DL adder_2=0Q7 adder_3=0Q7 adder_4=0AV adder_5=0DL adder_6=0GK adder_7=0DL
sc_cfg796,30.223182,30.569058,30.862752,1.1444,2.1162,mult_4=AQ1 mult_5=8VH adder_3=0MH adder_6=0MH
sc_cfg647,30.239524,30.939369,30.959706,2.3143,2.3816,mult_0=CK3 mult_1=HGY mult_4=CK3 mult_5=HGY mult_7=GPF mult_8=GPF adder_0=073 adder_1=073 adder_2=0EM adder_4=0Q7 adder_6=02E adder_7=0M0
sc_cfg1592,30.318370,30.340390,30.330162,0.0726,0.0389,mult_2=8VH mult_3=8VH mult_5=CK3 mult_7=GPF mult_8=HGY adder_0=0GK adder_1=02E adder_3=0Q7 adder_4=0Q7 adder_5=073 adder_6=0M0 adder_7=0M0
sc_cfg150,30.337398,29.507582,30.328707,2.7353,0.0286,mult_0=AQ1 mult_2=8VH mult_3=GPF mult_4=HGY mult_8=HGP adder_5=02E adder_6=0EM
sc_cfg205,30.337427,41.005087,31.922828,35.1634,5.2259,mult_1=GPF mult_3=HGP mult_4=HGY mult_5=F6B mult_6=HGY mult_7=AQ1 adder_0=0MH adder_2=0M0 adder_4=0MH adder_7=02E
sc_cfg176,30.350652,30.366323,30.366323,0.0516,0.0516,mult_2=CK3 mult_4=CK3 mult_5=CK3 mult_7=HGP mult_8=DAE
sc_cfg1234,30.383226,35.374548,30.406472,16.4279,0.0765,mult_0=F6B mult_1=DAE mult_2=8VH mult_4=HGP mult_6=CK3 adder_0=02E adder_2=0MH adder_3=0AV adder_5=0MH adder_6=02E
sc_cfg233,30.406257,32.805869,32.917961,7.8918,8.2605,mult_1=GPF mult_2=GPF mult_4=CK3 mult_5=HGY mult_6=F6B mult_7=5FA mult_8=HGP adder_0=0MH adder_1=0Q7 adder_2=02E adder_5=0AV adder_6=02E adder_7=0EM
sc_cfg25,30.416665,30.509660,30.562773,0.3057,0.4804,mult_0=CK3 mult_2=HGP mult_3=HGY mult_4=HGP mult_5=AQ1 mult_7=DAE adder_1=0Q7 adder_2=0AV adder_3=0MH adder_4=0M0 adder_5=0M0 adder_6=0GK adder_7=073
sc_cfg1288,30.419007,29.376961,30.400040,3.4256,0.0624,mult_0=HGY mult_1=AQ1 mult_2=DAE mult_3=F6B mult_4=AQ1 mult_5=HGP mult_7=HGP mult_8=AQ1 adder_0=02E adder_1=0GK adder_2=0AV adder_3=073 adder_4=0MH adder_6=0Q7 adder_7=0Q7
sc_cfg1602,30.453723,30.498575,30.495467,0.1473,0.1371,mult_1=HGP mult_4=8VH mult_5=8VH mult_6=HGY mult_8=5FA adder_0=0GK adder_2=02E adder_3=0M0 adder_6=0EM adder_7=073
sc_cfg215,30.498296,30.514387,30.509329,0.0528,0.0362,mult_0=8VH mult_1=GPF mult_3=HGP mult_4=F6B mult_5=HGY mult_6=DAE mult_7=GPF mult_8=HGP adder_0=02E adder_1=0M0 adder_2=0GK adder_3=0EM adder_4=073 adder_5=0M0 adder_6=073 adder_7=0Q7
sc_cfg616,30.572446,32.611042,30.523846,6.6681,0.1590,mult_0=F6B mult_1=8VH mult_2=GPF mult_3=5FA mult_4=F6B mult_5=HGP mult_6=F6B mult_8=DAE adder_0=02E adder_1=0MH adder_2=0MH adder_3=0M0 adder_4=0Q7 adder_5=02E adder_6=0AV adder_7=0DL
sc_cfg442,30.585672,32.508859,30.653021,6.2879,0.2202,mult_1=DAE mult_2=HGY mult_3=DAE mult_4=DAE mult_5=8VH mult_7=GPF adder_1=0GK adder_2=073 adder_5=0MH adder_6=0GK
sc_cfg158,30.603736,30.570348,30.352861,0.1091,0.8198,mult_0=5FA mult_1=8VH mult_2=HGP mult_3=GPF mult_4=HGP mult_5=F6B mult_8=CK3 adder_0=0AV adder_1=0EM adder_2=0M0 adder_4=0DL adder_5=0GK adder_7=02E
sc_cfg343,30.687251,30.713685,30.712789,0.0861,0.0832,mult_1=F6B mult_4=HGY mult_7=8VH mult_8=HGY adder_1=0MH adder_3=0MH adder_4=073 adder_6=0Q7
sc_cfg1692,30.780271,33.583370,30.801344,9.1068,0.0685,mult_1=5FA mult_3=8VH mult_5=HGP mult_7=GPF adder_0=0MH adder_2=0DL adder_4=0GK adder_5=0MH adder_6=0M0 adder_7=0M0
sc_cfg1178,30.807683,31.068594,30.533305,0.8469,0.8906,mult_0=5FA mult_1=5FA mult_2=5FA mult_4=HGY mult_5=5FA mult_6=HGP mult_7=AQ1 mult_8=8VH adder_0=02E adder_1=02E adder_2=0Q7 adder_3=0EM adder_4=02E adder_5=0GK adder_6=0AV adder_7=0GK
sc_cfg1180,30.851811,41.565376,30.970172,34.7259,0.3836,mult_1=GPF mult_2=8VH mult_3=DAE mult_4=8VH mult_5=CK3 mult_6=DAE mult_7=8VH mult_8=AQ1 adder_0=073 adder_1=0DL adder_2=0GK adder_3=0EM adder_4=0AV adder_5=0MH adder_6=02E adder_7=0Q7
sc_cfg791,30.857644,31.052045,30.516565,0.6300,1.1053,mult_0=HGP mult_2=CK3 mult_4=5FA mult_6=HGP mult_7=8VH mult_8=5FA adder_1=0M0 adder_3=0M0 adder_4=0GK adder_5=0MH adder_6=0GK adder_7=0DL
sc_cfg536,30.959789,32.056761,30.945411,3.5432,0.0464,mult_0=CK3 mult_1=AQ1 mult_4=8VH mult_5=GPF mult_6=8VH mult_7=DAE mult_8=DAE adder_1=02E adder_3=0DL adder_5=0GK
sc_cfg1175,30.968226,30.189608,30.960669,2.5142,0.0244,mult_0=DAE mult_2=CK3 mult_3=GPF mult_4=HGY mult_8=HGP adder_0=0Q7 adder_1=0AV adder_2=0EM adder_3=0M0 adder_5=02E adder_6=0M0 adder_7=0DL
sc_cfg82,30.983914,33.095475,30.642889,6.8150,1.1007,mult_0=DAE mult_1=CK3 mult_2=HGY mult_3=HGP mult_4=F6B mult_5=F6B mult_6=8VH mult_7=CK3 mult_8=AQ1 adder_0=0AV adder_1=02E adder_2=0AV adder_3=02E adder_4=073 adder_5=02E adder_6=0GK adder_7=073
sc_cfg719,30.994639,33.298821,30.758180,7.4341,0.7629,mult_0=F6B mult_1=5FA mult_3=CK3 mult_4=DAE mult_5=CK3 mult_8=HGP adder_1=0AV adder_2=02E adder_3=02E adder_4=0GK adder_5=02E adder_7=0DL
sc_cfg303,31.017361,31.433554,31.091440,1.3418,0.2388,mult_0=HGY mult_2=F6B mult_3=HGP mult_4=8VH mult_5=CK3 mult_6=DAE mult_7=AQ1 mult_8=5FA adder_0=02E adder_1=073 adder_2=0M0 adder_3=0M0 adder_5=0DL adder_6=0AV adder_7=073
sc_cfg363,31.062726,32.066908,31.023462,3.2328,0.1264,mult_0=AQ1 mult_4=F6B mult_5=HGY mult_6=DAE mult_7=8VH mult_8=HGP adder_1=02E adder_3=0MH adder_4=02E adder_5=0GK adder_7=0M0
sc_cfg1582,31.091999,34.794425,32.832674,11.9080,5.5985,mult_0=HGY mult_2=GPF mult_4=AQ1 mult_5=CK3 mult_7=AQ1 mult_8=HGY adder_0=0GK adder_1=0MH adder_2=0MH adder_3=0MH adder_6=02E adder_7=0AV
sc_cfg1534,31.155345,30.982523,31.186392,0.5547,0.0997,mult_0=DAE mult_1=HGY mult_2=HGY mult_4=CK3 mult_5=8VH adder_0=02E adder_1=0DL adder_2=0AV adder_3=0M0 adder_5=02E
sc_cfg1209,31.221920,32.747644,32.246110,4.8867,3.2804,mult_0=CK3 mult_1=AQ1 mult_2=F6B mult_6=HGY mult_7=HGP mult_8=CK3 adder_0=0GK adder_1=0GK adder_2=0MH adder_3=02E adder_4=0Q7 adder_5=02E adder_6=0MH adder_7=073
sc_cfg1024,31.260897,30.978070,31.304920,0.9047,0.1408,mult_2=F6B mult_3=GPF mult_4=HGP mult_7=F6B mult_8=8VH adder_2=0DL adder_3=0MH adder_5=0GK
sc_cfg557,31.454448,35.423867,35.655104,12.6196,13.3547,mult_1=GPF mult_3=HGP mult_6=HGP mult_7=5FA adder_0=0Q7 adder_1=0EM adder_2=0DL adder_3=0AV adder_4=0DL adder_5=073 adder_6=0MH adder_7=073
sc_cfg1021,31.480111,32.397161,31.560716,2.9131,0.2561,mult_0=F6B mult_1=F6B mult_2=AQ1 mult_3=DAE mult_4=HGP mult_5=HGY mult_6=F6B mult_7=5FA mult_8=F6B adder_0=0AV adder_1=0MH adder_2=0MH adder_3=0GK adder_4=0GK adder_5=073 adder_6=0M0 adder_7=0EM
sc_cfg1262,31.547645,31.541655,31.561473,0.0190,0.0438,mult_1=DAE mult_2=HGP mult_3=DAE mult_4=5FA mult_6=GPF mult_7=HGP mult_8=HGP adder_1=0MH adder_2=0MH adder_6=0M0
sc_cfg1402,31.604605,31.269275,27.129605,1.0610,14.1593,mult_2=DAE mult_3=5FA mult_6=8VH mult_7=HGY adder_0=073 adder_1=0AV adder_2=0DL adder_3=073 adder_4=0Q7 adder_6=0MH adder_7=0MH
sc_cfg1214,31.649265,31.715508,31.709122,0.2093,0.1891,mult_0=HGP mult_1=8VH mult_2=F6B mult_3=CK3 mult_4=CK3 mult_6=HGP mult_8=DAE adder_0=02E adder_1=0GK adder_3=073 adder_5=073 adder_6=073 adder_7=0Q7
sc_cfg75,31.673617,32.378274,31.726731,2.2247,0.1677,mult_0=5FA mult_2=HGP mult_4=HGY mult_5=HGP mult_6=DAE mult_7=HGY mult_8=GPF adder_0=0DL adder_1=0M0 adder_2=0EM adder_5=0GK adder_6=02E
sc_cfg1325,31.794831,33.205632,31.570622,4.4372,0.7052,mult_0=AQ1 mult_1=GPF mult_2=F6B mult_3=AQ1 mult_4=DAE mult_5=HGP mult_7=HGP mult_8=AQ1 adder_0=0MH adder_1=0M0 adder_2=0Q7 adder_3=0Q7 adder_4=0AV adder_6=0MH adder_7=0M0
sc_cfg22,31.833840,36.898833,36.904682,15.9107,15.9291,mult_0=AQ1 mult_1=8VH mult_2=AQ1 mult_3=HGY mult_5=F6B mult_6=GPF mult_7=GPF mult_8=DAE adder_0=0M0 adder_3=0AV adder_5=0M0 adder_6=0MH adder_7=02E
sc_cfg600,31.864356,34.742763,31.890881,9.0333,0.0832,mult_0=F6B mult_1=AQ1 mult_2=DAE mult_3=GPF mult_4=8VH mult_6=5FA mult_8=F6B adder_0=02E adder_1=0GK adder_2=0GK adder_3=0M0 adder_4=0MH adder_7=0Q7
sc_cfg247,31.947215,32.715027,31.976579,2.4034,0.0919,mult_0=DAE mult_2=AQ1 mult_3=5FA mult_4=HGP mult_5=HGP mult_6=HGP mult_7=CK3 mult_8=HGY adder_0=0GK adder_1=0AV adder_2=0AV adder_3=073 adder_4=0EM adder_5=0GK adder_6=073 adder_7=0GK
sc_cfg1076,31.953344,38.656987,36.550128,20.9795,14.3859,mult_0=5FA mult_2=F6B mult_3=5FA mult_4=5FA mult_5=CK3 mult_6=8VH mult_7=5FA adder_0=0GK adder_1=0DL adder_2=0MH adder_3=0MH adder_4=0M0 adder_6=0MH
sc_cfg262,31.997399,32.037884,32.028761,0.1265,0.0980,mult_2=HGY mult_3=8VH mult_4=CK3 mult_6=F6B mult_8=F6B adder_1=0GK adder_2=0EM adder_3=0MH adder_4=0Q7 adder_5=073 adder_6=0Q7 adder_7=0Q7
sc_cfg50,32.024676,34.418744,32.077872,7.4757,0.1661,mult_1=HGP mult_2=GPF mult_3=AQ1 mult_4=DAE mult_5=8VH mult_7=8VH adder_0=073 adder_1=0EM adder_2=0M0 adder_3=0DL adder_4=0DL adder_5=0MH adder_6=0DL adder_7=02E
sc_cfg2,32.027413,32.750447,29.931692,2.2575,6.5435,mult_0=DAE mult_1=DAE mult_2=F6B mult_4=HGY mult_5=F6B mult_6=GPF mult_8=HGY adder_3=02E adder_5=0MH adder_7=0MH
sc_cfg1552,32.036761,35.849974,32.040183,11.9026,0.0107,mult_1=F6B mult_4=HGY mult_5=5FA mult_6=F6B mult_7=5FA mult_8=CK3 adder_1=0M0 adder_3=0Q7 adder_4=0MH adder_5=0MH adder_6=0AV
sc_cfg1253,32.132165,35.781998,35.764672,11.3588,11.3049,mult_0=8VH mult_1=F6B mult_3=8VH mult_4=HGP adder_0=073 adder_3=073 adder_6=0MH adder_7=02E
sc_cfg500,32.140613,32.269705,32.179273,0.4016,0.1203,mult_0=8VH mult_1=AQ1 mult_3=HGP mult_4=GPF mult_6=HGP mult_7=8VH mult_8=DAE adder_0=073 adder_2=0Q7 adder_3=0AV adder_4=0GK adder_6=0EM adder_7=0DL
sc_cfg428,32.155996,32.228030,32.193252,0.2240,0.1159,mult_0=DAE mult_1=CK3 mult_3=8VH mult_4=DAE mult_5=GPF mult_6=HGY mult_7=HGP mult_8=DAE adder_0=02E adder_1=0EM adder_2=0DL adder_3=0Q7 adder_4=073 adder_5=0M0 adder_6=073 adder_7=0Q7
sc_cfg996,32.190690,23.226378,22.386266,27.8475,30.4573,mult_3=HGP mult_4=DAE mult_5=HGY mult_7=CK3 adder_0=0DL adder_1=0GK adder_2=0AV adder_3=0MH adder_4=02E adder_5=073 adder_6=02E adder_7=0MH
sc_cfg89,32.225752,26.786902,28.712030,16.8773,10.9035,mult_0=DAE mult_2=HGY mult_3=AQ1 mult_6=8VH mult_7=5FA adder_5=0MH adder_7=0MH
sc_cfg1376,32.307175,31.530786,31.779844,2.4031,1.6322,mult_0=DAE mult_4=CK3 mult_5=8VH mult_6=8VH mult_7=8VH mult_8=CK3 adder_0=0AV adder_1=0M0 adder_2=0M0 adder_3=02E adder_5=02E adder_6=0GK adder_7=0M0
sc_cfg290,32.375513,37.317057,32.285111,15.2632,0.2792,mult_0=AQ1 mult_1=HGY mult_2=5FA mult_5=HGP mult_6=CK3 mult_7=HGY mult_8=GPF adder_0=0DL adder_2=0GK adder_3=0GK adder_4=0MH adder_5=02E adder_7=0M0
sc_cfg479,32.397349,36.916499,32.431041,13.9491,0.1040,mult_0=DAE mult_1=F6B mult_2=5FA mult_4=GPF mult_6=GPF mult_7=8VH mult_8=GPF adder_1=0M0 adder_2=0AV adder_3=0DL adder_4=0DL adder_5=0MH adder_6=0EM adder_7=0Q7
sc_cfg1185,32.426331,24.159724,24.159184,25.4935,25.4952,mult_1=F6B mult_3=8VH mult_5=HGY mult_6=GPF mult_7=5FA adder_1=0AV adder_2=02E adder_3=0M0 adder_5=0AV adder_7=0MH
sc_cfg179,32.441346,32.231550,32.220717,0.6467,0.6801,mult_0=8VH mult_1=HGY mult_2=8VH mult_4=8VH mult_5=F6B mult_6=GPF mult_7=8VH mult_8=HGY adder_0=0MH adder_1=073 adder_2=0AV adder_3=0GK adder_4=0M0 adder_5=0Q7 adder_7=02E
sc_cfg1435,32.452009,32.761110,32.425996,0.9525,0.0802,mult_0=5FA mult_1=CK3 mult_2=GPF mult_3=CK3 mult_4=8VH mult_5=DAE mult_8=F6B adder_0=0MH adder_1=02E adder_2=0AV adder_3=0GK adder_4=0AV adder_5=0GK adder_6=0AV adder_7=0M0
sc_cfg516,32.731340,35.001198,32.807787,6.9348,0.2336,mult_0=F6B mult_1=F6B mult_2=GPF mult_3=F6B mult_4=8VH mult_5=HGP mult_7=GPF mult_8=HGP adder_0=0AV adder_1=073 adder_2=02E adder_3=0EM adder_4=02E adder_5=0Q7 adder_6=0DL adder_7=073
sc_cfg540,32.764719,32.868170,32.837101,0.3157,0.2209,mult_0=F6B mult_1=F6B mult_2=HGY mult_3=HGY mult_4=GPF mult_7=HGP mult_8=5FA adder_0=0M0 adder_1=0MH adder_2=0AV adder_4=0Q7 adder_5=0M0 adder_6=0M0
sc_cfg266,32.775505,35.919632,33.740536,9.5929,2.9444,mult_0=HGP mult_1=CK3 mult_4=DAE mult_5=CK3 mult_7=HGP mult_8=DAE adder_1=02E adder_3=0M0 adder_5=0MH adder_7=0GK
sc_cfg248,32.829951,36.678060,32.941425,11.7213,0.3395,mult_0=F6B mult_1=AQ1 mult_2=8VH mult_3=8VH mult_4=5FA mult_5=F6B mult_6=GPF mult_7=F6B mult_8=8VH adder_0=0GK adder_1=0Q7 adder_2=0MH adder_3=0M0 adder_4=0Q7 adder_5=02E adder_6=0DL adder_7=073
sc_cfg769,32.942644,43.913895,43.294420,33.3041,31.4236,mult_0=HGP mult_1=CK3 mult_2=8VH mult_3=HGP mult_4=CK3 mult_5=F6B mult_8=AQ1 adder_0=02E adder_1=0M0 adder_2=073 adder_3=0EM adder_4=0EM adder_5=0AV adder_6=0MH adder_7=02E
sc_cfg1346,32.945917,41.850929,33.011657,27.0292,0.1995,mult_1=GPF mult_2=CK3 mult_3=HGY mult_4=HGY mult_5=F6B mult_8=DAE adder_0=0MH adder_1=0Q7 adder_2=0M0 adder_4=0MH adder_5=0GK adder_6=0GK
sc_cfg1027,32.956979,33.161197,33.263436,0.6197,0.9299,mult_0=DAE mult_2=GPF mult_3=HGP mult_4=HGP mult_6=HGY mult_7=AQ1 mult_8=AQ1 adder_0=0EM adder_1=0Q7 adder_2=0Q7 adder_3=02E adder_4=0GK adder_5=0DL adder_6=0M0 adder_7=02E
sc_cfg109,33.082509,32.370805,35.079145,2.1513,6.0353,mult_1=HGP mult_2=HGP mult_3=DAE mult_4=8VH mult_7=DAE mult_8=F6B adder_0=0M0 adder_1=0Q7 adder_2=0AV adder_3=0DL adder_4=0Q7 adder_5=02E adder_6=0MH
sc_cfg1157,33.135891,34.036431,32.714990,2.7177,1.2702,mult_2=5FA mult_3=DAE adder_0=0M0 adder_1=0MH adder_3=0GK adder_4=0M0 adder_5=0MH adder_6=0MH adder_7=073
sc_cfg716,33.174222,38.614150,33.198081,16.3981,0.0719,mult_1=HGY mult_3=DAE mult_4=CK3 mult_5=8VH mult_7=8VH adder_2=02E adder_3=02E adder_5=02E
sc_cfg257,33.246868,32.819611,32.889709,1.2851,1.0743,mult_2=5FA mult_5=HGY mult_6=CK3 mult_8=5FA adder_0=0EM adder_5=0DL adder_6=0MH
sc_cfg936,33.253124,26.170940,29.380440,21.2978,11.6461,mult_1=DAE mult_2=F6B mult_4=8VH mult_5=HGP mult_6=HGY mult_7=DAE adder_2=073 adder_3=0AV adder_5=02E adder_6=0DL adder_7=0MH
sc_cfg253,33.308115,33.978203,33.526772,2.0118,0.6565,mult_0=AQ1 mult_2=AQ1 mult_4=8VH mult_5=5FA mult_6=8VH adder_0=0GK adder_1=0EM adder_2=073 adder_3=073 adder_4=0DL adder_5=0AV adder_6=0MH adder_7=0AV
sc_cfg690,33.317122,33.316791,33.362817,0.0010,0.1372,mult_1=HGP mult_3=GPF mult_4=GPF mult_5=GPF mult_7=AQ1 mult_8=DAE adder_1=0Q7 adder_3=0DL adder_6=0DL adder_7=0M0
sc_cfg598,33.322577,37.614517,33.353916,12.8800,0.0940,mult_0=DAE mult_1=F6B mult_2=HGY mult_3=HGY mult_4=5FA mult_5=AQ1 mult_6=HGP mult_7=AQ1 mult_8=DAE adder_0=0EM adder_1=02E adder_4=0Q7 adder_5=0MH adder_6=0M0 adder_7=0M0
sc_cfg208,33.327091,37.494820,33.342769,12.5055,0.0470,mult_0=HGY mult_1=AQ1 mult_2=HGP mult_3=HGP mult_5=AQ1 mult_6=8VH mult_8=GPF adder_0=0DL adder_5=0MH adder_6=073 adder_7=0AV
sc_cfg1051,33.335772,32.589394,33.348598,2.2390,0.0385,mult_0=F6B mult_1=HGP mult_2=8VH mult_3=GPF mult_4=CK3 mult_5=5FA mult_6=AQ1 mult_7=5FA adder_0=0M0 adder_1=0M0 adder_2=0EM adder_3=0DL adder_5=02E adder_7=0DL
sc_cfg680,33.424390,33.700449,33.445895,0.8259,0.0643,mult_0=HGY mult_2=DAE mult_3=HGY mult_4=5FA mult_5=CK3 adder_2=0Q7 adder_3=0M0 adder_5=0MH adder_6=0GK adder_7=0EM
sc_cfg634,33.430805,34.532607,35.394412,3.2958,5.8736,mult_0=8VH mult_1=5FA mult_3=CK3 mult_4=AQ1 mult_6=F6B mult_7=F6B mult_8=DAE adder_0=0M0 adder_2=0AV adder_4=0GK adder_5=0MH adder_6=0MH adder_7=0EM
sc_cfg1459,33.437965,33.462785,33.462785,0.0742,0.0742,mult_0=HGP mult_1=GPF mult_3=HGY mult_4=CK3 mult_7=F6B mult_8=5FA adder_3=0MH
sc_cfg431,33.500046,35.651763,32.987868,6.4230,1.5289,mult_0=DAE mult_1=GPF mult_3=5FA mult_4=HGP mult_5=CK3 mult_6=DAE mult_7=GPF mult_8=DAE adder_0=0DL adder_1=02E adder_2=0M0 adder_3=0DL adder_4=0MH adder_5=0Q7 adder_6=0Q7 adder_7=0GK
sc_cfg1646,33.603101,33.350224,33.673223,0.7525,0.2087,mult_1=8VH mult_3=HGP mult_4=CK3 mult_6=8VH mult_7=HGP adder_0=073 adder_1=0AV adder_2=0M0 adder_3=0MH adder_4=0DL adder_5=0EM adder_6=0GK
sc_cfg1591,33.614088,33.839079,33.663129,0.6693,0.1459,mult_1=CK3 mult_3=8VH mult_5=GPF mult_8=GPF adder_0=0Q7 adder_2=0MH adder_4=0GK adder_6=0AV adder_7=0AV
sc_cfg1274,33.691111,33.887820,33.676287,0.5839,0.0440,mult_0=GPF mult_1=GPF mult_2=GPF mult_3=AQ1 mult_4=F6B mult_5=AQ1 mult_6=8VH mult_7=HGY adder_2=0MH adder_3=02E adder_4=0DL adder_5=0EM adder_6=0Q7 adder_7=0DL
sc_cfg653,33.700136,35.190127,37.932504,4.4213,12.5589,mult_0=DAE mult_1=F6B mult_2=CK3 mult_3=HGY mult_4=8VH mult_5=F6B mult_6=HGP mult_7=HGY mult_8=HGP adder_0=0AV adder_2=0Q7 adder_3=0EM adder_4=0EM adder_5=0GK adder_6=02E adder_7=0MH
sc_cfg412,33.733240,47.106895,46.511437,39.6453,37.8801,mult_0=GPF mult_1=HGY mult_2=AQ1 mult_3=GPF mult_4=GPF mult_5=HGY mult_6=F6B mult_7=5FA mult_8=DAE adder_0=0Q7 adder_1=0MH adder_2=0DL adder_3=0Q7 adder_4=0AV adder_5=02E adder_6=0MH adder_7=0M0
sc_cfg333,33.822984,33.853279,33.853280,0.0896,0.0896,mult_3=8VH mult_4=HGP mult_5=HGP mult_7=5FA adder_0=0GK adder_1=0GK adder_3=0MH adder_4=0AV
sc_cfg775,33.862836,34.026773,33.857950,0.4841,0.0144,mult_0=HGY mult_1=GPF mult_3=8VH mult_5=8VH mult_7=8VH mult_8=8VH adder_0=0AV adder_1=0MH adder_3=073 adder_4=0DL adder_5=0Q7 adder_6=0AV adder_7=0EM
sc_cfg544,33.884349,38.637725,36.499182,14.0282,7.7169,mult_0=HGY mult_3=DAE mult_5=HGP mult_7=HGP mult_8=F6B adder_0=0MH adder_2=0MH adder_3=073 adder_5=0M0 adder_6=0MH
sc_cfg1006,33.939869,33.504725,33.257681,1.2821,2.0100,mult_0=HGP mult_2=8VH mult_7=GPF adder_0=0GK adder_2=0GK adder_3=0MH adder_4=0DL adder_6=0MH adder_7=073
sc_cfg1259,33.949727,28.382342,33.968948,16.3989,0.0566,mult_0=5FA mult_2=DAE mult_3=CK3 mult_4=GPF mult_5=GPF mult_6=F6B mult_7=5FA adder_0=073 adder_1=0DL adder_2=073 adder_3=0EM adder_4=02E adder_5=0AV adder_6=0EM
sc_cfg497,34.079893,37.277686,34.105456,9.3832,0.0750,mult_1=5FA mult_2=HGP mult_4=HGY mult_5=CK3 mult_6=5FA mult_7=DAE mult_8=HGP adder_3=0Q7 adder_4=0MH
sc_cfg1266,34.099654,28.495627,29.287974,16.4343,14.1106,mult_0=DAE mult_2=CK3 mult_4=AQ1 mult_5=GPF mult_6=F6B adder_0=0Q7 adder_3=0EM adder_5=0MH adder_7=0MH
sc_cfg1656,34.266383,37.070472,34.354850,8.1832,0.2582,mult_0=CK3 mult_1=GPF mult_2=GPF mult_3=AQ1 mult_4=5FA mult_5=HGY mult_6=5FA mult_7=HGY mult_8=5FA adder_0=0AV adder_1=0M0 adder_2=0DL adder_3=0AV adder_4=0DL adder_5=0MH adder_6=0M0 adder_7=073
sc_cfg1570,34.387685,39.362753,34.381699,14.4676,0.0174,mult_3=GPF mult_5=HGP mult_6=CK3 mult_7=8VH mult_8=CK3 adder_2=0M0 adder_3=0M0 adder_4=0MH adder_5=0M0 adder_7=0DL
sc_cfg630,34.459439,36.366755,34.482344,5.5350,0.0665,mult_0=5FA mult_2=F6B mult_3=AQ1 mult_4=8VH mult_5=8VH mult_6=8VH mult_7=AQ1 mult_8=5FA adder_0=0Q7 adder_1=0Q7 adder_2=0Q7 adder_3=02E adder_4=0MH adder_5=0EM adder_6=0AV adder_7=0Q7
sc_cfg459,34.627271,35.022892,34.651193,1.1425,0.0691,mult_0=HGP mult_1=HGP mult_2=AQ1 mult_3=GPF mult_4=5FA mult_5=CK3 mult_6=8VH mult_7=HGP mult_8=CK3 adder_0=0EM adder_1=0M0 adder_2=0AV adder_3=0MH adder_4=0DL adder_5=073 adder_6=0EM adder_7=0DL
sc_cfg712,34.684138,34.717964,34.720783,0.0975,0.1057,mult_2=8VH mult_3=HGP mult_4=CK3 mult_6=HGP mult_7=5FA mult_8=CK3 adder_1=0M0 adder_3=0Q7 adder_6=0GK
sc_cfg776,34.719515,32.406926,34.731644,6.6608,0.0349,mult_0=HGP mult_2=HGY mult_4=GPF mult_5=AQ1 mult_6=CK3 mult_7=AQ1 adder_0=0GK adder_1=0AV adder_3=0MH adder_4=0EM adder_5=0MH adder_6=0AV
sc_cfg268,34.720160,35.510976,34.760495,2.2777,0.1162,mult_0=5FA mult_2=GPF mult_3=F6B mult_4=8VH mult_5=CK3 mult_6=HGP adder_1=0AV adder_4=073 adder_5=0GK adder_7=0AV
sc_cfg1089,34.725788,39.495723,40.960854,13.7360,17.9551,mult_0=CK3 mult_1=CK3 mult_2=DAE mult_5=GPF mult_7=HGP mult_8=HGP adder_1=0MH adder_3=0Q7 adder_5=0MH adder_6=02E adder_7=02E
sc_cfg126,34.749837,34.772730,34.781917,0.0659,0.0923,mult_0=8VH mult_1=DAE mult_2=AQ1 mult_3=HGY mult_4=HGY mult_5=8VH mult_7=F6B mult_8=HGP adder_0=0EM adder_1=0GK adder_2=0MH adder_3=0EM adder_4=0M0 adder_6=0Q7 adder_7=0Q7
sc_cfg1134,34.813548,36.832254,34.705044,5.7986,0.3117,mult_0=5FA mult_1=DAE mult_3=8VH mult_4=DAE mult_5=8VH mult_6=5FA mult_7=CK3 mult_8=F6B adder_0=0DL adder_1=0M0 adder_3=0DL adder_4=0M0 adder_5=0MH adder_6=0DL adder_7=0Q7
sc_cfg691,34.829357,35.940744,36.030085,3.1909,3.4475,mult_3=8VH mult_4=DAE mult_6=HGP mult_7=CK3 mult_8=5FA adder_0=073 adder_1=0DL adder_5=0AV adder_6=0MH adder_7=073
sc_cfg1271,34.841278,34.435049,34.865966,1.1659,0.0709,mult_0=F6B mult_1=DAE mult_2=HGP mult_3=GPF mult_4=HGY mult_5=5FA mult_6=5FA mult_7=CK3 mult_8=AQ1 adder_0=0DL adder_1=0AV adder_2=0AV adder_3=02E adder_4=073 adder_5=0GK adder_6=0Q7
sc_cfg860,34.939109,34.719662,34.941498,0.6281,0.0068,mult_1=F6B mult_2=CK3 mult_3=8VH mult_4=CK3 mult_6=8VH mult_7=5FA mult_8=AQ1 adder_0=0AV adder_1=0M0 adder_2=02E adder_4=0DL adder_5=0Q7 adder_6=0Q7 adder_7=0M0
sc_cfg157,34.986421,34.771656,34.888805,0.6139,0.2790,mult_0=F6B mult_1=DAE mult_2=CK3 mult_3=HGY mult_4=HGY mult_5=AQ1 mult_6=HGY mult_7=F6B mult_8=8VH adder_0=0AV adder_1=0EM adder_4=073 adder_5=0DL adder_7=02E
sc_cfg1300,34.994744,34.205681,34.967531,2.2548,0.0778,mult_1=HGP mult_2=CK3 mult_3=HGY mult_5=8VH mult_7=HGP mult_8=DAE adder_3=0DL adder_5=02E adder_6=0DL
sc_cfg804,35.344692,35.367671,35.364179,0.0650,0.0551,mult_1=HGP mult_2=8VH mult_3=CK3 mult_5=HGP mult_6=8VH mult_7=AQ1 adder_0=0MH adder_2=0M0 adder_3=0GK adder_5=0EM
sc_cfg1088,35.352685,37.124408,37.445024,5.0116,5.9185,mult_4=GPF mult_5=AQ1 mult_7=8VH mult_8=8VH adder_3=0MH adder_5=0Q7 adder_6=0MH
sc_cfg1013,35.388786,37.448519,37.578027,5.8203,6.1863,mult_3=DAE mult_4=8VH mult_5=CK3 mult_6=DAE mult_7=5FA mult_8=HGY adder_0=0AV adder_6=0MH adder_7=0AV
sc_cfg932,35.460021,50.303639,39.602297,41.8601,11.6815,mult_0=5FA mult_1=GPF mult_2=GPF mult_3=CK3 mult_4=GPF mult_5=AQ1 mult_6=DAE mult_7=HGY mult_8=5FA adder_0=0DL adder_2=02E adder_3=0DL adder_4=0EM adder_5=02E adder_6=0MH adder_7=0MH
sc_cfg1142,35.492417,38.961903,35.500907,9.7753,0.0239,mult_0=5FA mult_1=DAE mult_2=HGP mult_5=HGP mult_6=DAE mult_8=HGP adder_0=0Q7 adder_1=0DL adder_4=0MH adder_5=0MH adder_6=0DL adder_7=0EM
sc_cfg216,35.506790,35.434977,35.365617,0.2023,0.3976,mult_0=GPF mult_2=CK3 mult_3=DAE mult_4=8VH mult_5=HGY mult_7=AQ1 mult_8=F6B adder_0=0M0 adder_1=0MH adder_2=0EM adder_3=02E adder_4=0DL adder_6=0DL
sc_cfg238,35.532714,46.507575,35.574948,30.8866,0.1189,mult_0=GPF mult_3=GPF mult_5=CK3 mult_6=8VH adder_1=0GK adder_2=0MH adder_4=0EM adder_5=0MH adder_6=0EM
sc_cfg1689,35.594292,35.627976,35.628102,0.0946,0.0950,mult_1=AQ1 mult_2=HGY mult_3=F6B mult_4=8VH mult_5=8VH mult_6=HGP mult_7=AQ1 mult_8=5FA adder_0=0M0 adder_1=0GK adder_2=0EM adder_3=0M0 adder_5=0AV adder_6=0EM
sc_cfg1018,35.706481,35.441761,35.733935,0.7414,0.0769,mult_0=GPF mult_2=8VH mult_3=CK3 mult_4=GPF mult_5=AQ1 mult_6=HGY adder_1=0Q7 adder_3=02E adder_4=0DL
sc_cfg1220,35.750890,38.269362,35.783412,7.0445,0.0910,mult_0=5FA mult_1=HGP mult_3=8VH mult_4=CK3 mult_5=DAE mult_7=8VH adder_1=0DL adder_2=0MH adder_5=0MH adder_7=0M0
sc_cfg1605,35.830611,37.534568,35.830890,4.7556,0.0008,mult_0=HGY mult_3=HGP mult_4=HGY mult_5=5FA mult_6=DAE mult_7=DAE mult_8=AQ1 adder_0=0EM adder_1=02E adder_2=0DL adder_3=0AV adder_5=0MH adder_7=0Q7
sc_cfg114,35.991210,38.717474,39.065005,7.5748,8.5404,mult_0=CK3 mult_1=HGY mult_2=8VH mult_3=HGP mult_4=CK3 mult_6=GPF mult_8=DAE adder_0=02E adder_1=0AV adder_2=0DL adder_3=0AV adder_5=0EM adder_6=02E adder_7=0DL
sc_cfg433,36.031807,45.665718,36.035652,26.7372,0.0107,mult_0=CK3 mult_1=GPF mult_3=HGP mult_4=GPF adder_4=0MH adder_5=0MH
sc_cfg962,36.132948,36.785430,36.284187,1.8058,0.4186,mult_0=HGY mult_1=GPF mult_2=8VH mult_3=F6B mult_4=CK3 mult_6=HGP mult_7=HGP mult_8=F6B adder_0=0GK adder_1=0M0 adder_2=0MH adder_3=0Q7 adder_4=073 adder_5=0GK adder_6=073 adder_7=0DL
sc_cfg1219,36.177703,31.215625,32.857827,13.7158,9.1766,mult_0=CK3 mult_1=CK3 mult_3=8VH mult_4=8VH mult_6=HGY mult_7=F6B mult_8=5FA adder_0=073 adder_2=0EM adder_4=0AV adder_5=02E adder_6=0M0 adder_7=0MH
sc_cfg171,36.231278,37.442443,36.401668,3.3429,0.4703,mult_0=HGP mult_1=HGP mult_2=CK3 mult_3=HGY mult_5=AQ1 mult_6=HGY mult_7=AQ1 mult_8=GPF adder_0=0M0 adder_1=0GK adder_2=0MH adder_3=0MH adder_4=0GK adder_5=0EM adder_6=0M0 adder_7=0DL
sc_cfg1666,36.275650,37.573733,37.710626,3.5784,3.9558,mult_0=F6B mult_2=AQ1 mult_3=CK3 mult_5=HGY mult_7=AQ1 mult_8=8VH adder_0=073 adder_1=073 adder_3=0Q7 adder_4=073 adder_5=0EM adder_6=0MH adder_7=0DL
sc_cfg685,36.300853,38.961917,36.253764,7.3306,0.1297,mult_0=AQ1 mult_1=HGY mult_2=GPF mult_3=CK3 mult_5=HGP mult_6=8VH mult_7=GPF adder_0=0M0 adder_1=0MH adder_2=073 adder_3=073 adder_4=073 adder_5=02E adder_6=0EM
sc_cfg1412,36.302769,43.198549,36.328690,18.9952,0.0714,mult_0=HGP mult_1=HGY mult_2=HGY mult_4=HGY mult_5=GPF mult_7=F6B mult_8=HGP adder_0=073 adder_2=073 adder_3=0Q7 adder_4=0MH adder_6=0EM adder_7=0M0
sc_cfg728,36.465968,40.738045,35.941970,11.7152,1.4369,mult_2=HGP mult_3=CK3 mult_4=HGY mult_6=HGP adder_0=0GK adder_3=02E adder_4=0MH adder_5=073 adder_7=02E
sc_cfg925,36.556449,37.147062,36.554770,1.6156,0.0046,mult_2=CK3 mult_3=HGP mult_5=CK3 mult_6=F6B adder_2=0Q7 adder_3=0DL adder_4=073 adder_5=0MH adder_6=0EM
sc_cfg676,36.698694,34.985457,34.819343,4.6684,5.1210,mult_0=GPF mult_1=8VH mult_2=HGP mult_3=AQ1 mult_4=HGP mult_5=HGY mult_6=DAE mult_7=DAE mult_8=DAE adder_0=0EM adder_1=0Q7 adder_2=0GK adder_3=02E adder_4=073 adder_5=02E adder_6=0AV adder_7=02E
sc_cfg94,36.777302,43.019212,36.818371,16.9722,0.1117,mult_0=5FA mult_2=F6B mult_3=8VH mult_4=CK3 mult_5=GPF mult_6=DAE mult_8=HGY adder_0=0MH adder_1=0AV adder_2=0MH adder_3=02E adder_4=0MH adder_5=0EM
sc_cfg1344,36.791607,48.130821,38.601256,30.8201,4.9186,mult_0=F6B mult_1=AQ1 mult_2=HGP mult_3=8VH mult_4=GPF mult_5=HGY mult_7=8VH mult_8=AQ1 adder_1=0GK adder_2=0MH adder_3=0DL adder_4=0DL adder_5=0MH adder_6=02E adder_7=0AV
sc_cfg1034,36.864416,43.113720,36.872880,16.9521,0.0230,mult_0=CK3 mult_3=HGY mult_4=GPF mult_5=HGP mult_6=AQ1 mult_7=GPF adder_1=0Q7 adder_2=0DL adder_3=0EM adder_4=0MH adder_5=0EM adder_6=0Q7
sc_cfg592,36.965983,36.962818,36.942918,0.0086,0.0624,mult_1=8VH mult_3=8VH mult_4=F6B mult_5=HGP mult_6=HGY mult_7=HGP adder_1=02E adder_5=0DL adder_7=0Q7
sc_cfg876,37.077421,41.237345,41.594569,11.2196,12.1830,mult_0=HGP mult_4=HGP mult_5=CK3 mult_8=HGY adder_0=0EM adder_1=0M0 adder_3=0MH adder_4=073 adder_6=0MH
sc_cfg1283,37.224662,48.076432,37.253694,29.1521,0.0780,mult_1=8VH mult_2=CK3 mult_3=F6B mult_5=HGY mult_6=GPF mult_8=8VH adder_1=073 adder_2=0MH adder_3=0AV adder_4=0M0 adder_5=0MH
sc_cfg1509,37.257672,37.264359,37.252765,0.0179,0.0132,mult_1=CK3 mult_2=8VH mult_3=CK3 mult_5=GPF mult_6=8VH mult_7=5FA mult_8=CK3 adder_0=0GK adder_1=073 adder_3=0DL adder_5=073 adder_7=0GK
sc_cfg524,37.272222,38.077059,37.288779,2.1593,0.0444,mult_0=F6B mult_2=8VH mult_3=AQ1 mult_4=F6B mult_5=HGP mult_6=CK3 mult_7=GPF mult_8=5FA adder_0=073 adder_1=0M0 adder_2=0Q7 adder_3=02E adder_4=0Q7 adder_5=0MH adder_6=0Q7 adder_7=0AV
sc_cfg244,37.318500,37.284933,37.247791,0.0899,0.1895,mult_0=CK3 mult_1=AQ1 mult_2=GPF mult_3=GPF mult_4=8VH mult_6=HGY mult_7=CK3 adder_0=0M0 adder_1=0AV adder_3=073 adder_4=073 adder_5=0Q7 adder_6=0DL
sc_cfg112,37.455453,37.545702,37.525730,0.2409,0.1876,mult_2=HGP mult_3=CK3 mult_4=HGP mult_5=CK3 mult_6=AQ1 mult_8=GPF adder_0=073 adder_1=0EM adder_2=0AV adder_3=0GK adder_4=0Q7 adder_5=073 adder_7=073
sc_cfg762,37.461557,37.493973,37.493922,0.0865,0.0864,mult_0=F6B mult_3=HGY mult_4=GPF mult_5=GPF mult_6=5FA mult_8=GPF adder_0=0EM adder_1=0MH adder_2=0MH adder_3=073 adder_5=0AV adder_6=0AV adder_7=0AV
sc_cfg880,37.533849,36.110917,36.790996,3.7911,1.9792,mult_0=HGP mult_1=F6B mult_2=GPF mult_3=DAE mult_4=GPF mult_5=HGP mult_6=HGY mult_7=DAE mult_8=F6B adder_0=0MH adder_1=0MH adder_2=02E adder_3=0DL adder_4=0GK adder_5=0Q7 adder_6=0GK adder_7=02E
sc_cfg1048,37.554642,37.384077,37.583887,0.4542,0.0779,mult_0=5FA mult_3=HGY mult_4=CK3 mult_5=GPF mult_6=DAE mult_8=F6B adder_1=0MH adder_2=0AV adder_5=02E adder_6=0AV adder_7=0EM
sc_cfg23,37.586538,37.514495,37.465534,0.1917,0.3219,mult_0=HGY mult_1=F6B mult_2=5FA mult_3=CK3 mult_4=CK3 mult_6=8VH mult_7=CK3 mult_8=5FA adder_0=0GK adder_1=0MH adder_2=073 adder_3=073 adder_5=0GK adder_6=0EM adder_7=0DL
sc_cfg675,37.631196,32.362264,32.028610,14.0015,14.8881,mult_1=GPF mult_2=DAE mult_3=CK3 mult_4=5FA mult_5=HGY mult_6=HGP mult_7=8VH mult_8=GPF adder_0=0GK adder_2=02E adder_3=02E adder_4=0DL adder_7=0MH
sc_cfg217,37.677840,47.071958,48.539669,24.9327,28.8282,mult_0=DAE mult_1=GPF mult_2=HGY mult_3=CK3 mult_5=8VH mult_6=5FA mult_7=AQ1 mult_8=DAE adder_0=0Q7 adder_1=0MH adder_2=073 adder_3=0MH adder_4=073 adder_5=0DL adder_6=0MH adder_7=0Q7
sc_cfg615,37.714146,29.528347,31.770752,21.7049,15.7591,mult_1=CK3 mult_3=HGY mult_5=8VH mult_6=CK3 mult_7=HGY mult_8=HGP adder_0=0AV adder_2=02E adder_4=0M0 adder_5=0GK adder_6=0GK adder_7=0MH
sc_cfg1648,37.718048,36.522028,36.612528,3.1709,2.9310,mult_1=HGP mult_3=AQ1 mult_4=GPF mult_6=HGY adder_1=0AV adder_3=0GK adder_4=0M0 adder_6=0MH
sc_cfg757,37.732115,39.908956,39.872813,5.7692,5.6734,mult_0=CK3 mult_1=8VH mult_2=AQ1 mult_3=HGP mult_4=F6B mult_5=GPF mult_6=HGY mult_7=AQ1 mult_8=8VH adder_0=0AV adder_1=0MH adder_2=0AV adder_3=02E adder_4=0Q7 adder_5=073 adder_6=0GK adder_7=0Q7
sc_cfg34,37.738234,38.252917,37.761684,1.3638,0.0621,mult_0=CK3 mult_1=8VH mult_2=HGY mult_3=HGY mult_4=HGY mult_5=DAE mult_6=HGP mult_7=AQ1 mult_8=DAE adder_0=0Q7 adder_1=0EM adder_2=0Q7 adder_4=0GK adder_5=0M0 adder_7=0Q7
sc_cfg731,37.739081,45.729726,41.561158,21.1734,10.1276,mult_1=HGY mult_2=8VH mult_3=CK3 mult_6=HGP mult_7=DAE mult_8=GPF adder_0=0M0 adder_1=02E adder_2=0MH adder_3=073 adder_4=0Q7 adder_5=0MH adder_6=02E
sc_cfg1132,37.899007,46.243336,37.893734,22.0173,0.0139,mult_1=HGP mult_2=HGY mult_3=GPF mult_4=F6B mult_5=CK3 mult_6=CK3 mult_7=5FA adder_1=0Q7 adder_2=0GK adder_3=0EM adder_4=0MH adder_5=0Q7 adder_6=0Q7 adder_7=0AV
sc_cfg852,37.901441,48.561382,48.622867,28.1254,28.2876,mult_0=HGP mult_1=8VH mult_2=GPF mult_3=8VH mult_5=F6B mult_6=HGY mult_7=HGP mult_8=8VH adder_0=073 adder_1=073 adder_2=0Q7 adder_3=0Q7 adder_4=0AV adder_6=0MH adder_7=0DL
sc_cfg1205,37.999493,48.090676,36.135746,26.5561,4.9047,mult_0=AQ1 mult_1=F6B mult_2=AQ1 mult_3=CK3 mult_4=HGP mult_5=HGY mult_6=HGY mult_7=HGY mult_8=DAE adder_0=02E adder_1=0AV adder_2=0M0 adder_3=073 adder_4=02E adder_5=0GK adder_6=0MH adder_7=0M0
sc_cfg368,38.115351,46.070436,38.115845,20.8711,0.0013,mult_0=5FA mult_1=GPF mult_3=CK3 mult_4=CK3 mult_5=HGY mult_6=DAE mult_7=F6B adder_0=0AV adder_1=0EM adder_2=0AV adder_3=02E adder_4=0MH adder_6=0EM
sc_cfg1653,38.183557,41.121274,38.212851,7.6937,0.0767,mult_0=F6B mult_2=AQ1 mult_3=CK3 mult_4=CK3 mult_5=DAE mult_6=CK3 mult_7=CK3 mult_8=DAE adder_0=0MH adder_1=0AV adder_2=0M0 adder_3=0AV adder_4=0EM adder_5=0MH adder_6=073
sc_cfg554,38.264154,43.457789,38.290944,13.5731,0.0700,mult_0=AQ1 mult_1=AQ1 mult_2=8VH mult_3=8VH mult_4=8VH mult_5=F6B mult_6=DAE mult_7=AQ1 mult_8=F6B adder_0=0M0 adder_1=0Q7 adder_2=0GK adder_3=02E adder_4=0MH adder_5=0EM adder_6=0EM adder_7=0AV
sc_cfg1390,38.368953,31.512771,29.913927,17.8691,22.0361,mult_1=CK3 mult_3=CK3 mult_4=AQ1 mult_7=5FA mult_8=HGY adder_1=0DL adder_2=0MH adder_3=0AV adder_4=02E adder_5=073 adder_6=0MH
sc_cfg100,38.417820,33.749601,30.658910,12.1512,20.1961,mult_0=HGP mult_2=HGP mult_3=HGY mult_5=HGP mult_7=F6B mult_8=GPF adder_1=0DL adder_2=0M0 adder_3=0AV adder_4=02E adder_5=0EM adder_6=0MH adder_7=0EM
sc_cfg473,38.498512,42.197184,39.105492,9.6073,1.5766,mult_2=HGY mult_3=HGP mult_4=DAE mult_5=8VH mult_6=8VH mult_7=HGY mult_8=DAE adder_0=0M0 adder_1=0EM adder_2=02E adder_4=0MH adder_5=0EM adder_6=0GK adder_7=0GK
sc_cfg819,38.530679,40.198867,40.200727,4.3295,4.3343,mult_3=CK3 mult_4=HGY mult_5=GPF mult_6=GPF mult_7=GPF adder_0=0Q7 adder_3=0AV adder_4=0AV adder_5=0Q7 adder_6=02E adder_7=0EM
sc_cfg566,38.542060,41.718201,38.290202,8.2407,0.6535,mult_0=HGY mult_1=8VH mult_3=GPF mult_4=GPF mult_5=AQ1 mult_7=8VH mult_8=8VH adder_0=0EM adder_1=073 adder_2=0Q7 adder_3=073 adder_4=0M0 adder_5=0MH adder_6=0DL adder_7=0DL
sc_cfg383,38.746954,36.675821,36.718557,5.3453,5.2350,mult_1=GPF mult_3=CK3 mult_4=GPF mult_5=GPF mult_6=DAE mult_7=F6B mult_8=HGY adder_0=073 adder_1=0Q7 adder_2=0M0 adder_3=0GK adder_4=0AV adder_5=0EM adder_6=02E adder_7=0M0
sc_cfg978,38.851095,38.746000,38.756197,0.2705,0.2443,mult_0=F6B mult_1=AQ1 mult_2=8VH mult_3=AQ1 mult_4=8VH mult_5=CK3 mult_6=8VH mult_7=HGY mult_8=F6B adder_0=0AV adder_1=0Q7 adder_2=0Q7 adder_3=0MH adder_4=0Q7 adder_5=0M0 adder_6=0M0 adder_7=0Q7
sc_cfg239,38.862615,39.020863,38.948732,0.4072,0.2216,mult_3=HGP mult_4=HGP mult_5=GPF mult_6=8VH mult_7=8VH mult_8=F6B adder_0=0MH adder_1=02E adder_3=0DL adder_4=0M0 adder_5=073 adder_7=02E
sc_cfg45,39.046174,37.913963,38.394219,2.8997,1.6697,mult_3=GPF mult_4=HGP mult_6=8VH mult_7=HGY mult_8=F6B adder_1=0MH adder_4=0EM adder_6=02E
sc_cfg563,39.126127,40.730491,41.075922,4.1005,4.9834,mult_1=8VH mult_5=HGP mult_6=DAE mult_7=HGP mult_8=8VH adder_0=0Q7 adder_1=0MH adder_6=0MH
sc_cfg1444,39.167988,39.600238,32.442370,1.1036,17.1712,mult_0=CK3 mult_2=5FA mult_4=CK3 mult_5=DAE mult_6=AQ1 mult_7=5FA mult_8=8VH adder_0=0M0 adder_2=0EM adder_3=0MH adder_4=0DL adder_6=0MH adder_7=0MH
sc_cfg214,39.367708,28.532075,28.336379,27.5242,28.0213,mult_0=HGY mult_1=CK3 mult_2=8VH mult_3=5FA mult_4=GPF mult_5=GPF adder_0=073 adder_2=0AV adder_6=073 adder_7=0MH
sc_cfg452,39.378971,41.712350,41.834930,5.9254,6.2367,mult_0=AQ1 mult_1=HGY mult_2=F6B mult_3=GPF mult_4=HGY mult_5=5FA mult_6=HGY mult_7=HGP mult_8=CK3 adder_0=0Q7 adder_1=0MH adder_2=02E adder_3=0DL adder_4=0Q7 adder_5=0AV adder_6=02E adder_7=0EM
sc_cfg707,39.434555,40.643435,39.469820,3.0655,0.0894,mult_0=GPF mult_1=AQ1 mult_2=8VH mult_3=8VH mult_4=8VH adder_3=0GK adder_4=0GK adder_5=0MH adder_7=0Q7
sc_cfg744,39.486611,43.034857,39.516728,8.9859,0.0763,mult_1=AQ1 mult_2=DAE mult_3=CK3 mult_4=8VH mult_6=HGY mult_7=CK3 mult_8=GPF adder_0=0EM adder_1=0EM adder_2=0EM adder_3=073 adder_5=0MH adder_6=0AV adder_7=0EM
sc_cfg87,39.624428,47.968216,39.657535,21.0572,0.0836,mult_1=HGY mult_2=GPF mult_3=8VH mult_4=HGY mult_5=GPF adder_4=0MH
sc_cfg1437,39.629651,32.591264,39.765656,17.7604,0.3432,mult_0=HGP mult_1=8VH mult_2=5FA mult_3=HGP mult_4=CK3 mult_6=CK3 mult_7=GPF mult_8=F6B adder_0=0DL adder_1=0M0 adder_2=0M0 adder_3=0EM adder_4=02E adder_5=0AV adder_6=0DL adder_7=02E
sc_cfg77,39.636159,43.119252,39.679028,8.7877,0.1082,mult_2=DAE mult_3=8VH mult_5=HGP mult_6=CK3 adder_0=0EM adder_1=0MH adder_2=0GK adder_3=0DL adder_5=0MH adder_6=0EM adder_7=0AV
sc_cfg583,39.774751,41.160079,33.026148,3.4829,16.9671,mult_0=F6B mult_1=DAE mult_4=HGP mult_5=HGP adder_1=0AV adder_3=073 adder_5=0DL adder_6=0MH adder_7=0MH
sc_cfg898,39.968242,38.011602,37.233497,4.8955,6.8423,mult_3=8VH mult_5=F6B mult_6=AQ1 mult_7=AQ1 mult_8=HGY adder_0=0M0 adder_1=0Q7 adder_2=0DL adder_3=0EM adder_4=0DL adder_5=0MH adder_6=0MH adder_7=0EM
sc_cfg975,39.980732,39.775528,40.041771,0.5133,0.1527,mult_0=AQ1 mult_1=HGP mult_2=F6B mult_3=HGY mult_4=HGY mult_5=8VH mult_6=HGP mult_8=HGY adder_0=073 adder_1=0Q7 adder_4=0DL adder_5=073
sc_cfg960,40.288611,34.484468,31.952792,14.4064,20.6903,mult_1=HGY mult_2=5FA mult_4=HGP mult_5=GPF mult_6=GPF mult_8=AQ1 adder_0=0Q7 adder_1=0GK adder_2=0EM adder_3=0MH adder_4=0AV adder_5=0MH adder_6=0DL adder_7=0MH
sc_cfg666,40.299804,37.507212,33.611635,6.9295,16.5960,mult_0=8VH mult_1=GPF mult_2=GPF mult_4=HGY mult_6=HGY adder_0=0Q7 adder_1=0M0 adder_3=0Q7 adder_5=0MH adder_6=073 adder_7=0MH
sc_cfg905,40.321789,40.868510,40.399186,1.3559,0.1919,mult_0=HGY mult_1=CK3 mult_2=5FA mult_3=CK3 mult_4=HGY mult_5=HGP mult_6=GPF mult_7=DAE mult_8=DAE adder_0=0Q7 adder_1=0Q7 adder_2=0Q7 adder_3=0EM adder_4=073 adder_5=0DL adder_6=073 adder_7=0AV
sc_cfg213,40.351355,41.146943,40.410659,1.9717,0.1470,mult_0=CK3 mult_1=8VH mult_2=HGP mult_3=CK3 mult_5=HGP mult_8=GPF adder_1=073 adder_2=0MH adder_3=0M0 adder_4=0GK adder_5=0AV adder_6=0EM adder_7=073
sc_cfg404,40.523148,38.916579,40.655865,3.9646,0.3275,mult_0=5FA mult_1=GPF mult_2=CK3 mult_4=CK3 mult_5=5FA mult_6=5FA mult_7=HGP adder_0=0Q7 adder_2=0DL adder_3=02E adder_5=0MH adder_6=0DL adder_7=0GK
sc_cfg1394,40.806596,39.538722,39.935809,3.1070,2.1339,mult_0=CK3 mult_2=5FA mult_3=GPF mult_4=CK3 mult_5=8VH mult_6=GPF mult_8=F6B adder_0=073 adder_1=0M0 adder_4=0EM adder_5=0Q7 adder_6=02E adder_7=0GK
sc_cfg782,40.829686,40.820602,40.809110,0.0222,0.0504,mult_1=5FA mult_2=8VH mult_3=CK3 mult_4=CK3 mult_5=HGP mult_7=CK3 mult_8=5FA adder_0=0EM adder_1=02E adder_2=0Q7 adder_3=0M0 adder_4=0EM adder_5=0EM adder_6=0EM adder_7=0GK
sc_cfg773,41.027072,43.597331,35.472872,6.2648,13.5379,mult_0=8VH mult_1=8VH mult_2=GPF mult_3=HGP mult_4=DAE mult_5=GPF mult_6=HGP mult_7=HGP mult_8=5FA adder_0=0M0 adder_1=0AV adder_2=02E adder_3=0Q7 adder_4=0MH adder_5=0DL adder_6=073 adder_7=02E
sc_cfg1617,41.212143,42.799987,42.613277,3.8529,3.3998,mult_1=HGY mult_2=8VH mult_4=AQ1 mult_5=8VH mult_6=HGP mult_8=DAE adder_0=02E adder_1=0MH adder_2=0GK adder_5=0DL adder_6=0MH adder_7=0DL
sc_cfg405,41.247531,43.652371,38.200132,5.8303,7.3881,mult_0=F6B mult_1=DAE mult_2=GPF mult_3=CK3 mult_4=HGY mult_5=GPF adder_1=073 adder_2=0M0 adder_3=073 adder_4=0MH adder_5=0M0 adder_7=02E
sc_cfg1225,41.307229,39.531797,39.665130,4.2981,3.9753,mult_0=CK3 mult_1=DAE mult_2=HGY mult_3=DAE mult_5=HGY mult_6=CK3 mult_7=DAE mult_8=AQ1 adder_0=0Q7 adder_2=0EM adder_3=0M0 adder_4=0M0 adder_6=0MH adder_7=0AV
sc_cfg1173,41.410021,39.759946,41.538673,3.9847,0.3107,mult_0=8VH mult_1=HGP mult_2=AQ1 mult_3=HGP mult_4=5FA mult_5=8VH mult_6=8VH mult_7=HGP mult_8=HGY adder_0=0DL adder_1=073 adder_2=0DL adder_3=0MH adder_4=0DL adder_5=02E adder_6=0MH adder_7=0Q7
sc_cfg1638,41.535907,41.489839,41.403448,0.1109,0.3189,mult_0=CK3 mult_2=CK3 mult_3=HGP mult_4=HGP mult_5=HGY mult_7=8VH mult_8=GPF adder_0=0GK adder_1=0M0 adder_3=0M0 adder_4=0DL adder_5=0DL adder_6=0DL adder_7=0EM
sc_cfg1062,41.566344,41.000589,39.294201,1.3611,5.4663,mult_0=GPF mult_1=HGP mult_4=DAE mult_5=8VH mult_6=GPF adder_0=0AV adder_1=0AV adder_2=0AV adder_4=0GK adder_5=0MH adder_6=0MH adder_7=0DL
sc_cfg943,41.630856,42.152194,41.723874,1.2523,0.2234,mult_0=5FA mult_1=CK3 mult_2=CK3 mult_3=8VH mult_4=HGP mult_5=AQ1 mult_6=CK3 mult_7=HGP mult_8=HGP adder_0=0AV adder_1=0DL adder_2=0MH adder_3=0EM adder_4=0M0 adder_5=0GK adder_6=073 adder_7=073
sc_cfg1587,41.775133,31.547191,32.399618,24.4833,22.4428,mult_0=CK3 mult_3=8VH mult_4=CK3 mult_6=GPF mult_7=8VH mult_8=8VH adder_1=0AV adder_2=0DL adder_3=0DL adder_5=073 adder_6=0GK adder_7=0MH
sc_cfg1172,41.815412,43.960149,42.088055,5.1291,0.6520,mult_0=8VH mult_1=HGY mult_2=5FA mult_4=8VH mult_6=AQ1 mult_8=CK3 adder_0=0MH adder_1=0MH adder_3=02E adder_5=0EM adder_6=0MH adder_7=0EM
sc_cfg621,41.883520,41.932236,43.317198,0.1163,3.4230,mult_1=AQ1 mult_2=DAE mult_4=HGY mult_5=CK3 mult_6=5FA mult_7=DAE mult_8=HGY adder_0=0DL adder_1=0M0 adder_2=0GK adder_3=0M0 adder_4=0MH adder_5=0MH adder_6=0EM adder_7=0MH
sc_cfg376,41.887030,51.099845,41.923222,21.9944,0.0864,mult_1=HGP mult_2=8VH mult_4=GPF mult_5=GPF mult_6=DAE mult_7=AQ1 mult_8=HGP adder_0=0DL adder_1=0GK adder_2=0AV adder_3=0Q7 adder_4=0MH adder_5=0MH adder_6=0Q7 adder_7=0M0
sc_cfg1362,41.956866,50.274687,44.761375,19.8247,6.6843,mult_0=HGY mult_1=AQ1 mult_2=HGP mult_3=HGP mult_4=AQ1 mult_5=8VH mult_6=5FA mult_7=5FA mult_8=DAE adder_0=0AV adder_1=02E adder_2=073 adder_3=02E adder_4=073 adder_5=0MH adder_6=0MH adder_7=0AV
sc_cfg1075,42.114101,42.413442,42.120186,0.7108,0.0144,mult_2=HGP mult_3=8VH mult_4=CK3 mult_5=GPF mult_6=8VH mult_7=5FA mult_8=DAE adder_0=0M0 adder_4=0M0 adder_5=0DL adder_6=0M0
sc_cfg1505,42.215300,34.998248,33.890155,17.0958,19.7207,mult_0=F6B mult_2=5FA mult_3=GPF mult_4=DAE mult_5=HGY mult_6=AQ1 mult_7=HGY adder_0=0GK adder_2=0EM adder_3=0MH adder_4=073 adder_5=0MH adder_6=0DL adder_7=0MH
sc_cfg117,42.242107,42.946525,42.217652,1.6676,0.0579,mult_1=F6B mult_2=HGP mult_3=8VH mult_4=8VH mult_5=CK3 mult_6=5FA mult_7=8VH mult_8=F6B adder_0=0EM adder_1=02E adder_3=0AV adder_5=0GK adder_6=0DL
sc_cfg1449,42.248711,35.445211,35.979816,16.1035,14.8381,mult_0=5FA mult_1=F6B mult_2=HGY mult_3=F6B mult_4=HGP mult_6=AQ1 mult_8=8VH adder_1=073 adder_2=0Q7 adder_5=0MH adder_6=0DL adder_7=0MH
sc_cfg777,42.282138,44.160645,44.133141,4.4428,4.3777,mult_0=HGY mult_1=GPF mult_2=HGP mult_4=GPF mult_6=HGP mult_8=GPF adder_1=073 adder_2=0M0 adder_3=0M0 adder_4=0DL adder_5=0AV adder_6=0MH adder_7=0Q7
sc_cfg1501,42.364669,43.939705,43.901399,3.7178,3.6274,mult_1=CK3 mult_2=HGP mult_3=AQ1 mult_4=DAE mult_5=HGY mult_6=CK3 mult_7=F6B mult_8=8VH adder_1=0M0 adder_2=0Q7 adder_3=0AV adder_4=0AV adder_5=0AV adder_6=0MH
sc_cfg1369,42.369172,43.242960,49.160912,2.0623,16.0299,mult_0=HGP mult_2=HGP mult_3=CK3 mult_4=HGY mult_6=HGY mult_7=F6B mult_8=HGY adder_0=0M0 adder_1=073 adder_2=0DL adder_3=0GK adder_4=0EM adder_5=02E adder_6=0MH adder_7=0AV
sc_cfg1256,42.484800,59.072570,50.448467,39.0440,18.7447,mult_0=AQ1 mult_1=HGY mult_2=CK3 mult_3=CK3 mult_4=GPF mult_5=AQ1 mult_6=GPF mult_7=5FA mult_8=5FA adder_0=073 adder_1=0Q7 adder_2=0MH adder_3=0M0 adder_4=0MH adder_5=0DL adder_6=0MH
sc_cfg161,42.838089,35.897755,35.912755,16.2013,16.1663,mult_0=5FA mult_1=CK3 mult_2=HGP mult_3=F6B mult_4=F6B mult_5=5FA mult_6=CK3 mult_7=HGY mult_8=HGY adder_0=0EM adder_1=0DL adder_2=0MH adder_3=0GK adder_4=073 adder_5=0DL adder_6=0EM adder_7=0MH
sc_cfg206,42.887254,44.946165,45.046787,4.8008,5.0354,mult_1=CK3 mult_2=HGP mult_4=HGY mult_6=HGP mult_7=AQ1 mult_8=HGP adder_0=073 adder_1=0GK adder_2=0MH adder_6=0MH
sc_cfg863,43.250661,44.163425,44.173399,2.1104,2.1335,mult_0=8VH mult_2=GPF mult_3=DAE mult_4=HGP mult_6=8VH mult_7=CK3 mult_8=GPF adder_0=0DL adder_1=0AV adder_2=0AV adder_3=0Q7 adder_4=073 adder_6=0MH
sc_cfg750,43.522447,30.869355,31.038692,29.0726,28.6835,mult_0=8VH mult_2=F6B mult_3=HGP mult_4=HGP mult_5=5FA mult_6=HGY mult_7=AQ1 mult_8=5FA adder_0=0EM adder_1=0MH adder_2=0M0 adder_3=0EM adder_4=0DL adder_5=0Q7 adder_6=0DL adder_7=0MH
sc_cfg1022,43.887818,52.340383,43.942046,19.2595,0.1236,mult_0=DAE mult_1=GPF mult_2=GPF mult_3=8VH mult_4=8VH mult_5=F6B mult_6=CK3 mult_7=8VH mult_8=F6B adder_0=02E adder_1=0Q7 adder_2=0M0 adder_4=0MH adder_5=0EM adder_7=073
sc_cfg146,44.278150,41.941651,46.560747,5.2769,5.1551,mult_0=8VH mult_1=AQ1 mult_2=F6B mult_3=CK3 mult_5=CK3 mult_6=HGY mult_7=HGY mult_8=HGP adder_0=0DL adder_1=0DL adder_2=0AV adder_3=073 adder_4=0GK adder_5=0Q7 adder_6=0MH adder_7=0DL
sc_cfg391,44.337705,56.122086,55.985551,26.5787,26.2707,mult_0=DAE mult_1=8VH mult_2=GPF mult_3=CK3 mult_4=HGP mult_5=CK3 mult_7=F6B mult_8=CK3 adder_0=0AV adder_1=0M0 adder_4=073 adder_5=0DL adder_6=0MH adder_7=0M0
sc_cfg538,44.760177,45.054520,44.737550,0.6576,0.0506,mult_0=HGY mult_1=F6B mult_2=CK3 mult_3=8VH mult_4=8VH mult_5=HGP mult_6=8VH mult_8=AQ1 adder_1=0DL adder_2=0DL adder_3=0Q7 adder_4=073 adder_5=0DL adder_6=0M0 adder_7=0M0
sc_cfg1011,45.401514,55.561805,46.207678,22.3788,1.7756,mult_0=GPF mult_1=DAE mult_2=HGP mult_3=8VH mult_4=GPF mult_5=F6B mult_6=AQ1 mult_7=HGY mult_8=HGY adder_0=0AV adder_1=0EM adder_2=0M0 adder_3=0DL adder_4=0MH adder_5=0MH adder_6=0Q7 adder_7=0GK
sc_cfg1408,45.443455,36.589841,42.333029,19.4827,6.8446,mult_3=GPF mult_5=8VH mult_6=AQ1 mult_7=HGY adder_2=0MH adder_4=02E adder_5=0MH adder_6=0DL adder_7=0MH
sc_cfg1512,45.461802,35.282382,35.403466,22.3911,22.1248,mult_0=5FA mult_1=HGY mult_2=AQ1 mult_3=GPF mult_4=HGP mult_5=5FA mult_6=HGY mult_7=8VH adder_0=0DL adder_1=0MH adder_2=0AV adder_3=02E adder_4=0M0 adder_5=0AV adder_6=0EM adder_7=0MH
sc_cfg1404,45.964100,46.026642,46.192362,0.1361,0.4966,mult_0=5FA mult_1=F6B mult_2=HGY mult_3=8VH mult_4=CK3 mult_5=GPF mult_6=HGP mult_7=HGP mult_8=5FA adder_0=0GK adder_1=073 adder_2=0MH adder_3=0Q7 adder_4=0DL adder_5=0M0 adder_6=0M0 adder_7=0DL
sc_cfg866,46.076904,34.078942,33.873587,26.0390,26.4847,mult_0=5FA mult_1=DAE mult_2=DAE mult_3=HGY mult_4=GPF mult_5=GPF mult_7=HGP adder_0=0DL adder_1=0GK adder_2=0AV adder_3=02E adder_6=073 adder_7=0MH
sc_cfg1085,46.144991,48.339102,47.374684,4.7548,2.6648,mult_0=HGY mult_1=HGP mult_2=HGY mult_3=GPF mult_4=CK3 mult_5=GPF mult_6=CK3 mult_8=8VH adder_0=0MH adder_1=02E adder_2=0GK adder_6=0GK adder_7=0EM
sc_cfg857,46.328437,35.350146,34.012310,23.6967,26.5844,mult_1=GPF mult_2=GPF mult_3=CK3 mult_4=HGY mult_6=5FA mult_7=8VH mult_8=F6B adder_0=0GK adder_2=0M0 adder_3=0GK adder_5=0GK adder_6=073 adder_7=0MH
sc_cfg1229,46.474036,35.544374,33.286124,23.5178,28.3769,mult_0=HGP mult_2=HGY mult_4=DAE mult_5=F6B mult_6=HGY mult_8=F6B adder_0=0DL adder_1=0GK adder_2=0MH adder_4=0MH adder_5=073 adder_6=0Q7 adder_7=0MH
sc_cfg1430,46.630943,48.808556,48.806865,4.6699,4.6663,mult_0=F6B mult_1=F6B mult_2=GPF mult_3=CK3 mult_4=HGY mult_5=8VH mult_6=HGY mult_7=F6B mult_8=8VH adder_0=0EM adder_1=0AV adder_2=02E adder_3=0M0 adder_4=0Q7 adder_5=0EM adder_6=0AV adder_7=0GK
sc_cfg362,46.639514,53.589272,46.677472,14.9010,0.0814,mult_0=HGP mult_3=HGY mult_4=HGP mult_5=8VH mult_6=8VH mult_7=F6B mult_8=8VH adder_0=0DL adder_1=0MH adder_2=0EM adder_3=02E adder_4=0DL adder_5=0MH adder_6=073 adder_7=0EM
sc_cfg281,46.921927,52.944335,46.962470,12.8350,0.0864,mult_0=AQ1 mult_1=CK3 mult_2=GPF mult_3=5FA mult_4=GPF mult_5=GPF mult_6=AQ1 mult_7=GPF mult_8=AQ1 adder_0=0EM adder_1=0GK adder_2=0EM adder_3=02E adder_4=0MH adder_5=0MH adder_7=0M0
sc_cfg723,48.592096,49.122228,48.607005,1.0910,0.0307,mult_0=DAE mult_1=HGY mult_2=HGY mult_3=HGY mult_4=8VH mult_5=8VH mult_6=8VH mult_7=HGP adder_1=073 adder_3=0EM adder_4=0GK adder_6=0M0
sc_cfg946,49.564577,53.768125,54.410285,8.4810,9.7766,mult_0=HGY mult_1=DAE mult_2=8VH mult_3=GPF mult_4=CK3 mult_5=8VH mult_6=HGP mult_7=GPF mult_8=HGP adder_0=0MH adder_1=0MH adder_3=02E adder_4=0GK adder_5=0Q7 adder_6=0MH
sc_cfg660,51.100392,51.134940,41.250527,0.0676,19.2755,mult_0=AQ1 mult_1=F6B mult_2=AQ1 mult_3=CK3 mult_4=HGP mult_5=GPF mult_6=8VH mult_7=HGP mult_8=8VH adder_0=0MH adder_1=0AV adder_2=02E adder_3=0Q7 adder_4=0MH adder_5=0GK adder_6=0GK adder_7=0MH
